RA,Fase,Turma,Nome,Data de Nasc,Idade,Gênero,Ano ingresso,Instituição de ensino,Pedra,INDE,Nº Av,IAA,IEG,IPS,Rec Psicologia,IDA,Mat,Por,Ing,Indicado,Atingiu PV,IPV,IAN,Fase Ideal,Defasagem,IPP,Ano_Referencia,Instituicao_cat,Fase_num,Indicado_flag,Atingiu_PV_flag,nivel_risco,faixa_IEG,faixa_IAA,faixa_IPS,faixa_INDE
RA-1,7,A,Aluno-1,2003-01-01,19.0,Feminino,2016,Escola Pública,Quartzo,5.783,4.0,8.3,4.1,5.6,Requer avaliação,4.0,2.7,3.5,6.0,Sim,Não,7.278,5.0,Fase 8 (Universitários),-1,,2022,Pública,7,1.0,0.0,Risco moderado,Baixo,Média,Baixo,Baixo
RA-2,7,A,Aluno-2,2005-01-01,17.0,Feminino,2017,Rede Decisão,Ametista,7.055,4.0,8.8,5.2,6.3,Sem limitações,6.8,6.3,4.5,9.7,Não,Não,6.778,10.0,Fase 7 (3º EM),0,,2022,Outros,7,0.0,0.0,Sem risco,Baixo,Média,Médio,Médio
RA-3,7,A,Aluno-3,2005-01-01,17.0,Feminino,2016,Rede Decisão,Ágata,6.591,4.0,0.0,7.9,5.6,Sem limitações,5.6,5.8,4.0,6.9,Não,Não,7.556,10.0,Fase 7 (3º EM),0,,2022,Outros,7,0.0,0.0,Sem risco,Médio,Baixa,Baixo,Baixo
RA-4,7,A,Aluno-4,2005-01-01,17.0,Masculino,2017,Rede Decisão,Quartzo,5.951,4.0,8.8,4.5,5.6,Requer avaliação,5.0,2.8,3.5,8.7,Não,Não,5.278,10.0,Fase 7 (3º EM),0,,2022,Outros,7,0.0,0.0,Sem risco,Baixo,Média,Baixo,Baixo
RA-5,7,A,Aluno-5,2005-01-01,17.0,Feminino,2016,Rede Decisão,Ametista,7.427,4.0,7.9,8.6,5.6,Requer avaliação,5.2,7.0,2.9,5.7,Não,Não,7.389,10.0,Fase 7 (3º EM),0,,2022,Outros,7,0.0,0.0,Sem risco,Médio,Baixa,Baixo,Médio
RA-6,7,A,Aluno-6,2004-01-01,18.0,Feminino,2021,Escola Pública,Quartzo,5.848,4.0,7.9,4.5,7.5,Sem limitações,3.3,2.3,5.3,2.3,Sim,Não,7.222,5.0,Fase 8 (Universitários),-1,,2022,Pública,7,1.0,0.0,Risco moderado,Baixo,Baixa,Médio,Baixo
RA-7,7,A,Aluno-7,2004-01-01,18.0,Masculino,2017,Rede Decisão,Ágata,6.818,4.0,0.0,8.4,7.5,Sem limitações,7.6,8.2,5.7,9.0,Não,Não,7.667,5.0,Fase 8 (Universitários),-1,,2022,Outros,7,0.0,0.0,Risco moderado,Médio,Baixa,Médio,Baixo
RA-8,7,A,Aluno-8,2002-01-01,20.0,Feminino,2018,Escola Pública,Quartzo,4.786,4.0,7.1,4.6,6.3,Requer avaliação,1.6,1.2,0.7,2.9,Não,Não,6.278,5.0,Fase 8 (Universitários),-1,,2022,Pública,7,0.0,0.0,Risco moderado,Baixo,Baixa,Médio,Baixo
RA-9,7,A,Aluno-9,2004-01-01,18.0,Feminino,2019,Escola Pública,Topázio,8.109,4.0,8.8,9.5,7.5,Sem limitações,6.7,5.5,6.0,8.7,Sim,Sim,9.5,5.0,Fase 8 (Universitários),-1,,2022,Pública,7,1.0,1.0,Risco moderado,Alto,Média,Médio,Alto
RA-10,7,A,Aluno-10,2004-01-01,18.0,Feminino,2021,Escola Pública,Quartzo,5.784,4.0,8.3,5.2,5.0,Requer avaliação,4.1,3.3,2.6,6.4,Não,Não,7.056,5.0,Fase 8 (Universitários),-1,,2022,Pública,7,0.0,0.0,Risco moderado,Baixo,Média,Baixo,Baixo
RA-11,7,A,Aluno-11,2004-01-01,18.0,Feminino,2016,Escola Pública,Quartzo,5.323,4.0,9.2,4.2,5.0,Requer avaliação,3.0,1.8,2.5,4.5,Não,Não,6.389,5.0,Fase 8 (Universitários),-1,,2022,Pública,7,0.0,0.0,Risco moderado,Baixo,Alta,Baixo,Baixo
RA-12,7,A,Aluno-12,2005-01-01,17.0,Feminino,2020,Escola Pública,Quartzo,4.832,4.0,0.0,4.0,6.9,Sem limitações,1.5,2.7,1.1,0.7,Sim,Não,6.389,10.0,Fase 7 (3º EM),0,,2022,Pública,7,1.0,0.0,Sem risco,Baixo,Baixa,Médio,Baixo
RA-13,7,A,Aluno-13,2004-01-01,18.0,Masculino,2016,Escola Pública,Ágata,6.902,4.0,7.9,7.4,7.5,Sem limitações,4.7,3.5,5.5,5.2,Sim,Não,8.056,5.0,Fase 8 (Universitários),-1,,2022,Pública,7,1.0,0.0,Risco moderado,Baixo,Baixa,Médio,Baixo
RA-14,7,D,Aluno-14,2001-01-01,21.0,Masculino,2022,Escola Pública,Ágata,6.793,4.0,7.9,8.3,7.5,Não atendido,4.0,8.0,0.0,,Sim,Não,7.75,5.0,Fase 8 (Universitários),-1,,2022,Pública,7,1.0,0.0,Risco moderado,Médio,Baixa,Médio,Baixo
RA-15,7,D,Aluno-15,2004-01-01,18.0,Masculino,2022,Escola Pública,Ametista,7.783,4.0,8.8,10.0,7.5,Não atendido,7.3,8.0,6.5,,Sim,Não,7.292,5.0,Fase 8 (Universitários),-1,,2022,Pública,7,1.0,0.0,Risco moderado,Alto,Média,Médio,Alto
RA-16,7,D,Aluno-16,2003-01-01,19.0,Masculino,2022,Escola Pública,Ágata,6.112,4.0,7.9,8.3,5.0,Requer avaliação,3.5,7.0,0.0,,Sim,Não,6.333,5.0,Fase 8 (Universitários),-1,,2022,Pública,7,1.0,0.0,Risco moderado,Médio,Baixa,Baixo,Baixo
RA-17,7,D,Aluno-17,2002-01-01,20.0,Masculino,2022,Escola Pública,Topázio,8.068,4.0,8.8,10.0,7.5,Não atendido,7.8,9.0,6.5,,Sim,Não,8.292,5.0,Fase 8 (Universitários),-1,,2022,Pública,7,1.0,0.0,Risco moderado,Alto,Média,Médio,Alto
RA-18,7,D,Aluno-18,2003-01-01,19.0,Masculino,2022,Escola Pública,Ametista,7.226,4.0,6.3,8.7,6.3,Requer avaliação,9.0,9.0,9.0,,Sim,Não,6.875,5.0,Fase 8 (Universitários),-1,,2022,Pública,7,1.0,0.0,Risco moderado,Médio,Baixa,Médio,Médio
RA-19,7,D,Aluno-19,2003-01-01,19.0,Feminino,2022,Escola Pública,Ametista,7.665,4.0,7.9,9.5,7.5,Sem limitações,8.0,7.0,9.0,,Sim,Não,7.0,5.0,Fase 8 (Universitários),-1,,2022,Pública,7,1.0,0.0,Risco moderado,Alto,Baixa,Médio,Médio
RA-20,7,D,Aluno-20,2003-01-01,19.0,Feminino,2022,Escola Pública,Ametista,7.535,4.0,7.1,10.0,6.3,Não atendido,7.8,9.0,6.5,,Sim,Não,7.167,5.0,Fase 8 (Universitários),-1,,2022,Pública,7,1.0,0.0,Risco moderado,Alto,Baixa,Médio,Médio
RA-21,7,D,Aluno-21,2004-01-01,18.0,Masculino,2022,Escola Pública,Ágata,6.945,4.0,9.6,9.2,7.5,Não atendido,3.8,7.0,0.5,,Sim,Não,7.25,5.0,Fase 8 (Universitários),-1,,2022,Pública,7,1.0,0.0,Risco moderado,Alto,Alta,Médio,Médio
RA-22,6,A,Aluno-22,2005-01-01,17.0,Feminino,2019,Rede Decisão,Ametista,7.474,4.0,8.3,7.4,8.1,Sem limitações,6.7,9.0,3.1,7.8,Não,Sim,8.833,5.0,Fase 7 (3º EM),-1,,2022,Outros,6,0.0,1.0,Risco moderado,Baixo,Média,Alto,Médio
RA-23,6,A,Aluno-23,2005-01-01,17.0,Masculino,2021,Escola Pública,Ametista,7.677,4.0,8.3,8.2,8.1,Sem limitações,6.7,7.2,4.7,8.2,Sim,Sim,8.556,5.0,Fase 7 (3º EM),-1,,2022,Pública,6,1.0,1.0,Risco moderado,Médio,Média,Alto,Médio
RA-24,6,A,Aluno-24,2005-01-01,17.0,Feminino,2021,Rede Decisão,Topázio,8.087,4.0,9.2,7.9,6.9,Requer avaliação,8.6,10.0,6.3,9.7,Não,Sim,9.111,5.0,Fase 7 (3º EM),-1,,2022,Outros,6,0.0,1.0,Risco moderado,Médio,Alta,Médio,Alto
RA-25,6,A,Aluno-25,2005-01-01,17.0,Feminino,2021,Escola Pública,Ametista,7.979,4.0,8.3,8.3,8.8,Sem limitações,6.9,9.2,3.8,7.7,Sim,Sim,9.667,5.0,Fase 7 (3º EM),-1,,2022,Pública,6,1.0,1.0,Risco moderado,Médio,Média,Alto,Alto
RA-26,6,A,Aluno-26,2005-01-01,17.0,Masculino,2022,Escola Pública,Topázio,8.677,4.0,9.6,8.8,10.0,Sem limitações,8.0,9.5,4.4,10.0,Sim,Sim,10.0,5.0,Fase 7 (3º EM),-1,,2022,Pública,6,1.0,1.0,Risco moderado,Médio,Alta,Alto,Alto
RA-27,6,A,Aluno-27,2005-01-01,17.0,Masculino,2016,Rede Decisão,Ametista,7.124,4.0,0.0,7.6,8.1,Sem limitações,8.0,7.7,6.3,10.0,Não,Sim,9.111,5.0,Fase 7 (3º EM),-1,,2022,Outros,6,0.0,1.0,Risco moderado,Baixo,Baixa,Alto,Médio
RA-28,6,A,Aluno-28,2005-01-01,17.0,Feminino,2019,Escola Pública,Ágata,6.242,4.0,7.9,6.1,7.5,Requer avaliação,5.0,8.2,1.5,5.3,Não,Não,6.333,5.0,Fase 7 (3º EM),-1,,2022,Pública,6,0.0,0.0,Risco moderado,Baixo,Baixa,Médio,Baixo
RA-29,6,A,Aluno-29,2005-01-01,17.0,Masculino,2022,Escola Pública,Quartzo,4.985,4.0,0.0,4.0,8.8,Requer avaliação,3.7,6.3,1.1,3.8,Sim,Não,7.611,5.0,Fase 7 (3º EM),-1,,2022,Pública,6,1.0,0.0,Risco moderado,Baixo,Baixa,Alto,Baixo
RA-30,6,A,Aluno-30,2006-01-01,16.0,Feminino,2021,Escola Pública,Ametista,7.605,4.0,8.8,6.4,7.5,Sem limitações,7.5,8.5,4.4,9.7,Não,Não,7.333,10.0,Fase 6 (2º EM),0,,2022,Pública,6,0.0,0.0,Sem risco,Baixo,Média,Médio,Médio
RA-31,6,A,Aluno-31,2005-01-01,17.0,Feminino,2019,Rede Decisão,Topázio,8.843,4.0,10.0,9.5,9.4,Sem limitações,8.0,9.0,5.7,9.3,Não,Sim,10.0,5.0,Fase 7 (3º EM),-1,,2022,Outros,6,0.0,1.0,Risco moderado,Alto,Alta,Alto,Alto
RA-32,6,A,Aluno-32,2006-01-01,16.0,Feminino,2018,Rede Decisão,Ametista,7.37,4.0,8.8,5.2,8.8,Sem limitações,6.1,5.7,3.6,8.9,Não,Não,7.944,10.0,Fase 6 (2º EM),0,,2022,Outros,6,0.0,0.0,Sem risco,Baixo,Média,Alto,Médio
RA-33,6,A,Aluno-33,2005-01-01,17.0,Feminino,2020,Escola Pública,Quartzo,4.952,4.0,0.0,4.6,7.5,Sem limitações,4.8,9.0,1.6,3.7,Não,Não,6.0,5.0,Fase 7 (3º EM),-1,,2022,Pública,6,0.0,0.0,Risco moderado,Baixo,Baixa,Médio,Baixo
RA-34,6,A,Aluno-34,2005-01-01,17.0,Masculino,2016,Rede Decisão,Ágata,6.259,4.0,9.6,4.8,8.1,Sem limitações,3.8,4.7,4.0,2.8,Não,Não,7.278,5.0,Fase 7 (3º EM),-1,,2022,Outros,6,0.0,0.0,Risco moderado,Baixo,Alta,Alto,Baixo
RA-35,6,A,Aluno-35,2005-01-01,17.0,Feminino,2019,Rede Decisão,Topázio,8.965,4.0,10.0,9.6,9.4,Sem limitações,8.5,9.0,7.1,9.3,Não,Sim,10.0,5.0,Fase 7 (3º EM),-1,,2022,Outros,6,0.0,1.0,Risco moderado,Alto,Alta,Alto,Alto
RA-36,6,A,Aluno-36,2005-01-01,17.0,Feminino,2019,Rede Decisão,Ametista,7.876,4.0,9.2,9.0,6.9,Sem limitações,6.8,8.5,4.3,7.8,Não,Sim,8.944,5.0,Fase 7 (3º EM),-1,,2022,Outros,6,0.0,1.0,Risco moderado,Médio,Alta,Médio,Alto
RA-37,6,A,Aluno-37,2005-01-01,17.0,Feminino,2019,Rede Decisão,Quartzo,4.95,4.0,0.0,5.4,5.0,Sem limitações,5.9,2.3,5.3,10.0,Não,Não,5.222,5.0,Fase 7 (3º EM),-1,,2022,Outros,6,0.0,0.0,Risco moderado,Baixo,Baixa,Baixo,Baixo
RA-38,6,A,Aluno-38,2005-01-01,17.0,Feminino,2017,Rede Decisão,Topázio,8.523,4.0,9.2,8.9,7.5,Não indicado,8.6,9.0,7.0,9.7,Não,Sim,9.833,5.0,Fase 7 (3º EM),-1,,2022,Outros,6,0.0,1.0,Risco moderado,Médio,Alta,Médio,Alto
RA-39,6,A,Aluno-39,2006-01-01,16.0,Feminino,2017,Rede Decisão,Ágata,6.033,4.0,0.0,4.8,6.9,Requer avaliação,6.9,7.7,5.1,7.8,Não,Não,6.111,10.0,Fase 6 (2º EM),0,,2022,Outros,6,0.0,0.0,Sem risco,Baixo,Baixa,Médio,Baixo
RA-40,5,A,Aluno-40,2006-01-01,16.0,Feminino,2016,Rede Decisão,Ametista,7.203,3.0,7.9,7.8,7.5,Sem limitações,6.8,4.7,7.3,8.4,Não,Não,7.75,5.0,Fase 6 (2º EM),-1,,2022,Outros,5,0.0,0.0,Risco moderado,Baixo,Baixa,Médio,Médio
RA-41,5,A,Aluno-41,2005-01-01,17.0,Masculino,2018,Escola Pública,Quartzo,5.581,3.0,9.2,6.1,5.0,Requer avaliação,5.6,6.3,2.5,8.0,Não,Não,4.375,5.0,Fase 7 (3º EM),-2,,2022,Pública,5,0.0,0.0,Risco moderado,Baixo,Alta,Baixo,Baixo
RA-42,5,A,Aluno-42,2007-01-01,15.0,Masculino,2019,Rede Decisão,Ágata,6.72,3.0,8.3,7.9,5.6,Requer avaliação,4.8,3.7,4.5,6.2,Não,Não,6.083,10.0,Fase 5 (1º EM),0,,2022,Outros,5,0.0,0.0,Sem risco,Médio,Média,Baixo,Baixo
RA-43,5,A,Aluno-43,2006-01-01,16.0,Feminino,2019,Escola Pública,Quartzo,5.486,3.0,6.3,6.5,5.6,Requer avaliação,4.3,4.0,5.8,3.2,Não,Não,5.958,5.0,Fase 6 (2º EM),-1,,2022,Pública,5,0.0,0.0,Risco moderado,Baixo,Baixa,Baixo,Baixo
RA-44,5,A,Aluno-44,2005-01-01,17.0,Feminino,2021,Escola Pública,Quartzo,5.542,3.0,5.0,5.9,7.5,Sem limitações,3.0,2.3,3.5,3.2,Sim,Não,7.292,5.0,Fase 7 (3º EM),-2,,2022,Pública,5,1.0,0.0,Risco moderado,Baixo,Baixa,Médio,Baixo
RA-45,5,A,Aluno-45,2007-01-01,15.0,Feminino,2019,Rede Decisão,Ametista,7.591,3.0,7.9,8.9,5.6,Requer avaliação,6.8,6.3,5.2,8.8,Não,Não,7.417,10.0,Fase 5 (1º EM),0,,2022,Outros,5,0.0,0.0,Sem risco,Médio,Baixa,Baixo,Médio
RA-46,5,A,Aluno-46,2005-01-01,17.0,Feminino,2022,Escola Pública,Ágata,6.048,3.0,8.8,8.4,6.3,Sem limitações,2.1,2.8,2.8,0.7,Não,Não,7.083,5.0,Fase 7 (3º EM),-2,,2022,Pública,5,0.0,0.0,Risco moderado,Médio,Média,Médio,Baixo
RA-47,5,A,Aluno-47,2005-01-01,17.0,Feminino,2022,Escola Pública,Quartzo,5.677,3.0,7.9,6.3,7.5,Sem limitações,2.1,2.5,2.2,1.5,Não,Não,7.042,5.0,Fase 7 (3º EM),-2,,2022,Pública,5,0.0,0.0,Risco moderado,Baixo,Baixa,Médio,Baixo
RA-48,5,A,Aluno-48,2007-01-01,15.0,Feminino,2017,Rede Decisão,Ametista,8.006,3.0,6.7,8.4,7.5,Sem limitações,8.1,6.7,8.0,9.5,Não,Sim,8.5,10.0,Fase 5 (1º EM),0,,2022,Outros,5,0.0,1.0,Sem risco,Médio,Baixa,Médio,Alto
RA-49,5,A,Aluno-49,2005-01-01,17.0,Feminino,2022,Escola Pública,Ágata,6.304,3.0,7.5,7.4,7.5,Sem limitações,3.9,1.5,4.2,6.2,Não,Não,7.042,5.0,Fase 7 (3º EM),-2,,2022,Pública,5,0.0,0.0,Risco moderado,Baixo,Baixa,Médio,Baixo
RA-50,5,A,Aluno-50,2004-01-01,18.0,Feminino,2022,Escola Pública,Ametista,7.138,3.0,7.5,8.4,7.5,Sem limitações,7.8,6.5,7.3,9.7,Não,Não,7.542,2.5,Fase 8 (Universitários),-3,,2022,Pública,5,0.0,0.0,Alto risco,Médio,Baixa,Médio,Médio
RA-51,5,B,Aluno-51,2005-01-01,17.0,Feminino,2022,Escola Pública,Ágata,6.488,3.0,8.8,7.6,7.5,Não atendido,5.0,4.5,4.5,6.0,Não,Não,6.5,5.0,Fase 7 (3º EM),-2,,2022,Pública,5,0.0,0.0,Risco moderado,Baixo,Média,Médio,Baixo
RA-52,5,B,Aluno-52,2009-01-01,13.0,Masculino,2018,Rede Decisão,Ametista,7.861,3.0,9.6,8.9,7.5,Não atendido,6.2,3.3,6.3,8.8,Não,Não,7.5,10.0,Fase 3 (7º e 8º ano),2,,2022,Outros,5,0.0,0.0,Sem risco,Médio,Alta,Médio,Alto
RA-53,5,B,Aluno-53,2005-01-01,17.0,Masculino,2022,Escola Pública,Ágata,6.725,3.0,9.2,7.0,7.5,Não atendido,7.0,6.0,8.0,,Não,Não,6.458,5.0,Fase 7 (3º EM),-2,,2022,Pública,5,0.0,0.0,Risco moderado,Baixo,Alta,Médio,Baixo
RA-54,5,B,Aluno-54,2006-01-01,16.0,Feminino,2022,Escola Pública,Ágata,6.058,3.0,7.9,6.9,7.5,Não atendido,4.8,3.0,6.5,,Não,Não,6.125,5.0,Fase 6 (2º EM),-1,,2022,Pública,5,0.0,0.0,Risco moderado,Baixo,Baixa,Médio,Baixo
RA-55,5,B,Aluno-55,2006-01-01,16.0,Feminino,2017,Escola Pública,Ágata,6.576,3.0,7.1,7.6,5.6,Requer avaliação,7.5,6.7,7.8,7.9,Não,Não,6.5,5.0,Fase 6 (2º EM),-1,,2022,Pública,5,0.0,0.0,Risco moderado,Baixo,Baixa,Baixo,Baixo
RA-56,5,B,Aluno-56,2007-01-01,15.0,Feminino,2019,Rede Decisão,Topázio,8.404,3.0,10.0,10.0,7.5,Sem limitações,7.0,4.5,6.5,10.0,Não,Não,8.25,10.0,Fase 5 (1º EM),0,,2022,Outros,5,0.0,0.0,Sem risco,Alto,Alta,Médio,Alto
RA-57,5,B,Aluno-57,2006-01-01,16.0,Masculino,2017,Rede Decisão,Ametista,7.305,3.0,7.1,8.1,5.6,Requer avaliação,8.4,9.0,7.0,9.3,Não,Não,7.875,5.0,Fase 6 (2º EM),-1,,2022,Outros,5,0.0,0.0,Risco moderado,Médio,Baixa,Baixo,Médio
RA-58,5,B,Aluno-58,2007-01-01,15.0,Masculino,2017,Rede Decisão,Topázio,8.136,3.0,9.6,9.2,6.3,Sem limitações,7.2,4.5,8.0,9.0,Não,Não,8.125,10.0,Fase 5 (1º EM),0,,2022,Outros,5,0.0,0.0,Sem risco,Alto,Alta,Médio,Alto
RA-59,5,B,Aluno-59,2005-01-01,17.0,Masculino,2022,Escola Pública,Ametista,7.642,3.0,9.2,9.3,7.5,Não atendido,7.2,7.0,5.7,8.8,Não,Não,7.917,5.0,Fase 7 (3º EM),-2,,2022,Pública,5,0.0,0.0,Risco moderado,Alto,Alta,Médio,Médio
RA-60,5,B,Aluno-60,2004-01-01,18.0,Feminino,2021,Escola Pública,Quartzo,5.537,3.0,6.7,6.0,7.5,Não atendido,4.9,5.0,6.2,3.5,Não,Não,6.167,2.5,Fase 8 (Universitários),-3,,2022,Pública,5,0.0,0.0,Alto risco,Baixo,Baixa,Médio,Baixo
RA-61,5,B,Aluno-61,2007-01-01,15.0,Masculino,2021,Escola Pública,Ametista,7.533,3.0,9.2,7.4,7.5,Não atendido,5.8,1.7,6.3,9.3,Sim,Não,7.875,10.0,Fase 5 (1º EM),0,,2022,Pública,5,1.0,0.0,Sem risco,Baixo,Alta,Médio,Médio
RA-62,5,B,Aluno-62,2005-01-01,17.0,Masculino,2022,Escola Pública,Ametista,7.891,3.0,8.8,9.4,7.5,Não atendido,9.3,8.5,10.0,,Sim,Não,7.25,5.0,Fase 7 (3º EM),-2,,2022,Pública,5,1.0,0.0,Risco moderado,Alto,Média,Médio,Alto
RA-63,5,B,Aluno-63,2006-01-01,16.0,Masculino,2018,Rede Decisão,Topázio,8.282,3.0,8.3,9.1,8.8,Sem limitações,8.7,8.2,8.2,9.7,Não,Sim,9.417,5.0,Fase 6 (2º EM),-1,,2022,Outros,5,0.0,1.0,Risco moderado,Médio,Média,Alto,Alto
RA-64,5,B,Aluno-64,2006-01-01,16.0,Masculino,2019,Escola Pública,Ametista,7.368,3.0,7.1,8.1,8.1,Sem limitações,7.5,4.8,8.2,9.4,Sim,Não,8.25,5.0,Fase 6 (2º EM),-1,,2022,Pública,5,1.0,0.0,Risco moderado,Médio,Baixa,Alto,Médio
RA-65,5,B,Aluno-65,2005-01-01,17.0,Feminino,2022,Escola Pública,Ametista,7.712,3.0,8.3,7.7,7.5,Não atendido,9.3,9.0,9.5,9.5,Sim,Não,7.875,5.0,Fase 7 (3º EM),-2,,2022,Pública,5,1.0,0.0,Risco moderado,Baixo,Média,Médio,Médio
RA-66,5,B,Aluno-66,2005-01-01,17.0,Feminino,2022,Escola Pública,Quartzo,5.665,3.0,7.5,5.6,7.5,Não atendido,4.5,3.0,6.0,,Não,Não,5.917,5.0,Fase 7 (3º EM),-2,,2022,Pública,5,0.0,0.0,Risco moderado,Baixo,Baixa,Médio,Baixo
RA-67,5,C,Aluno-67,2006-01-01,16.0,Feminino,2019,Escola Pública,Quartzo,5.195,4.0,5.8,3.0,7.5,Não atendido,3.6,3.0,4.2,3.5,Não,Não,6.889,5.0,Fase 6 (2º EM),-1,,2022,Pública,5,0.0,0.0,Risco moderado,Baixo,Baixa,Médio,Baixo
RA-68,5,C,Aluno-68,2006-01-01,16.0,Masculino,2019,Escola Pública,Ágata,6.438,4.0,8.3,6.0,7.5,Não atendido,4.0,4.7,4.8,2.7,Sim,Não,7.944,5.0,Fase 6 (2º EM),-1,,2022,Pública,5,1.0,0.0,Risco moderado,Baixo,Média,Médio,Baixo
RA-69,5,C,Aluno-69,2006-01-01,16.0,Masculino,2018,Escola Pública,Quartzo,5.718,4.0,8.3,6.1,7.5,Sem limitações,2.5,4.7,2.6,0.3,Não,Não,6.167,5.0,Fase 6 (2º EM),-1,,2022,Pública,5,0.0,0.0,Risco moderado,Baixo,Média,Médio,Baixo
RA-70,5,C,Aluno-70,2006-01-01,16.0,Feminino,2017,Escola Pública,Quartzo,5.712,4.0,8.8,6.6,5.0,Sem limitações,2.9,5.7,2.9,0.2,Não,Não,6.111,5.0,Fase 6 (2º EM),-1,,2022,Pública,5,0.0,0.0,Risco moderado,Baixo,Média,Baixo,Baixo
RA-71,5,C,Aluno-71,2005-01-01,17.0,Feminino,2019,Escola Pública,Quartzo,4.332,4.0,7.9,2.0,7.5,Não atendido,1.2,1.3,2.2,0.0,Não,Não,5.833,5.0,Fase 7 (3º EM),-2,,2022,Pública,5,0.0,0.0,Risco moderado,Baixo,Baixa,Médio,Baixo
RA-72,5,C,Aluno-72,2005-01-01,17.0,Feminino,2022,Escola Pública,Ametista,7.64,4.0,8.3,7.5,7.5,Não atendido,7.8,7.5,7.8,8.0,Sim,Sim,8.667,5.0,Fase 7 (3º EM),-2,,2022,Pública,5,1.0,1.0,Risco moderado,Baixo,Média,Médio,Médio
RA-73,5,C,Aluno-73,2005-01-01,17.0,Feminino,2022,Escola Pública,Quartzo,5.271,4.0,7.1,3.0,7.5,Não atendido,3.3,4.5,3.0,2.3,Sim,Não,7.278,5.0,Fase 7 (3º EM),-2,,2022,Pública,5,1.0,0.0,Risco moderado,Baixo,Baixa,Médio,Baixo
RA-74,5,C,Aluno-74,2006-01-01,16.0,Masculino,2022,Escola Pública,Quartzo,4.989,4.0,9.6,3.3,7.5,Não atendido,2.0,6.0,0.0,0.0,Não,Não,5.833,5.0,Fase 6 (2º EM),-1,,2022,Pública,5,0.0,0.0,Risco moderado,Baixo,Alta,Médio,Baixo
RA-75,5,F,Aluno-75,2006-01-01,16.0,Feminino,2022,Escola Pública,Quartzo,3.915,4.0,5.4,3.8,6.3,Sem limitações,0.0,0.0,0.0,,Não,Não,4.625,5.0,Fase 6 (2º EM),-1,,2022,Pública,5,0.0,0.0,Risco moderado,Baixo,Baixa,Médio,Baixo
RA-76,5,F,Aluno-76,2007-01-01,15.0,Feminino,2017,Rede Decisão,Topázio,9.105,4.0,10.0,9.1,8.1,Sem limitações,8.7,9.3,8.3,8.4,Não,Sim,9.292,10.0,Fase 5 (1º EM),0,,2022,Outros,5,0.0,1.0,Sem risco,Médio,Alta,Alto,Alto
RA-77,5,F,Aluno-77,2006-01-01,16.0,Masculino,2019,Escola Pública,Quartzo,3.846,4.0,7.1,2.7,5.0,Não indicado,0.7,0.3,1.8,0.0,Não,Não,4.625,5.0,Fase 6 (2º EM),-1,,2022,Pública,5,0.0,0.0,Risco moderado,Baixo,Baixa,Baixo,Baixo
RA-78,5,F,Aluno-78,2005-01-01,17.0,Masculino,2018,Rede Decisão,Ametista,7.04,4.0,8.3,6.6,5.6,Requer avaliação,7.2,8.7,5.7,7.3,Não,Não,8.0,5.0,Fase 7 (3º EM),-2,,2022,Outros,5,0.0,0.0,Risco moderado,Baixo,Média,Baixo,Médio
RA-79,5,F,Aluno-79,2006-01-01,16.0,Feminino,2018,Rede Decisão,Ágata,6.847,4.0,5.4,6.3,5.6,Requer avaliação,8.9,9.5,7.7,9.5,Não,Não,7.292,5.0,Fase 6 (2º EM),-1,,2022,Outros,5,0.0,0.0,Risco moderado,Baixo,Baixa,Baixo,Baixo
RA-80,5,K,Aluno-80,2006-01-01,16.0,Feminino,2017,Rede Decisão,Ametista,7.29,4.0,9.2,8.3,5.0,Requer avaliação,7.1,6.5,7.7,7.3,Não,Não,7.625,5.0,Fase 6 (2º EM),-1,,2022,Outros,5,0.0,0.0,Risco moderado,Médio,Alta,Baixo,Médio
RA-81,5,K,Aluno-81,2008-01-01,14.0,Feminino,2017,Rede Decisão,Ametista,7.675,4.0,9.2,9.2,5.0,Requer avaliação,6.0,5.5,5.2,7.3,Não,Não,7.458,10.0,Fase 4 (9º ano),1,,2022,Outros,5,0.0,0.0,Sem risco,Alto,Alta,Baixo,Médio
RA-82,5,K,Aluno-82,2005-01-01,17.0,Feminino,2022,Escola Pública,Ágata,6.596,4.0,8.8,6.8,7.5,Não atendido,5.5,6.0,5.0,,Sim,Não,6.417,5.0,Fase 7 (3º EM),-2,,2022,Pública,5,1.0,0.0,Risco moderado,Baixo,Média,Médio,Baixo
RA-83,5,K,Aluno-83,2005-01-01,17.0,Feminino,2022,Escola Pública,Ágata,6.671,4.0,7.9,6.8,7.5,Não atendido,6.8,6.0,7.5,,Sim,Não,5.958,5.0,Fase 7 (3º EM),-2,,2022,Pública,5,1.0,0.0,Risco moderado,Baixo,Baixa,Médio,Baixo
RA-84,5,K,Aluno-84,2005-01-01,17.0,Feminino,2018,Rede Decisão,Ágata,6.682,4.0,7.1,8.8,5.0,Requer avaliação,5.8,5.7,6.5,5.2,Não,Não,6.75,5.0,Fase 7 (3º EM),-2,,2022,Outros,5,0.0,0.0,Risco moderado,Médio,Baixa,Baixo,Baixo
RA-85,5,K,Aluno-85,2007-01-01,15.0,Masculino,2022,Escola Pública,Ágata,6.243,4.0,6.7,7.3,5.0,Requer avaliação,4.3,5.0,3.5,,Não,Não,5.833,10.0,Fase 5 (1º EM),0,,2022,Pública,5,0.0,0.0,Sem risco,Baixo,Baixa,Baixo,Baixo
RA-86,5,K,Aluno-86,2006-01-01,16.0,Masculino,2016,Rede Decisão,Ametista,7.566,4.0,7.5,9.6,5.6,Sem limitações,6.7,6.2,7.2,6.9,Não,Sim,8.458,5.0,Fase 6 (2º EM),-1,,2022,Outros,5,0.0,1.0,Risco moderado,Alto,Baixa,Baixo,Médio
RA-87,5,K,Aluno-87,2007-01-01,15.0,Masculino,2021,Rede Decisão,Topázio,8.712,4.0,8.3,9.6,7.5,Não atendido,8.8,8.3,8.0,10.0,Não,Sim,8.5,10.0,Fase 5 (1º EM),0,,2022,Outros,5,0.0,1.0,Sem risco,Alto,Média,Médio,Alto
RA-88,5,K,Aluno-88,2005-01-01,17.0,Masculino,2021,Escola Pública,Ametista,7.498,4.0,7.1,9.2,5.6,Sem limitações,6.5,6.8,6.2,6.4,Sim,Sim,9.208,5.0,Fase 7 (3º EM),-2,,2022,Pública,5,1.0,1.0,Risco moderado,Alto,Baixa,Baixo,Médio
RA-89,5,K,Aluno-89,2006-01-01,16.0,Masculino,2021,Escola Pública,Ametista,7.323,4.0,9.6,7.8,7.5,Não atendido,5.9,7.5,5.7,4.7,Sim,Não,8.0,5.0,Fase 6 (2º EM),-1,,2022,Pública,5,1.0,0.0,Risco moderado,Baixo,Alta,Médio,Médio
RA-90,5,L,Aluno-90,2009-01-01,13.0,Feminino,2019,Rede Decisão,Topázio,9.442,4.0,10.0,9.7,9.4,Sem limitações,8.5,7.7,8.0,9.8,Não,Sim,9.75,10.0,Fase 3 (7º e 8º ano),2,,2022,Outros,5,0.0,1.0,Sem risco,Alto,Alta,Alto,Alto
RA-91,5,L,Aluno-91,2006-01-01,16.0,Feminino,2016,Rede Decisão,Ágata,6.645,4.0,9.2,5.7,5.6,Requer avaliação,6.6,5.5,5.7,8.5,Não,Não,7.125,5.0,Fase 6 (2º EM),-1,,2022,Outros,5,0.0,0.0,Risco moderado,Baixo,Alta,Baixo,Baixo
RA-92,5,L,Aluno-92,2006-01-01,16.0,Feminino,2016,Rede Decisão,Ágata,6.957,4.0,9.2,7.1,5.0,Requer avaliação,7.4,7.8,5.5,8.8,Não,Não,6.667,5.0,Fase 6 (2º EM),-1,,2022,Outros,5,0.0,0.0,Risco moderado,Baixo,Alta,Baixo,Médio
RA-93,5,L,Aluno-93,2007-01-01,15.0,Feminino,2016,Rede Decisão,Topázio,8.941,4.0,8.3,9.7,8.1,Sem limitações,8.5,8.8,8.3,8.4,Não,Sim,9.083,10.0,Fase 5 (1º EM),0,,2022,Outros,5,0.0,1.0,Sem risco,Alto,Média,Alto,Alto
RA-94,5,L,Aluno-94,2007-01-01,15.0,Feminino,2018,Rede Decisão,Topázio,8.921,4.0,8.3,9.6,8.1,Sem limitações,7.7,7.0,6.7,9.5,Não,Sim,9.583,10.0,Fase 5 (1º EM),0,,2022,Outros,5,0.0,1.0,Sem risco,Alto,Média,Alto,Alto
RA-95,5,L,Aluno-95,2005-01-01,17.0,Feminino,2022,Escola Pública,Ágata,6.308,4.0,8.3,6.6,7.5,Sem limitações,4.8,6.0,8.0,0.5,Não,Não,6.292,5.0,Fase 7 (3º EM),-2,,2022,Pública,5,0.0,0.0,Risco moderado,Baixo,Média,Médio,Baixo
RA-96,5,L,Aluno-96,2006-01-01,16.0,Masculino,2021,Escola Pública,Ametista,7.54,4.0,9.2,7.8,6.9,Sem limitações,6.7,5.7,6.5,8.0,Sim,Sim,8.5,5.0,Fase 6 (2º EM),-1,,2022,Pública,5,1.0,1.0,Risco moderado,Baixo,Alta,Médio,Médio
RA-97,5,L,Aluno-97,2007-01-01,15.0,Feminino,2017,Rede Decisão,Ametista,7.468,4.0,7.5,8.8,5.0,Não indicado,6.9,5.3,6.7,8.8,Não,Não,6.292,10.0,Fase 5 (1º EM),0,,2022,Outros,5,0.0,0.0,Sem risco,Médio,Baixa,Baixo,Médio
RA-98,5,L,Aluno-98,2007-01-01,15.0,Feminino,2017,Rede Decisão,Topázio,9.354,4.0,8.8,10.0,9.4,Sem limitações,8.5,8.4,8.2,8.9,Não,Sim,9.667,10.0,Fase 5 (1º EM),0,,2022,Outros,5,0.0,1.0,Sem risco,Alto,Média,Alto,Alto
RA-99,5,L,Aluno-99,2006-01-01,16.0,Masculino,2019,Escola Pública,Ágata,6.158,4.0,8.8,6.3,7.5,Não atendido,5.0,5.7,3.4,5.8,Não,Não,5.833,5.0,Fase 6 (2º EM),-1,,2022,Pública,5,0.0,0.0,Risco moderado,Baixo,Média,Médio,Baixo
RA-100,4,A,Aluno-100,2009-01-01,13.0,Feminino,2019,Rede Decisão,Ametista,7.618,4.0,8.8,7.8,5.0,Não indicado,7.6,7.0,7.8,8.1,Não,Não,7.25,10.0,Fase 3 (7º e 8º ano),1,,2022,Outros,4,0.0,0.0,Sem risco,Baixo,Média,Baixo,Médio
RA-101,4,A,Aluno-101,2007-01-01,15.0,Feminino,2021,Escola Pública,Ametista,7.305,4.0,7.9,8.3,7.5,Não atendido,7.6,7.2,6.5,9.2,Sim,Não,6.833,5.0,Fase 5 (1º EM),-1,,2022,Pública,4,1.0,0.0,Risco moderado,Médio,Baixa,Médio,Médio
RA-102,4,A,Aluno-102,2008-01-01,14.0,Masculino,2019,Escola Pública,Ágata,6.922,4.0,6.7,7.7,6.9,Requer avaliação,5.7,4.7,6.8,5.5,Não,Não,6.0,10.0,Fase 4 (9º ano),0,,2022,Pública,4,0.0,0.0,Sem risco,Baixo,Baixa,Médio,Médio
RA-103,4,A,Aluno-103,2009-01-01,13.0,Feminino,2020,Rede Decisão,Topázio,8.107,4.0,7.9,8.7,7.5,Não atendido,7.3,7.3,7.3,7.3,Não,Não,7.708,10.0,Fase 3 (7º e 8º ano),1,,2022,Outros,4,0.0,0.0,Sem risco,Médio,Baixa,Médio,Alto
RA-104,4,A,Aluno-104,2004-01-01,18.0,Masculino,2022,Escola Pública,Ágata,6.315,4.0,7.9,8.7,7.5,Não atendido,3.7,4.8,5.8,0.3,Não,Não,6.708,2.5,Fase 8 (Universitários),-4,,2022,Pública,4,0.0,0.0,Alto risco,Médio,Baixa,Médio,Baixo
RA-105,4,A,Aluno-105,2005-01-01,17.0,Masculino,2016,Rede Decisão,Ágata,6.846,4.0,7.9,8.2,5.6,Requer avaliação,6.7,7.2,6.2,6.8,Não,Não,7.417,2.5,Fase 7 (3º EM),-3,,2022,Outros,4,0.0,0.0,Alto risco,Médio,Baixa,Baixo,Baixo
RA-106,4,A,Aluno-106,2007-01-01,15.0,Feminino,2016,Rede Decisão,Ametista,7.973,4.0,9.2,8.0,9.4,Sem limitações,7.4,7.8,7.2,7.2,Não,Sim,8.375,5.0,Fase 5 (1º EM),-1,,2022,Outros,4,0.0,1.0,Risco moderado,Médio,Alta,Alto,Alto
RA-107,4,A,Aluno-107,2007-01-01,15.0,Feminino,2018,Escola Pública,Ágata,6.258,4.0,7.5,6.4,7.5,Sem limitações,4.6,3.3,4.3,6.0,Sim,Não,6.5,5.0,Fase 5 (1º EM),-1,,2022,Pública,4,1.0,0.0,Risco moderado,Baixo,Baixa,Médio,Baixo
RA-108,4,A,Aluno-108,2005-01-01,17.0,Feminino,2019,Escola Pública,Quartzo,5.547,4.0,4.6,7.7,5.0,Não indicado,5.0,3.0,5.8,6.2,Não,Não,6.125,2.5,Fase 7 (3º EM),-3,,2022,Pública,4,0.0,0.0,Alto risco,Baixo,Baixa,Baixo,Baixo
RA-109,4,A,Aluno-109,2006-01-01,16.0,Masculino,2021,Rede Decisão,Topázio,8.512,4.0,8.8,10.0,8.8,Sem limitações,8.4,7.8,7.5,9.9,Não,Sim,8.667,5.0,Fase 6 (2º EM),-2,,2022,Outros,4,0.0,1.0,Risco moderado,Alto,Média,Alto,Alto
RA-110,4,A,Aluno-110,2008-01-01,14.0,Masculino,2017,Rede Decisão,Topázio,8.15,4.0,9.2,9.7,5.6,Requer avaliação,6.7,8.3,5.7,6.0,Não,Não,8.0,10.0,Fase 4 (9º ano),0,,2022,Outros,4,0.0,0.0,Sem risco,Alto,Alta,Baixo,Alto
RA-111,4,A,Aluno-111,2009-01-01,13.0,Feminino,2020,Rede Decisão,Topázio,8.646,4.0,7.5,9.4,8.1,Sem limitações,8.0,6.7,7.5,9.7,Não,Sim,8.667,10.0,Fase 3 (7º e 8º ano),1,,2022,Outros,4,0.0,1.0,Sem risco,Alto,Baixa,Alto,Alto
RA-112,4,A,Aluno-112,2007-01-01,15.0,Feminino,2016,Rede Decisão,Ametista,7.836,4.0,7.9,7.8,6.3,Sem limitações,8.5,9.0,7.5,9.1,Não,Sim,8.833,5.0,Fase 5 (1º EM),-1,,2022,Outros,4,0.0,1.0,Risco moderado,Baixo,Baixa,Médio,Alto
RA-113,4,A,Aluno-113,2007-01-01,15.0,Feminino,2017,Rede Decisão,Quartzo,3.032,4.0,0.0,0.0,5.0,Não indicado,3.7,3.3,5.5,2.3,Não,Não,3.792,5.0,Fase 5 (1º EM),-1,,2022,Outros,4,0.0,0.0,Risco moderado,Baixo,Baixa,Baixo,Baixo
RA-114,4,A,Aluno-114,2006-01-01,16.0,Masculino,2022,Escola Pública,Quartzo,5.894,4.0,7.9,6.3,7.5,Sem limitações,5.3,6.0,4.5,,Não,Não,5.0,5.0,Fase 6 (2º EM),-2,,2022,Pública,4,0.0,0.0,Risco moderado,Baixo,Baixa,Médio,Baixo
RA-115,4,A,Aluno-115,2006-01-01,16.0,Feminino,2019,Escola Pública,Quartzo,5.886,4.0,8.3,6.8,6.3,Requer avaliação,3.8,3.0,5.7,2.7,Não,Não,5.583,5.0,Fase 6 (2º EM),-2,,2022,Pública,4,0.0,0.0,Risco moderado,Baixo,Média,Médio,Baixo
RA-116,4,B,Aluno-116,2006-01-01,16.0,Feminino,2019,Escola Pública,Ágata,6.854,4.0,5.8,8.1,6.3,Sem limitações,5.9,5.0,7.2,5.5,Sim,Não,7.792,5.0,Fase 6 (2º EM),-2,,2022,Pública,4,1.0,0.0,Risco moderado,Médio,Baixa,Médio,Baixo
RA-117,4,B,Aluno-117,2007-01-01,15.0,Feminino,2022,Escola Pública,Ágata,6.685,4.0,7.9,6.3,6.9,Requer avaliação,6.1,4.7,6.7,7.0,Não,Não,7.417,5.0,Fase 5 (1º EM),-1,,2022,Pública,4,0.0,0.0,Risco moderado,Baixo,Baixa,Médio,Baixo
RA-118,4,B,Aluno-118,2008-01-01,14.0,Feminino,2021,Escola Pública,Quartzo,5.597,4.0,0.0,5.3,6.3,Sem limitações,3.9,3.7,4.7,3.5,Não,Não,6.958,10.0,Fase 4 (9º ano),0,,2022,Pública,4,0.0,0.0,Sem risco,Baixo,Baixa,Médio,Baixo
RA-119,4,B,Aluno-119,2008-01-01,14.0,Feminino,2016,Rede Decisão,Ametista,7.501,4.0,8.3,8.2,5.6,Requer avaliação,5.4,5.7,7.0,3.4,Não,Não,7.875,10.0,Fase 4 (9º ano),0,,2022,Outros,4,0.0,0.0,Sem risco,Médio,Média,Baixo,Médio
RA-120,4,B,Aluno-120,2007-01-01,15.0,Masculino,2019,Escola Pública,Ágata,6.825,4.0,8.3,5.9,7.5,Não atendido,6.2,3.7,5.2,9.7,Sim,Não,7.667,5.0,Fase 5 (1º EM),-1,,2022,Pública,4,1.0,0.0,Risco moderado,Baixo,Média,Médio,Baixo
RA-121,4,B,Aluno-121,2006-01-01,16.0,Feminino,2021,Escola Pública,Ametista,7.245,4.0,7.1,8.4,6.3,Sem limitações,7.2,5.7,6.8,9.0,Sim,Não,7.625,5.0,Fase 6 (2º EM),-2,,2022,Pública,4,1.0,0.0,Risco moderado,Médio,Baixa,Médio,Médio
RA-122,4,B,Aluno-122,2008-01-01,14.0,Feminino,2019,Escola Pública,Quartzo,5.061,4.0,7.9,3.4,7.5,Não atendido,1.8,1.7,3.7,0.0,Não,Não,4.958,10.0,Fase 4 (9º ano),0,,2022,Pública,4,0.0,0.0,Sem risco,Baixo,Baixa,Médio,Baixo
RA-123,4,B,Aluno-123,2006-01-01,16.0,Masculino,2017,Rede Decisão,Ametista,7.084,4.0,7.9,8.6,5.6,Requer avaliação,6.5,7.3,6.3,5.9,Não,Não,7.292,5.0,Fase 6 (2º EM),-2,,2022,Outros,4,0.0,0.0,Risco moderado,Médio,Baixa,Baixo,Médio
RA-124,4,B,Aluno-124,2008-01-01,14.0,Masculino,2016,Rede Decisão,Ametista,7.388,4.0,7.9,7.8,5.0,Requer avaliação,6.7,5.7,7.0,7.5,Não,Não,7.167,10.0,Fase 4 (9º ano),0,,2022,Outros,4,0.0,0.0,Sem risco,Baixo,Baixa,Baixo,Médio
RA-125,4,B,Aluno-125,2007-01-01,15.0,Feminino,2022,Escola Pública,Ametista,7.619,4.0,8.8,8.5,7.5,Não atendido,7.1,5.0,7.2,9.2,Sim,Não,7.75,5.0,Fase 5 (1º EM),-1,,2022,Pública,4,1.0,0.0,Risco moderado,Médio,Média,Médio,Médio
RA-126,4,B,Aluno-126,2007-01-01,15.0,Masculino,2018,Escola Pública,Ágata,6.289,4.0,7.1,5.8,7.5,Não atendido,4.4,4.0,5.0,4.2,Sim,Não,7.417,5.0,Fase 5 (1º EM),-1,,2022,Pública,4,1.0,0.0,Risco moderado,Baixo,Baixa,Médio,Baixo
RA-127,4,B,Aluno-127,2008-01-01,14.0,Feminino,2022,Escola Pública,Topázio,8.283,4.0,7.5,8.7,7.5,Não atendido,7.9,7.7,7.7,8.3,Sim,Não,8.125,10.0,Fase 4 (9º ano),0,,2022,Pública,4,1.0,0.0,Sem risco,Médio,Baixa,Médio,Alto
RA-128,4,B,Aluno-128,2007-01-01,15.0,Masculino,2019,Escola Pública,Quartzo,5.563,4.0,0.0,6.2,7.5,Não atendido,5.6,6.7,6.8,3.2,Sim,Não,6.167,5.0,Fase 5 (1º EM),-1,,2022,Pública,4,1.0,0.0,Risco moderado,Baixo,Baixa,Médio,Baixo
RA-129,4,B,Aluno-129,2007-01-01,15.0,Masculino,2019,Escola Pública,Ágata,6.926,4.0,6.7,6.4,7.5,Não atendido,6.7,6.0,5.3,8.7,Sim,Não,7.792,5.0,Fase 5 (1º EM),-1,,2022,Pública,4,1.0,0.0,Risco moderado,Baixo,Baixa,Médio,Médio
RA-130,4,F,Aluno-130,2006-01-01,16.0,Feminino,2018,Escola Pública,Quartzo,5.624,4.0,8.3,4.7,5.0,Requer avaliação,4.1,3.7,5.2,3.5,Não,Não,6.5,5.0,Fase 6 (2º EM),-2,,2022,Pública,4,0.0,0.0,Risco moderado,Baixo,Média,Baixo,Baixo
RA-131,4,F,Aluno-131,2007-01-01,15.0,Feminino,2016,Escola Pública,Ametista,7.174,4.0,8.8,9.0,5.6,Sem limitações,5.6,6.0,6.5,4.2,Sim,Não,7.75,5.0,Fase 5 (1º EM),-1,,2022,Pública,4,1.0,0.0,Risco moderado,Médio,Média,Baixo,Médio
RA-132,4,F,Aluno-132,2008-01-01,14.0,Feminino,2019,Rede Decisão,Topázio,8.355,4.0,10.0,8.8,5.6,Sem limitações,7.7,6.5,7.5,9.1,Não,Sim,8.458,10.0,Fase 4 (9º ano),0,,2022,Outros,4,0.0,1.0,Sem risco,Médio,Alta,Baixo,Alto
RA-133,4,F,Aluno-133,2007-01-01,15.0,Feminino,2016,Escola Pública,Ágata,6.875,4.0,7.9,7.1,7.5,Não atendido,5.6,4.7,7.2,5.0,Não,Não,7.625,5.0,Fase 5 (1º EM),-1,,2022,Pública,4,0.0,0.0,Risco moderado,Baixo,Baixa,Médio,Baixo
RA-134,4,F,Aluno-134,2007-01-01,15.0,Feminino,2021,Escola Pública,Ágata,6.607,4.0,8.8,6.8,7.5,Não atendido,4.7,4.7,6.8,2.5,Sim,Não,7.375,5.0,Fase 5 (1º EM),-1,,2022,Pública,4,1.0,0.0,Risco moderado,Baixo,Média,Médio,Baixo
RA-135,4,F,Aluno-135,2007-01-01,15.0,Feminino,2019,Escola Pública,Ametista,7.692,4.0,8.3,7.8,5.6,Sem limitações,8.6,8.0,8.2,9.5,Sim,Sim,8.583,5.0,Fase 5 (1º EM),-1,,2022,Pública,4,1.0,1.0,Risco moderado,Baixo,Média,Baixo,Médio
RA-136,4,F,Aluno-136,2007-01-01,15.0,Masculino,2019,Escola Pública,Ágata,6.478,4.0,10.0,6.3,7.5,Não atendido,4.6,5.3,5.7,2.8,Não,Não,6.667,5.0,Fase 5 (1º EM),-1,,2022,Pública,4,0.0,0.0,Risco moderado,Baixo,Alta,Médio,Baixo
RA-137,4,F,Aluno-137,2005-01-01,17.0,Feminino,2016,Rede Decisão,Ametista,7.056,4.0,7.5,8.9,5.0,Requer avaliação,7.3,6.0,7.3,8.5,Não,Não,7.792,2.5,Fase 7 (3º EM),-3,,2022,Outros,4,0.0,0.0,Alto risco,Médio,Baixa,Baixo,Médio
RA-138,4,F,Aluno-138,2007-01-01,15.0,Masculino,2016,Escola Pública,Ágata,6.738,4.0,9.6,8.0,5.6,Requer avaliação,5.6,5.0,6.5,5.2,Sim,Não,6.375,5.0,Fase 5 (1º EM),-1,,2022,Pública,4,1.0,0.0,Risco moderado,Médio,Alta,Baixo,Baixo
RA-139,4,F,Aluno-139,2005-01-01,17.0,Masculino,2019,Escola Pública,Quartzo,3.738,4.0,7.1,3.5,5.0,Requer avaliação,1.4,1.7,2.7,0.0,Não,Não,3.917,2.5,Fase 7 (3º EM),-3,,2022,Pública,4,0.0,0.0,Alto risco,Baixo,Baixa,Baixo,Baixo
RA-140,4,F,Aluno-140,2008-01-01,14.0,Feminino,2021,Escola Pública,Ametista,7.407,4.0,7.9,7.6,6.9,Não atendido,5.7,5.0,6.5,5.6,Sim,Não,7.667,10.0,Fase 4 (9º ano),0,,2022,Pública,4,1.0,0.0,Sem risco,Baixo,Baixa,Médio,Médio
RA-141,4,F,Aluno-141,2008-01-01,14.0,Masculino,2017,Escola Pública,Ametista,7.118,4.0,9.2,8.2,5.6,Requer avaliação,5.7,5.8,6.2,5.0,Não,Não,5.917,10.0,Fase 4 (9º ano),0,,2022,Pública,4,0.0,0.0,Sem risco,Médio,Alta,Baixo,Médio
RA-142,4,F,Aluno-142,2008-01-01,14.0,Feminino,2021,Escola Pública,Ametista,7.457,4.0,6.7,8.6,5.6,Requer avaliação,6.3,6.0,6.8,6.0,Não,Não,7.583,10.0,Fase 4 (9º ano),0,,2022,Pública,4,0.0,0.0,Sem risco,Médio,Baixa,Baixo,Médio
RA-143,4,F,Aluno-143,2009-01-01,13.0,Masculino,2019,Rede Decisão,Topázio,8.638,4.0,8.3,9.9,5.6,Sem limitações,7.9,9.7,7.7,6.4,Não,Sim,9.5,10.0,Fase 3 (7º e 8º ano),1,,2022,Outros,4,0.0,1.0,Sem risco,Alto,Média,Baixo,Alto
RA-144,4,F,Aluno-144,2008-01-01,14.0,Feminino,2017,Rede Decisão,Topázio,8.181,4.0,7.5,9.3,5.0,Requer avaliação,7.9,7.5,7.2,9.0,Não,Não,8.292,10.0,Fase 4 (9º ano),0,,2022,Outros,4,0.0,0.0,Sem risco,Alto,Baixa,Baixo,Alto
RA-145,4,H,Aluno-145,2006-01-01,16.0,Masculino,2017,Escola Pública,Quartzo,5.846,4.0,0.0,6.3,8.1,Sem limitações,5.2,3.0,4.8,7.8,Sim,Não,7.25,5.0,Fase 6 (2º EM),-2,,2022,Pública,4,1.0,0.0,Risco moderado,Baixo,Baixa,Alto,Baixo
RA-146,4,H,Aluno-146,2007-01-01,15.0,Feminino,2022,Escola Pública,Ametista,7.947,4.0,8.3,9.2,7.5,Não atendido,7.9,6.3,7.3,10.0,Sim,Não,8.208,5.0,Fase 5 (1º EM),-1,,2022,Pública,4,1.0,0.0,Risco moderado,Alto,Média,Médio,Alto
RA-147,4,H,Aluno-147,2008-01-01,14.0,Feminino,2022,Escola Pública,Ametista,7.541,4.0,8.3,7.7,7.5,Não atendido,6.1,5.8,4.8,7.7,Não,Não,7.25,10.0,Fase 4 (9º ano),0,,2022,Pública,4,0.0,0.0,Sem risco,Baixo,Média,Médio,Médio
RA-148,4,H,Aluno-148,2008-01-01,14.0,Masculino,2022,Escola Pública,Ametista,7.894,4.0,9.2,7.9,10.0,Sem limitações,5.3,4.7,6.3,5.0,Sim,Não,7.708,10.0,Fase 4 (9º ano),0,,2022,Pública,4,1.0,0.0,Sem risco,Médio,Alta,Alto,Alto
RA-149,4,H,Aluno-149,2007-01-01,15.0,Feminino,2022,Escola Pública,Ágata,6.323,4.0,9.2,6.5,7.5,Não atendido,5.0,4.0,6.0,,Não,Não,6.125,5.0,Fase 5 (1º EM),-1,,2022,Pública,4,0.0,0.0,Risco moderado,Baixo,Alta,Médio,Baixo
RA-150,4,H,Aluno-150,2006-01-01,16.0,Feminino,2020,Escola Pública,Ágata,6.962,4.0,9.6,6.3,6.9,Sem limitações,6.9,5.3,6.7,8.6,Sim,Não,7.333,5.0,Fase 6 (2º EM),-2,,2022,Pública,4,1.0,0.0,Risco moderado,Baixo,Alta,Médio,Médio
RA-151,4,H,Aluno-151,2006-01-01,16.0,Feminino,2020,Escola Pública,Ametista,7.563,4.0,8.8,7.5,6.9,Sem limitações,8.3,7.3,8.0,9.5,Sim,Não,7.958,5.0,Fase 6 (2º EM),-2,,2022,Pública,4,1.0,0.0,Risco moderado,Baixo,Média,Médio,Médio
RA-152,4,L,Aluno-152,2006-01-01,16.0,Feminino,2022,Escola Pública,Ágata,6.712,4.0,8.3,7.0,7.5,Não atendido,6.5,4.0,7.0,8.5,Não,Não,6.292,5.0,Fase 6 (2º EM),-2,,2022,Pública,4,0.0,0.0,Risco moderado,Baixo,Média,Médio,Baixo
RA-153,4,L,Aluno-153,2008-01-01,14.0,Feminino,2018,Rede Decisão,Ametista,7.535,4.0,7.9,8.2,5.0,Requer avaliação,6.6,3.3,7.7,8.8,Não,Não,7.708,10.0,Fase 4 (9º ano),0,,2022,Outros,4,0.0,0.0,Sem risco,Médio,Baixa,Baixo,Médio
RA-154,4,L,Aluno-154,2007-01-01,15.0,Masculino,2017,Escola Pública,Ágata,6.073,4.0,8.3,6.1,6.3,Sem limitações,4.0,3.7,6.2,2.1,Sim,Não,6.833,5.0,Fase 5 (1º EM),-1,,2022,Pública,4,1.0,0.0,Risco moderado,Baixo,Média,Médio,Baixo
RA-155,4,L,Aluno-155,2006-01-01,16.0,Masculino,2022,Escola Pública,Ametista,7.051,4.0,10.0,8.3,7.5,Não atendido,5.2,4.3,6.8,4.3,Sim,Não,6.833,5.0,Fase 6 (2º EM),-2,,2022,Pública,4,1.0,0.0,Risco moderado,Médio,Alta,Médio,Médio
RA-156,4,L,Aluno-156,2007-01-01,15.0,Masculino,2018,Escola Pública,Ametista,7.357,4.0,10.0,8.3,9.4,Sem limitações,4.4,4.7,6.5,2.1,Sim,Não,7.792,5.0,Fase 5 (1º EM),-1,,2022,Pública,4,1.0,0.0,Risco moderado,Médio,Alta,Alto,Médio
RA-157,4,L,Aluno-157,2010-01-01,12.0,Feminino,2018,Rede Decisão,Topázio,8.317,4.0,7.5,10.0,6.3,Requer avaliação,7.7,7.0,7.5,8.7,Não,Não,8.292,10.0,Fase 3 (7º e 8º ano),1,,2022,Outros,4,0.0,0.0,Sem risco,Alto,Baixa,Médio,Alto
RA-158,4,L,Aluno-158,2005-01-01,17.0,Feminino,2017,Rede Decisão,Ametista,7.302,4.0,7.9,9.8,5.6,Requer avaliação,6.6,5.0,6.7,8.1,Não,Não,8.125,2.5,Fase 7 (3º EM),-3,,2022,Outros,4,0.0,0.0,Alto risco,Alto,Baixa,Baixo,Médio
RA-159,4,L,Aluno-159,2007-01-01,15.0,Feminino,2021,Escola Pública,Ágata,6.49,4.0,8.3,8.1,5.6,Requer avaliação,4.7,4.3,5.8,3.9,Não,Não,6.458,5.0,Fase 5 (1º EM),-1,,2022,Pública,4,0.0,0.0,Risco moderado,Médio,Média,Baixo,Baixo
RA-160,4,L,Aluno-160,2007-01-01,15.0,Feminino,2021,Escola Pública,Ágata,6.746,4.0,7.5,7.2,5.6,Requer avaliação,5.3,2.7,6.0,7.1,Sim,Não,8.25,5.0,Fase 5 (1º EM),-1,,2022,Pública,4,1.0,0.0,Risco moderado,Baixo,Baixa,Baixo,Baixo
RA-161,4,L,Aluno-161,2011-01-01,11.0,Feminino,2018,Rede Decisão,Ametista,7.957,4.0,7.9,9.1,5.6,Requer avaliação,6.9,5.3,6.8,8.5,Não,Não,8.083,10.0,Fase 2 (5º e 6º ano),2,,2022,Outros,4,0.0,0.0,Sem risco,Médio,Baixa,Baixo,Alto
RA-162,4,L,Aluno-162,2008-01-01,14.0,Feminino,2021,Escola Pública,Ametista,7.215,4.0,6.7,8.5,7.5,Requer avaliação,5.5,4.7,5.5,6.4,Não,Não,6.542,10.0,Fase 4 (9º ano),0,,2022,Pública,4,0.0,0.0,Sem risco,Médio,Baixa,Médio,Médio
RA-163,4,L,Aluno-163,2007-01-01,15.0,Feminino,2021,Escola Pública,Ágata,6.797,4.0,8.8,7.9,5.6,Requer avaliação,6.7,6.5,6.3,7.4,Não,Não,6.5,5.0,Fase 5 (1º EM),-1,,2022,Pública,4,0.0,0.0,Risco moderado,Médio,Média,Baixo,Baixo
RA-164,4,L,Aluno-164,2006-01-01,16.0,Masculino,2018,Escola Pública,Ágata,6.776,4.0,8.3,7.3,5.6,Requer avaliação,6.5,4.7,6.5,8.3,Sim,Não,7.208,5.0,Fase 6 (2º EM),-2,,2022,Pública,4,1.0,0.0,Risco moderado,Baixo,Média,Baixo,Baixo
RA-165,4,L,Aluno-165,2008-01-01,14.0,Feminino,2017,Rede Decisão,Topázio,8.063,4.0,7.1,9.8,5.6,Sem limitações,7.6,5.3,7.8,9.7,Não,Não,7.5,10.0,Fase 4 (9º ano),0,,2022,Outros,4,0.0,0.0,Sem risco,Alto,Baixa,Baixo,Alto
RA-166,4,L,Aluno-166,2008-01-01,14.0,Masculino,2020,Escola Pública,Topázio,8.253,4.0,9.2,9.0,6.3,Sem limitações,8.1,7.0,7.2,10.0,Sim,Não,7.542,10.0,Fase 4 (9º ano),0,,2022,Pública,4,1.0,0.0,Sem risco,Médio,Alta,Médio,Alto
RA-167,4,P,Aluno-167,2006-01-01,16.0,Feminino,2018,Rede Decisão,Ametista,7.798,4.0,9.2,9.7,5.6,Requer avaliação,7.9,9.3,8.0,6.3,Não,Não,7.833,5.0,Fase 6 (2º EM),-2,,2022,Outros,4,0.0,0.0,Risco moderado,Alto,Alta,Baixo,Alto
RA-168,4,P,Aluno-168,2007-01-01,15.0,Feminino,2018,Rede Decisão,Ágata,6.917,4.0,7.9,8.3,6.3,Sem limitações,5.9,4.7,8.2,5.0,Não,Não,7.083,5.0,Fase 5 (1º EM),-1,,2022,Outros,4,0.0,0.0,Risco moderado,Médio,Baixa,Médio,Médio
RA-169,4,P,Aluno-169,2007-01-01,15.0,Feminino,2018,Escola Pública,Quartzo,5.159,4.0,7.5,5.1,6.3,Sem limitações,3.2,1.3,4.5,3.8,Não,Não,4.792,5.0,Fase 5 (1º EM),-1,,2022,Pública,4,0.0,0.0,Risco moderado,Baixo,Baixa,Médio,Baixo
RA-170,4,P,Aluno-170,2008-01-01,14.0,Feminino,2018,Rede Decisão,Ágata,7.007,4.0,8.3,9.2,5.6,Requer avaliação,4.9,3.7,6.7,4.3,Não,Não,5.792,10.0,Fase 4 (9º ano),0,,2022,Outros,4,0.0,0.0,Sem risco,Alto,Média,Baixo,Médio
RA-171,4,P,Aluno-171,2006-01-01,16.0,Masculino,2022,Escola Pública,Ágata,6.581,4.0,7.5,6.8,7.5,Sem limitações,5.5,3.0,8.0,,Não,Não,6.875,5.0,Fase 6 (2º EM),-2,,2022,Pública,4,0.0,0.0,Risco moderado,Baixo,Baixa,Médio,Baixo
RA-172,4,P,Aluno-172,2008-01-01,14.0,Feminino,2018,Rede Decisão,Topázio,8.673,4.0,9.2,8.9,9.4,Sem limitações,7.3,6.0,7.7,8.1,Não,Sim,8.917,10.0,Fase 4 (9º ano),0,,2022,Outros,4,0.0,1.0,Sem risco,Médio,Alta,Alto,Alto
RA-173,4,P,Aluno-173,2005-01-01,17.0,Masculino,2019,Rede Decisão,Ametista,7.816,4.0,8.3,9.2,6.9,Requer avaliação,7.9,9.0,7.5,7.1,Não,Sim,9.25,2.5,Fase 7 (3º EM),-3,,2022,Outros,4,0.0,1.0,Alto risco,Alto,Média,Médio,Alto
RA-174,4,P,Aluno-174,2007-01-01,15.0,Feminino,2019,Escola Pública,Ágata,6.075,4.0,7.9,6.2,7.5,Sem limitações,4.4,4.0,5.3,3.8,Não,Não,6.042,5.0,Fase 5 (1º EM),-1,,2022,Pública,4,0.0,0.0,Risco moderado,Baixo,Baixa,Médio,Baixo
RA-175,4,P,Aluno-175,2007-01-01,15.0,Feminino,2018,Rede Decisão,Ágata,6.75,4.0,8.3,9.2,5.6,Requer avaliação,5.9,4.7,7.2,5.9,Não,Não,5.833,5.0,Fase 5 (1º EM),-1,,2022,Outros,4,0.0,0.0,Risco moderado,Alto,Média,Baixo,Baixo
RA-176,3,A,Aluno-176,2009-01-01,13.0,Feminino,2018,Rede Decisão,Topázio,8.427,4.0,9.6,9.1,5.6,Requer avaliação,6.9,5.1,6.8,8.7,Não,Sim,9.083,10.0,Fase 3 (7º e 8º ano),0,,2022,Outros,3,0.0,1.0,Sem risco,Médio,Alta,Baixo,Alto
RA-177,3,A,Aluno-177,2009-01-01,13.0,Feminino,2022,Escola Pública,Ametista,7.424,4.0,7.9,8.8,4.4,Requer avaliação,6.8,6.0,7.5,,Não,Não,6.958,10.0,Fase 3 (7º e 8º ano),0,,2022,Pública,3,0.0,0.0,Sem risco,Médio,Baixa,Baixo,Médio
RA-178,3,A,Aluno-178,2009-01-01,13.0,Feminino,2016,Rede Decisão,Ágata,7.025,4.0,0.0,8.8,4.4,Requer avaliação,6.3,6.2,5.3,7.3,Não,Sim,8.458,10.0,Fase 3 (7º e 8º ano),0,,2022,Outros,3,0.0,1.0,Sem risco,Médio,Baixa,Baixo,Médio
RA-179,3,A,Aluno-179,2010-01-01,12.0,Masculino,2022,Escola Pública,Ametista,7.993,4.0,7.5,9.2,7.5,Sem limitações,6.1,3.7,6.7,8.0,Sim,Não,8.042,10.0,Fase 3 (7º e 8º ano),0,,2022,Pública,3,1.0,0.0,Sem risco,Alto,Baixa,Médio,Alto
RA-180,3,A,Aluno-180,2010-01-01,12.0,Masculino,2018,Rede Decisão,Topázio,8.442,4.0,9.2,8.3,6.3,Requer avaliação,8.1,7.7,8.3,8.3,Não,Sim,8.625,10.0,Fase 3 (7º e 8º ano),0,,2022,Outros,3,0.0,1.0,Sem risco,Médio,Alta,Médio,Alto
RA-181,3,A,Aluno-181,2009-01-01,13.0,Feminino,2019,Rede Decisão,Topázio,8.623,4.0,9.2,9.5,8.8,Não atendido,6.8,6.8,7.3,6.2,Não,Sim,8.458,10.0,Fase 3 (7º e 8º ano),0,,2022,Outros,3,0.0,1.0,Sem risco,Alto,Alta,Alto,Alto
RA-182,3,A,Aluno-182,2006-01-01,16.0,Feminino,2021,Escola Pública,Ágata,6.328,4.0,7.5,8.0,7.5,Não atendido,4.1,1.3,5.7,5.4,Não,Não,6.958,2.5,Fase 6 (2º EM),-3,,2022,Pública,3,0.0,0.0,Alto risco,Médio,Baixa,Médio,Baixo
RA-183,3,A,Aluno-183,2009-01-01,13.0,Feminino,2022,Escola Pública,Ametista,7.3,4.0,8.3,8.8,7.5,Não atendido,3.8,0.0,7.5,,Não,Não,7.25,10.0,Fase 3 (7º e 8º ano),0,,2022,Pública,3,0.0,0.0,Sem risco,Médio,Média,Médio,Médio
RA-184,3,A,Aluno-184,2006-01-01,16.0,Masculino,2019,Escola Pública,Ametista,7.28,4.0,8.8,7.7,7.5,Não atendido,7.2,5.0,7.3,9.3,Sim,Não,8.0,2.5,Fase 6 (2º EM),-3,,2022,Pública,3,1.0,0.0,Alto risco,Baixo,Média,Médio,Médio
RA-185,3,A,Aluno-185,2007-01-01,15.0,Masculino,2021,Escola Pública,Ágata,6.615,4.0,7.9,7.7,7.5,Não atendido,4.5,3.3,5.7,4.5,Não,Não,6.875,5.0,Fase 5 (1º EM),-2,,2022,Pública,3,0.0,0.0,Risco moderado,Baixo,Baixa,Médio,Baixo
RA-186,3,A,Aluno-186,2009-01-01,13.0,Feminino,2019,Escola Pública,Ametista,7.832,4.0,8.3,8.5,7.5,Não atendido,6.6,6.0,5.7,8.0,Sim,Não,7.5,10.0,Fase 3 (7º e 8º ano),0,,2022,Pública,3,1.0,0.0,Sem risco,Médio,Média,Médio,Alto
RA-187,3,A,Aluno-187,2010-01-01,12.0,Feminino,2019,Rede Decisão,Ametista,7.928,4.0,8.8,8.9,7.5,Não atendido,5.8,5.3,7.2,4.8,Não,Não,7.917,10.0,Fase 3 (7º e 8º ano),0,,2022,Outros,3,0.0,0.0,Sem risco,Médio,Média,Médio,Alto
RA-188,3,A,Aluno-188,2008-01-01,14.0,Masculino,2021,Escola Pública,Quartzo,5.307,4.0,0.0,6.1,7.5,Não atendido,2.7,3.0,3.2,2.0,Sim,Não,7.583,5.0,Fase 4 (9º ano),-1,,2022,Pública,3,1.0,0.0,Risco moderado,Baixo,Baixa,Médio,Baixo
RA-189,3,A,Aluno-189,2008-01-01,14.0,Masculino,2018,Rede Decisão,Ametista,7.629,4.0,10.0,9.7,5.0,Requer avaliação,7.2,6.3,7.2,8.0,Não,Não,7.333,5.0,Fase 4 (9º ano),-1,,2022,Outros,3,0.0,0.0,Risco moderado,Alto,Alta,Baixo,Médio
RA-190,3,A,Aluno-190,2009-01-01,13.0,Feminino,2022,Escola Pública,Ametista,7.335,4.0,6.7,6.9,8.8,Não atendido,6.3,5.0,7.5,,Não,Não,7.25,10.0,Fase 3 (7º e 8º ano),0,,2022,Pública,3,0.0,0.0,Sem risco,Baixo,Baixa,Alto,Médio
RA-191,3,A,Aluno-191,2009-01-01,13.0,Masculino,2019,Rede Decisão,Topázio,8.74,4.0,10.0,9.4,8.8,Não atendido,7.2,8.0,7.2,6.3,Não,Sim,8.5,10.0,Fase 3 (7º e 8º ano),0,,2022,Outros,3,0.0,1.0,Sem risco,Alto,Alta,Alto,Alto
RA-192,3,B,Aluno-192,2007-01-01,15.0,Masculino,2021,Escola Pública,Quartzo,4.932,4.0,8.8,3.6,7.5,Não atendido,2.7,1.7,4.7,1.7,Não,Não,4.708,5.0,Fase 5 (1º EM),-2,,2022,Pública,3,0.0,0.0,Risco moderado,Baixo,Média,Médio,Baixo
RA-193,3,B,Aluno-193,2010-01-01,12.0,Masculino,2016,Rede Decisão,Topázio,8.155,4.0,9.2,8.9,5.6,Sem limitações,6.7,5.0,6.3,8.7,Não,Sim,8.5,10.0,Fase 3 (7º e 8º ano),0,,2022,Outros,3,0.0,1.0,Sem risco,Médio,Alta,Baixo,Alto
RA-194,3,B,Aluno-194,2008-01-01,14.0,Feminino,2022,Escola Pública,Quartzo,4.265,4.0,0.0,6.2,5.0,Requer avaliação,3.2,3.7,5.8,0.0,Não,Não,3.75,5.0,Fase 4 (9º ano),-1,,2022,Pública,3,0.0,0.0,Risco moderado,Baixo,Baixa,Baixo,Baixo
RA-195,3,B,Aluno-195,2009-01-01,13.0,Feminino,2017,Rede Decisão,Ametista,8.017,4.0,8.8,9.2,5.0,Requer avaliação,6.3,6.8,6.3,5.8,Não,Não,8.25,10.0,Fase 3 (7º e 8º ano),0,,2022,Outros,3,0.0,0.0,Sem risco,Alto,Média,Baixo,Alto
RA-196,3,B,Aluno-196,2010-01-01,12.0,Masculino,2018,Rede Decisão,Topázio,8.124,4.0,9.2,9.1,7.5,Não atendido,5.1,4.0,6.0,5.3,Não,Sim,8.625,10.0,Fase 3 (7º e 8º ano),0,,2022,Outros,3,0.0,1.0,Sem risco,Médio,Alta,Médio,Alto
RA-197,3,B,Aluno-197,2009-01-01,13.0,Feminino,2021,Rede Decisão,Topázio,8.218,4.0,8.8,9.7,4.4,Requer avaliação,7.3,6.0,7.5,8.3,Não,Não,8.292,10.0,Fase 3 (7º e 8º ano),0,,2022,Outros,3,0.0,0.0,Sem risco,Alto,Média,Baixo,Alto
RA-198,3,B,Aluno-198,2009-01-01,13.0,Masculino,2017,Escola Pública,Quartzo,5.554,4.0,0.0,6.2,5.0,Requer avaliação,4.6,5.2,5.8,2.8,Não,Não,5.958,10.0,Fase 3 (7º e 8º ano),0,,2022,Pública,3,0.0,0.0,Sem risco,Baixo,Baixa,Baixo,Baixo
RA-199,3,B,Aluno-199,2009-01-01,13.0,Masculino,2022,Escola Pública,Ametista,7.564,4.0,8.3,7.1,7.5,Não atendido,7.5,5.7,7.8,9.0,Não,Não,6.458,10.0,Fase 3 (7º e 8º ano),0,,2022,Pública,3,0.0,0.0,Sem risco,Baixo,Média,Médio,Médio
RA-200,3,B,Aluno-200,2007-01-01,15.0,Masculino,2018,Escola JP II,Quartzo,5.705,4.0,7.9,5.6,4.4,Requer avaliação,5.5,4.7,5.0,6.8,Não,Não,4.917,5.0,Fase 5 (1º EM),-2,,2022,Outros,3,0.0,0.0,Risco moderado,Baixo,Baixa,Baixo,Baixo
RA-201,3,B,Aluno-201,2007-01-01,15.0,Feminino,2021,Escola Pública,Ametista,7.078,4.0,7.9,7.3,7.5,Não atendido,6.5,6.0,7.2,6.3,Não,Não,7.542,5.0,Fase 5 (1º EM),-2,,2022,Pública,3,0.0,0.0,Risco moderado,Baixo,Baixa,Médio,Médio
RA-202,3,B,Aluno-202,2008-01-01,14.0,Feminino,2017,Escola Pública,Quartzo,5.201,4.0,0.0,5.2,4.4,Requer avaliação,5.4,6.3,5.8,4.2,Sim,Não,6.917,5.0,Fase 4 (9º ano),-1,,2022,Pública,3,1.0,0.0,Risco moderado,Baixo,Baixa,Baixo,Baixo
RA-203,3,B,Aluno-203,2008-01-01,14.0,Feminino,2021,Escola Pública,Quartzo,5.669,4.0,8.8,4.3,7.5,Não atendido,2.8,2.3,3.5,2.5,Não,Não,6.875,5.0,Fase 4 (9º ano),-1,,2022,Pública,3,0.0,0.0,Risco moderado,Baixo,Média,Médio,Baixo
RA-204,3,B,Aluno-204,2009-01-01,13.0,Feminino,2019,Escola Pública,Ágata,6.943,4.0,7.9,6.7,4.4,Requer avaliação,7.4,5.3,8.5,8.5,Não,Não,5.708,10.0,Fase 3 (7º e 8º ano),0,,2022,Pública,3,0.0,0.0,Sem risco,Baixo,Baixa,Baixo,Médio
RA-205,3,B,Aluno-205,2008-01-01,14.0,Masculino,2020,Escola Pública,Quartzo,5.372,4.0,9.6,3.8,7.5,Não atendido,4.1,5.7,1.7,5.0,Não,Não,4.833,5.0,Fase 4 (9º ano),-1,,2022,Pública,3,0.0,0.0,Risco moderado,Baixo,Alta,Médio,Baixo
RA-206,3,B,Aluno-206,2010-01-01,12.0,Feminino,2022,Escola Pública,Ametista,7.101,4.0,8.3,8.8,7.5,Não atendido,5.0,4.0,6.0,,Não,Não,5.167,10.0,Fase 3 (7º e 8º ano),0,,2022,Pública,3,0.0,0.0,Sem risco,Médio,Média,Médio,Médio
RA-207,3,C,Aluno-207,2006-01-01,16.0,Masculino,2021,Escola Pública,Quartzo,4.936,4.0,0.0,4.8,7.5,Não atendido,5.8,5.3,4.0,8.0,Não,Não,5.708,2.5,Fase 6 (2º EM),-3,,2022,Pública,3,0.0,0.0,Alto risco,Baixo,Baixa,Médio,Baixo
RA-208,3,C,Aluno-208,2008-01-01,14.0,Masculino,2018,Escola Pública,Ágata,6.667,4.0,7.5,7.1,7.5,Não atendido,6.1,5.0,7.5,5.8,Não,Não,6.417,5.0,Fase 4 (9º ano),-1,,2022,Pública,3,0.0,0.0,Risco moderado,Baixo,Baixa,Médio,Baixo
RA-209,3,C,Aluno-209,2008-01-01,14.0,Masculino,2019,Escola Pública,Quartzo,4.499,4.0,0.0,4.8,5.6,Requer avaliação,6.0,5.0,5.2,7.8,Não,Não,3.75,5.0,Fase 4 (9º ano),-1,,2022,Pública,3,0.0,0.0,Risco moderado,Baixo,Baixa,Baixo,Baixo
RA-210,3,C,Aluno-210,2008-01-01,14.0,Masculino,2022,Escola Pública,Quartzo,4.44,4.0,0.0,5.1,7.5,Não atendido,3.4,2.7,5.3,2.3,Não,Não,4.417,5.0,Fase 4 (9º ano),-1,,2022,Pública,3,0.0,0.0,Risco moderado,Baixo,Baixa,Médio,Baixo
RA-211,3,C,Aluno-211,2009-01-01,13.0,Masculino,2021,Escola Pública,Topázio,8.465,4.0,9.2,8.8,7.5,Não atendido,7.6,6.7,7.5,8.5,Sim,Sim,8.458,10.0,Fase 3 (7º e 8º ano),0,,2022,Pública,3,1.0,1.0,Sem risco,Médio,Alta,Médio,Alto
RA-212,3,C,Aluno-212,2008-01-01,14.0,Masculino,2022,Escola Pública,Ametista,7.268,4.0,9.6,8.4,7.5,Não atendido,6.2,4.8,5.8,7.8,Não,Não,6.958,5.0,Fase 4 (9º ano),-1,,2022,Pública,3,0.0,0.0,Risco moderado,Médio,Alta,Médio,Médio
RA-213,3,C,Aluno-213,2009-01-01,13.0,Masculino,2022,Escola Pública,Ametista,7.209,4.0,9.6,8.7,7.5,Não atendido,3.5,5.0,2.0,,Não,Não,6.833,10.0,Fase 3 (7º e 8º ano),0,,2022,Pública,3,0.0,0.0,Sem risco,Médio,Alta,Médio,Médio
RA-214,3,C,Aluno-214,2007-01-01,15.0,Masculino,2022,Escola Pública,Quartzo,4.87,4.0,0.0,6.1,7.5,Não atendido,4.3,5.0,3.5,,Não,Não,5.125,5.0,Fase 5 (1º EM),-2,,2022,Pública,3,0.0,0.0,Risco moderado,Baixo,Baixa,Médio,Baixo
RA-215,3,D,Aluno-215,2009-01-01,13.0,Feminino,2021,Escola Pública,Ametista,7.172,4.0,6.7,5.8,7.5,Não atendido,7.8,5.7,7.7,10.0,Não,Não,6.542,10.0,Fase 3 (7º e 8º ano),0,,2022,Pública,3,0.0,0.0,Sem risco,Baixo,Baixa,Médio,Médio
RA-216,3,D,Aluno-216,2009-01-01,13.0,Feminino,2018,Escola Pública,Ametista,7.502,4.0,7.9,8.5,7.5,Não atendido,7.0,5.3,6.5,9.2,Não,Não,5.583,10.0,Fase 3 (7º e 8º ano),0,,2022,Pública,3,0.0,0.0,Sem risco,Médio,Baixa,Médio,Médio
RA-217,3,D,Aluno-217,2007-01-01,15.0,Feminino,2021,Escola Pública,Ametista,7.397,4.0,7.9,8.5,7.5,Não atendido,7.1,6.3,7.2,7.7,Sim,Não,7.292,5.0,Fase 5 (1º EM),-2,,2022,Pública,3,1.0,0.0,Risco moderado,Médio,Baixa,Médio,Médio
RA-218,3,D,Aluno-218,2008-01-01,14.0,Feminino,2022,Escola Pública,Ágata,6.1,4.0,6.3,7.3,7.5,Não atendido,4.0,5.0,7.0,0.0,Não,Não,6.125,5.0,Fase 4 (9º ano),-1,,2022,Pública,3,0.0,0.0,Risco moderado,Baixo,Baixa,Médio,Baixo
RA-219,3,D,Aluno-219,2006-01-01,16.0,Masculino,2019,Escola Pública,Quartzo,5.942,4.0,8.8,6.9,7.5,Não atendido,3.5,4.0,4.8,1.7,Não,Não,6.375,2.5,Fase 6 (2º EM),-3,,2022,Pública,3,0.0,0.0,Alto risco,Baixo,Média,Médio,Baixo
RA-220,3,D,Aluno-220,2009-01-01,13.0,Feminino,2022,Escola Pública,Ágata,7.028,4.0,0.0,8.1,7.5,Não atendido,6.5,6.8,6.8,5.8,Sim,Não,7.833,10.0,Fase 3 (7º e 8º ano),0,,2022,Pública,3,1.0,0.0,Sem risco,Médio,Baixa,Médio,Médio
RA-221,3,D,Aluno-221,2008-01-01,14.0,Masculino,2022,Escola Pública,Ágata,6.892,4.0,9.6,8.5,7.5,Não atendido,5.2,7.0,3.5,5.0,Não,Não,6.0,5.0,Fase 4 (9º ano),-1,,2022,Pública,3,0.0,0.0,Risco moderado,Médio,Alta,Médio,Baixo
RA-222,3,D,Aluno-222,2007-01-01,15.0,Feminino,2019,Escola Pública,Quartzo,5.604,4.0,7.1,4.6,7.5,Não atendido,6.2,5.0,7.5,6.0,Não,Não,4.917,5.0,Fase 5 (1º EM),-2,,2022,Pública,3,0.0,0.0,Risco moderado,Baixo,Baixa,Médio,Baixo
RA-223,3,E,Aluno-223,2009-01-01,13.0,Feminino,2022,Escola Pública,Quartzo,4.966,4.0,0.0,4.6,7.5,Não atendido,3.1,4.3,4.7,0.2,Não,Não,5.583,10.0,Fase 3 (7º e 8º ano),0,,2022,Pública,3,0.0,0.0,Sem risco,Baixo,Baixa,Médio,Baixo
RA-224,3,E,Aluno-224,2009-01-01,13.0,Masculino,2021,Escola Pública,Quartzo,5.671,4.0,9.6,4.3,7.5,Não atendido,2.6,5.0,2.7,0.0,Não,Não,4.875,10.0,Fase 3 (7º e 8º ano),0,,2022,Pública,3,0.0,0.0,Sem risco,Baixo,Alta,Médio,Baixo
RA-225,3,E,Aluno-225,2008-01-01,14.0,Masculino,2022,Escola Pública,Quartzo,5.918,4.0,8.3,5.3,7.5,Não atendido,5.0,3.0,7.0,,Não,Não,5.708,5.0,Fase 4 (9º ano),-1,,2022,Pública,3,0.0,0.0,Risco moderado,Baixo,Média,Médio,Baixo
RA-226,3,E,Aluno-226,2008-01-01,14.0,Feminino,2022,Escola Pública,Ágata,6.549,4.0,7.5,6.1,7.5,Não atendido,6.8,7.0,6.5,,Não,Não,6.208,5.0,Fase 4 (9º ano),-1,,2022,Pública,3,0.0,0.0,Risco moderado,Baixo,Baixa,Médio,Baixo
RA-227,3,E,Aluno-227,2010-01-01,12.0,Masculino,2022,Escola Pública,Ágata,6.471,4.0,9.2,6.4,7.5,Não atendido,3.3,4.7,4.3,1.0,Não,Não,5.833,10.0,Fase 3 (7º e 8º ano),0,,2022,Pública,3,0.0,0.0,Sem risco,Baixo,Alta,Médio,Baixo
RA-228,3,E,Aluno-228,2007-01-01,15.0,Feminino,2017,Escola Pública,Ágata,6.196,4.0,7.5,6.7,7.5,Não atendido,4.8,3.0,6.0,5.3,Não,Não,6.417,5.0,Fase 5 (1º EM),-2,,2022,Pública,3,0.0,0.0,Risco moderado,Baixo,Baixa,Médio,Baixo
RA-229,3,E,Aluno-229,2010-01-01,12.0,Masculino,2022,Escola Pública,Topázio,8.62,4.0,10.0,9.4,7.5,Não atendido,6.9,7.0,6.7,7.2,Sim,Sim,8.5,10.0,Fase 3 (7º e 8º ano),0,,2022,Pública,3,1.0,1.0,Sem risco,Alto,Alta,Médio,Alto
RA-230,3,E,Aluno-230,2008-01-01,14.0,Masculino,2022,Escola Pública,Ágata,6.328,4.0,7.9,5.1,7.5,Não atendido,5.7,3.7,4.3,9.0,Sim,Não,6.75,5.0,Fase 4 (9º ano),-1,,2022,Pública,3,1.0,0.0,Risco moderado,Baixo,Baixa,Médio,Baixo
RA-231,3,E,Aluno-231,2008-01-01,14.0,Masculino,2022,Escola Pública,Ágata,6.116,4.0,8.8,7.4,7.5,Não atendido,3.8,3.0,4.5,,Não,Não,5.333,5.0,Fase 4 (9º ano),-1,,2022,Pública,3,0.0,0.0,Risco moderado,Baixo,Média,Médio,Baixo
RA-232,3,E,Aluno-232,2010-01-01,12.0,Masculino,2022,Escola Pública,Quartzo,4.245,4.0,0.0,4.9,7.5,Não atendido,0.0,0.0,0.0,,Não,Não,4.542,10.0,Fase 3 (7º e 8º ano),0,,2022,Pública,3,0.0,0.0,Sem risco,Baixo,Baixa,Médio,Baixo
RA-233,3,E,Aluno-233,2008-01-01,14.0,Masculino,2022,Escola Pública,Ágata,6.051,4.0,7.9,7.4,7.5,Não atendido,3.8,3.0,4.5,,Não,Não,5.5,5.0,Fase 4 (9º ano),-1,,2022,Pública,3,0.0,0.0,Risco moderado,Baixo,Baixa,Médio,Baixo
RA-234,3,E,Aluno-234,2009-01-01,13.0,Masculino,2022,Escola Pública,Ágata,6.719,4.0,10.0,7.6,5.6,Sem limitações,4.3,3.7,6.3,2.8,Não,Não,5.583,10.0,Fase 3 (7º e 8º ano),0,,2022,Pública,3,0.0,0.0,Sem risco,Baixo,Alta,Baixo,Baixo
RA-235,3,E,Aluno-235,2008-01-01,14.0,Feminino,2022,Escola Pública,Ágata,6.79,4.0,8.3,7.3,7.5,Não atendido,6.3,7.0,5.5,,Não,Não,6.417,5.0,Fase 4 (9º ano),-1,,2022,Pública,3,0.0,0.0,Risco moderado,Baixo,Média,Médio,Baixo
RA-236,3,F,Aluno-236,2010-01-01,12.0,Feminino,2022,Escola Pública,Ametista,7.11,4.0,9.6,7.5,7.5,Não atendido,3.7,4.0,4.0,3.0,Não,Não,7.208,10.0,Fase 3 (7º e 8º ano),0,,2022,Pública,3,0.0,0.0,Sem risco,Baixo,Alta,Médio,Médio
RA-237,3,F,Aluno-237,2008-01-01,14.0,Feminino,2022,Escola Pública,Topázio,8.084,4.0,10.0,9.0,7.5,Não atendido,7.8,6.8,7.7,8.8,Sim,Sim,8.417,5.0,Fase 4 (9º ano),-1,,2022,Pública,3,1.0,1.0,Risco moderado,Médio,Alta,Médio,Alto
RA-238,3,F,Aluno-238,2008-01-01,14.0,Feminino,2021,Escola Pública,Ágata,6.331,4.0,8.8,6.4,5.0,Requer avaliação,5.1,4.3,6.5,4.5,Não,Não,7.208,5.0,Fase 4 (9º ano),-1,,2022,Pública,3,0.0,0.0,Risco moderado,Baixo,Média,Baixo,Baixo
RA-239,3,F,Aluno-239,2007-01-01,15.0,Feminino,2021,Escola Pública,Quartzo,4.572,4.0,0.0,3.7,7.5,Não atendido,3.7,2.0,4.7,4.5,Não,Não,5.958,5.0,Fase 5 (1º EM),-2,,2022,Pública,3,0.0,0.0,Risco moderado,Baixo,Baixa,Médio,Baixo
RA-240,3,F,Aluno-240,2009-01-01,13.0,Feminino,2017,Rede Decisão,Ágata,6.943,4.0,7.1,8.1,5.0,Requer avaliação,4.7,6.3,5.0,2.8,Não,Não,7.042,10.0,Fase 3 (7º e 8º ano),0,,2022,Outros,3,0.0,0.0,Sem risco,Médio,Baixa,Baixo,Médio
RA-241,3,F,Aluno-241,2008-01-01,14.0,Masculino,2016,Rede Decisão,Topázio,8.468,4.0,10.0,10.0,7.5,Não atendido,7.7,8.2,7.5,7.3,Não,Sim,9.125,5.0,Fase 4 (9º ano),-1,,2022,Outros,3,0.0,1.0,Risco moderado,Alto,Alta,Médio,Alto
RA-242,3,F,Aluno-242,2009-01-01,13.0,Masculino,2018,Rede Decisão,Topázio,8.673,4.0,9.6,9.7,5.6,Requer avaliação,8.2,8.7,7.2,8.7,Não,Sim,8.708,10.0,Fase 3 (7º e 8º ano),0,,2022,Outros,3,0.0,1.0,Sem risco,Alto,Alta,Baixo,Alto
RA-243,3,F,Aluno-243,2007-01-01,15.0,Feminino,2022,Escola Pública,Ágata,6.982,4.0,7.1,8.7,5.0,Requer avaliação,6.0,5.0,5.3,7.7,Não,Não,7.875,5.0,Fase 5 (1º EM),-2,,2022,Pública,3,0.0,0.0,Risco moderado,Médio,Baixa,Baixo,Médio
RA-244,3,F,Aluno-244,2010-01-01,12.0,Feminino,2018,Rede Decisão,Topázio,8.51,4.0,7.5,9.4,6.3,Requer avaliação,7.8,6.7,8.0,8.7,Não,Sim,9.208,10.0,Fase 3 (7º e 8º ano),0,,2022,Outros,3,0.0,1.0,Sem risco,Alto,Baixa,Médio,Alto
RA-245,3,F,Aluno-245,2008-01-01,14.0,Masculino,2016,Rede Decisão,Topázio,8.656,4.0,10.0,9.9,7.5,Não atendido,8.4,8.3,8.2,8.8,Não,Sim,9.25,5.0,Fase 4 (9º ano),-1,,2022,Outros,3,0.0,1.0,Risco moderado,Alto,Alta,Médio,Alto
RA-246,3,F,Aluno-246,2009-01-01,13.0,Masculino,2022,Escola Pública,Topázio,8.639,4.0,8.3,9.4,7.5,Não atendido,7.6,8.0,6.7,8.0,Sim,Sim,9.167,10.0,Fase 3 (7º e 8º ano),0,,2022,Pública,3,1.0,1.0,Sem risco,Alto,Média,Médio,Alto
RA-247,3,F,Aluno-247,2009-01-01,13.0,Feminino,2021,Escola Pública,Ametista,7.72,4.0,8.3,8.2,7.5,Não atendido,5.8,5.3,5.7,6.3,Sim,Não,7.875,10.0,Fase 3 (7º e 8º ano),0,,2022,Pública,3,1.0,0.0,Sem risco,Médio,Média,Médio,Médio
RA-248,3,F,Aluno-248,2009-01-01,13.0,Masculino,2022,Escola Pública,Ametista,7.429,4.0,9.2,7.6,7.5,Não atendido,5.2,4.0,5.5,6.0,Não,Não,7.292,10.0,Fase 3 (7º e 8º ano),0,,2022,Pública,3,0.0,0.0,Sem risco,Baixo,Alta,Médio,Médio
RA-249,3,G,Aluno-249,2008-01-01,14.0,Masculino,2017,Escola Pública,Quartzo,5.097,4.0,6.7,7.4,5.0,Não atendido,2.9,2.3,4.2,2.2,Não,Não,4.292,5.0,Fase 4 (9º ano),-1,,2022,Pública,3,0.0,0.0,Risco moderado,Baixo,Baixa,Baixo,Baixo
RA-250,3,G,Aluno-250,2010-01-01,12.0,Feminino,2022,Escola Pública,Ametista,7.958,4.0,8.3,8.6,7.5,Não atendido,6.6,6.7,6.5,6.7,Sim,Não,7.625,10.0,Fase 3 (7º e 8º ano),0,,2022,Pública,3,1.0,0.0,Sem risco,Médio,Média,Médio,Alto
RA-251,3,G,Aluno-251,2007-01-01,15.0,Masculino,2018,Escola Pública,Ágata,7.022,4.0,10.0,8.1,5.6,Sem limitações,6.3,5.3,6.3,7.2,Não,Não,6.625,5.0,Fase 5 (1º EM),-2,,2022,Pública,3,0.0,0.0,Risco moderado,Médio,Alta,Baixo,Médio
RA-252,3,G,Aluno-252,2008-01-01,14.0,Masculino,2018,Escola Pública,Quartzo,4.277,4.0,9.2,2.8,7.5,Não atendido,0.9,1.3,1.2,0.2,Não,Não,3.875,5.0,Fase 4 (9º ano),-1,,2022,Pública,3,0.0,0.0,Risco moderado,Baixo,Alta,Médio,Baixo
RA-253,3,G,Aluno-253,2007-01-01,15.0,Masculino,2019,Escola Pública,Quartzo,4.312,4.0,9.2,3.6,5.0,Requer avaliação,1.8,1.0,3.7,0.7,Não,Não,3.75,5.0,Fase 5 (1º EM),-2,,2022,Pública,3,0.0,0.0,Risco moderado,Baixo,Alta,Baixo,Baixo
RA-254,3,G,Aluno-254,2008-01-01,14.0,Masculino,2019,Escola Pública,Ágata,6.715,4.0,10.0,7.4,5.6,Requer avaliação,5.3,5.0,6.8,4.0,Não,Não,6.917,5.0,Fase 4 (9º ano),-1,,2022,Pública,3,0.0,0.0,Risco moderado,Baixo,Alta,Baixo,Baixo
RA-255,3,G,Aluno-255,2008-01-01,14.0,Masculino,2019,Escola Pública,Quartzo,4.563,4.0,7.5,3.8,5.0,Não indicado,1.3,1.0,2.3,0.5,Não,Não,5.542,5.0,Fase 4 (9º ano),-1,,2022,Pública,3,0.0,0.0,Risco moderado,Baixo,Baixa,Baixo,Baixo
RA-256,3,G,Aluno-256,2010-01-01,12.0,Feminino,2019,Escola Pública,Ametista,7.192,4.0,8.8,8.5,5.0,Requer avaliação,5.2,5.3,6.7,3.5,Não,Não,6.708,10.0,Fase 3 (7º e 8º ano),0,,2022,Pública,3,0.0,0.0,Sem risco,Médio,Média,Baixo,Médio
RA-257,3,G,Aluno-257,2008-01-01,14.0,Feminino,2018,Escola Pública,Quartzo,5.149,4.0,0.0,6.4,5.6,Requer avaliação,3.6,4.0,5.2,1.5,Não,Não,6.708,5.0,Fase 4 (9º ano),-1,,2022,Pública,3,0.0,0.0,Risco moderado,Baixo,Baixa,Baixo,Baixo
RA-258,3,G,Aluno-258,2010-01-01,12.0,Feminino,2018,Escola Pública,Ágata,6.926,4.0,10.0,7.3,5.6,Sem limitações,4.8,2.7,6.2,5.5,Não,Não,6.125,10.0,Fase 3 (7º e 8º ano),0,,2022,Pública,3,0.0,0.0,Sem risco,Baixo,Alta,Baixo,Médio
RA-259,3,G,Aluno-259,2006-01-01,16.0,Masculino,2017,Escola Pública,Quartzo,4.182,4.0,8.8,2.9,7.5,Não atendido,0.9,0.0,2.7,0.2,Não,Não,4.625,2.5,Fase 6 (2º EM),-3,,2022,Pública,3,0.0,0.0,Alto risco,Baixo,Média,Médio,Baixo
RA-260,3,G,Aluno-260,2009-01-01,13.0,Feminino,2019,Escola Pública,Ametista,7.44,4.0,10.0,8.2,7.5,Não atendido,5.0,5.7,5.2,4.2,Não,Não,6.458,10.0,Fase 3 (7º e 8º ano),0,,2022,Pública,3,0.0,0.0,Sem risco,Médio,Alta,Médio,Médio
RA-261,3,G,Aluno-261,2008-01-01,14.0,Feminino,2019,Escola Pública,Ágata,6.763,4.0,8.8,7.2,5.6,Sem limitações,5.8,6.2,5.8,5.5,Sim,Não,7.042,5.0,Fase 4 (9º ano),-1,,2022,Pública,3,1.0,0.0,Risco moderado,Baixo,Média,Baixo,Baixo
RA-262,3,G,Aluno-262,2007-01-01,15.0,Masculino,2021,Escola Pública,Quartzo,4.786,4.0,0.0,5.8,5.6,Sem limitações,3.4,1.3,5.5,3.5,Não,Não,5.625,5.0,Fase 5 (1º EM),-2,,2022,Pública,3,0.0,0.0,Risco moderado,Baixo,Baixa,Baixo,Baixo
RA-263,3,G,Aluno-263,2007-01-01,15.0,Feminino,2019,Escola Pública,Quartzo,5.319,4.0,5.8,5.6,7.5,Não atendido,3.7,3.0,2.8,5.4,Não,Não,4.417,5.0,Fase 5 (1º EM),-2,,2022,Pública,3,0.0,0.0,Risco moderado,Baixo,Baixa,Médio,Baixo
RA-264,3,I,Aluno-264,2007-01-01,15.0,Feminino,2022,Escola Pública,Ametista,7.087,4.0,10.0,9.2,5.6,Requer avaliação,5.8,6.0,5.5,,Não,Não,6.625,5.0,Fase 5 (1º EM),-2,,2022,Pública,3,0.0,0.0,Risco moderado,Alto,Alta,Baixo,Médio
RA-265,3,I,Aluno-265,2009-01-01,13.0,Masculino,2019,Escola Pública,Ametista,7.926,4.0,8.3,7.7,7.5,Não atendido,6.9,5.3,7.0,8.5,Sim,Não,7.917,10.0,Fase 3 (7º e 8º ano),0,,2022,Pública,3,1.0,0.0,Sem risco,Baixo,Média,Médio,Alto
RA-266,3,I,Aluno-266,2006-01-01,16.0,Feminino,2019,Escola Pública,Quartzo,5.987,4.0,7.5,5.8,5.6,Requer avaliação,6.0,5.0,6.7,6.3,Não,Não,6.583,2.5,Fase 6 (2º EM),-3,,2022,Pública,3,0.0,0.0,Alto risco,Baixo,Baixa,Baixo,Baixo
RA-267,3,I,Aluno-267,2007-01-01,15.0,Feminino,2016,Escola Pública,Ágata,6.012,4.0,10.0,7.4,5.0,Não indicado,3.3,2.3,4.8,2.7,Não,Não,6.292,5.0,Fase 5 (1º EM),-2,,2022,Pública,3,0.0,0.0,Risco moderado,Baixo,Alta,Baixo,Baixo
RA-268,3,K,Aluno-268,2008-01-01,14.0,Feminino,2021,Escola Pública,Ágata,6.695,4.0,9.2,6.7,6.3,Requer avaliação,5.7,7.0,6.8,3.2,Sim,Não,7.208,5.0,Fase 4 (9º ano),-1,,2022,Pública,3,1.0,0.0,Risco moderado,Baixo,Alta,Médio,Baixo
RA-269,3,K,Aluno-269,2009-01-01,13.0,Masculino,2022,Escola Pública,Topázio,8.231,4.0,9.2,8.6,6.3,Requer avaliação,8.9,8.7,9.5,8.5,Não,Não,7.25,10.0,Fase 3 (7º e 8º ano),0,,2022,Pública,3,0.0,0.0,Sem risco,Médio,Alta,Médio,Alto
RA-270,3,K,Aluno-270,2009-01-01,13.0,Feminino,2019,Rede Decisão,Topázio,8.226,4.0,8.3,8.4,6.9,Não atendido,7.9,8.0,7.2,8.5,Não,Não,8.125,10.0,Fase 3 (7º e 8º ano),0,,2022,Outros,3,0.0,0.0,Sem risco,Médio,Média,Médio,Alto
RA-271,3,K,Aluno-271,2007-01-01,15.0,Feminino,2022,Escola Pública,Ametista,7.255,4.0,9.2,8.5,5.6,Requer avaliação,7.1,6.3,6.5,8.3,Sim,Não,6.958,5.0,Fase 5 (1º EM),-2,,2022,Pública,3,1.0,0.0,Risco moderado,Médio,Alta,Baixo,Médio
RA-272,3,K,Aluno-272,2008-01-01,14.0,Masculino,2021,Escola Pública,Ágata,6.361,4.0,9.2,5.7,7.5,Não atendido,5.1,5.0,6.8,3.5,Não,Não,6.417,5.0,Fase 4 (9º ano),-1,,2022,Pública,3,0.0,0.0,Risco moderado,Baixo,Alta,Médio,Baixo
RA-273,3,K,Aluno-273,2008-01-01,14.0,Feminino,2018,Escola Pública,Quartzo,5.679,4.0,9.2,5.3,7.5,Não atendido,3.0,3.8,4.7,0.5,Não,Não,5.833,5.0,Fase 4 (9º ano),-1,,2022,Pública,3,0.0,0.0,Risco moderado,Baixo,Alta,Médio,Baixo
RA-274,3,K,Aluno-274,2011-01-01,11.0,Feminino,2019,Rede Decisão,Ametista,7.946,4.0,7.9,8.3,7.5,Não atendido,8.1,8.1,9.3,7.0,Não,Não,7.0,10.0,Fase 2 (5º e 6º ano),1,,2022,Outros,3,0.0,0.0,Sem risco,Médio,Baixa,Médio,Alto
RA-275,3,K,Aluno-275,2007-01-01,15.0,Masculino,2018,Escola Pública,Ágata,6.665,4.0,9.6,6.9,7.5,Não atendido,4.6,5.0,6.0,2.7,Sim,Não,6.667,5.0,Fase 5 (1º EM),-2,,2022,Pública,3,1.0,0.0,Risco moderado,Baixo,Alta,Médio,Baixo
RA-276,3,K,Aluno-276,2008-01-01,14.0,Feminino,2017,Escola Pública,Quartzo,5.527,4.0,7.1,5.7,5.6,Não indicado,4.3,3.7,6.0,3.3,Não,Não,5.125,5.0,Fase 4 (9º ano),-1,,2022,Pública,3,0.0,0.0,Risco moderado,Baixo,Baixa,Baixo,Baixo
RA-277,3,K,Aluno-277,2008-01-01,14.0,Masculino,2021,Escola Pública,Ametista,7.411,4.0,7.1,8.8,7.5,Não atendido,7.4,7.2,7.0,8.2,Sim,Não,7.208,5.0,Fase 4 (9º ano),-1,,2022,Pública,3,1.0,0.0,Risco moderado,Médio,Baixa,Médio,Médio
RA-278,3,K,Aluno-278,2010-01-01,12.0,Masculino,2018,Rede Decisão,Ametista,7.741,4.0,8.8,9.2,5.6,Requer avaliação,6.0,5.7,5.8,6.4,Não,Não,7.417,10.0,Fase 3 (7º e 8º ano),0,,2022,Outros,3,0.0,0.0,Sem risco,Alto,Média,Baixo,Médio
RA-279,3,K,Aluno-279,2009-01-01,13.0,Masculino,2019,Rede Decisão,Topázio,8.815,4.0,9.2,9.9,6.3,Sem limitações,9.1,9.7,8.3,9.3,Não,Não,8.208,10.0,Fase 3 (7º e 8º ano),0,,2022,Outros,3,0.0,0.0,Sem risco,Alto,Alta,Médio,Alto
RA-280,3,K,Aluno-280,2009-01-01,13.0,Feminino,2021,Rede Decisão,Ametista,8.046,4.0,7.5,9.2,7.5,Sem limitações,7.1,5.7,7.0,8.7,Não,Não,7.333,10.0,Fase 3 (7º e 8º ano),0,,2022,Outros,3,0.0,0.0,Sem risco,Alto,Baixa,Médio,Alto
RA-281,3,K,Aluno-281,2009-01-01,13.0,Feminino,2019,Escola Pública,Ágata,6.806,4.0,6.7,6.9,7.5,Sem limitações,5.9,5.0,6.8,6.0,Não,Não,5.625,10.0,Fase 3 (7º e 8º ano),0,,2022,Pública,3,0.0,0.0,Sem risco,Baixo,Baixa,Médio,Baixo
RA-282,3,K,Aluno-282,2009-01-01,13.0,Feminino,2019,Escola Pública,Ágata,6.618,4.0,8.8,6.8,7.5,Sem limitações,4.0,4.7,6.3,1.0,Não,Não,5.625,10.0,Fase 3 (7º e 8º ano),0,,2022,Pública,3,0.0,0.0,Sem risco,Baixo,Média,Médio,Baixo
RA-283,3,K,Aluno-283,2008-01-01,14.0,Masculino,2020,Escola Pública,Ametista,7.131,4.0,9.6,8.8,7.5,Não atendido,5.6,4.5,5.8,6.6,Não,Não,6.625,5.0,Fase 4 (9º ano),-1,,2022,Pública,3,0.0,0.0,Risco moderado,Médio,Alta,Médio,Médio
RA-284,3,L,Aluno-284,2009-01-01,13.0,Masculino,2022,Escola Pública,Quartzo,5.939,4.0,6.7,5.1,5.6,Sem limitações,3.8,7.0,4.5,0.0,Não,Não,5.958,10.0,Fase 3 (7º e 8º ano),0,,2022,Pública,3,0.0,0.0,Sem risco,Baixo,Baixa,Baixo,Baixo
RA-285,3,L,Aluno-285,2006-01-01,16.0,Feminino,2020,Escola Pública,Quartzo,5.063,4.0,9.2,4.1,7.5,Sem limitações,2.8,4.0,3.2,1.2,Não,Não,5.75,2.5,Fase 6 (2º EM),-3,,2022,Pública,3,0.0,0.0,Alto risco,Baixo,Alta,Médio,Baixo
RA-286,3,L,Aluno-286,2007-01-01,15.0,Feminino,2022,Escola Pública,Quartzo,5.424,4.0,7.1,5.8,6.3,Sem limitações,3.0,4.7,2.3,2.0,Não,Não,5.625,5.0,Fase 5 (1º EM),-2,,2022,Pública,3,0.0,0.0,Risco moderado,Baixo,Baixa,Médio,Baixo
RA-287,3,L,Aluno-287,2005-01-01,17.0,Feminino,2022,Escola Pública,Quartzo,3.7,4.0,7.9,3.4,5.0,Requer avaliação,1.1,0.7,2.5,0.2,Não,Não,4.292,2.5,Fase 7 (3º EM),-4,,2022,Pública,3,0.0,0.0,Alto risco,Baixo,Baixa,Baixo,Baixo
RA-288,3,L,Aluno-288,2006-01-01,16.0,Feminino,2022,Escola Pública,Quartzo,4.097,4.0,0.0,5.6,6.3,Sem limitações,0.0,,,,Não,Não,6.833,2.5,Fase 6 (2º EM),-3,,2022,Pública,3,0.0,0.0,Alto risco,Baixo,Baixa,Médio,Baixo
RA-289,3,L,Aluno-289,2008-01-01,14.0,Feminino,2020,Escola Pública,Ágata,6.236,4.0,0.0,7.8,6.3,Sem limitações,6.8,5.3,7.5,7.5,Não,Não,7.25,5.0,Fase 4 (9º ano),-1,,2022,Pública,3,0.0,0.0,Risco moderado,Baixo,Baixa,Médio,Baixo
RA-290,3,L,Aluno-290,2005-01-01,17.0,Feminino,2022,Escola Pública,Quartzo,4.929,4.0,10.0,3.9,6.3,Sem limitações,1.7,1.0,2.3,1.8,Não,Não,6.042,2.5,Fase 7 (3º EM),-4,,2022,Pública,3,0.0,0.0,Alto risco,Baixo,Alta,Médio,Baixo
RA-291,3,L,Aluno-291,2009-01-01,13.0,Masculino,2022,Escola Pública,Topázio,8.122,4.0,8.3,8.2,6.9,Sem limitações,8.0,8.0,7.5,8.5,Sim,Não,7.792,10.0,Fase 3 (7º e 8º ano),0,,2022,Pública,3,1.0,0.0,Sem risco,Médio,Média,Médio,Alto
RA-292,3,L,Aluno-292,2006-01-01,16.0,Masculino,2022,Escola Pública,Quartzo,4.837,4.0,7.9,3.7,7.5,Não atendido,1.8,0.0,5.0,0.5,Não,Não,6.292,2.5,Fase 6 (2º EM),-3,,2022,Pública,3,0.0,0.0,Alto risco,Baixo,Baixa,Médio,Baixo
RA-293,3,L,Aluno-293,2009-01-01,13.0,Masculino,2022,Escola Pública,Quartzo,4.875,4.0,8.8,2.9,7.5,Não atendido,2.3,2.0,3.8,1.0,Não,Não,3.333,10.0,Fase 3 (7º e 8º ano),0,,2022,Pública,3,0.0,0.0,Sem risco,Baixo,Média,Médio,Baixo
RA-294,3,L,Aluno-294,2004-01-01,18.0,Feminino,2022,Escola Pública,Quartzo,5.031,4.0,9.6,5.8,7.5,Não atendido,0.0,,,,Não,Não,5.917,2.5,Fase 8 (Universitários),-5,,2022,Pública,3,0.0,0.0,Alto risco,Baixo,Alta,Médio,Baixo
RA-295,3,M,Aluno-295,2008-01-01,14.0,Feminino,2022,Escola Pública,Ametista,7.305,4.0,7.9,8.0,7.5,Não atendido,6.9,5.3,7.7,7.7,Sim,Não,7.375,5.0,Fase 4 (9º ano),-1,,2022,Pública,3,1.0,0.0,Risco moderado,Médio,Baixa,Médio,Médio
RA-296,3,M,Aluno-296,2007-01-01,15.0,Feminino,2022,Escola Pública,Quartzo,4.665,4.0,8.8,3.6,7.5,Não atendido,2.8,5.7,2.7,0.2,Não,Não,3.833,5.0,Fase 5 (1º EM),-2,,2022,Pública,3,0.0,0.0,Risco moderado,Baixo,Média,Médio,Baixo
RA-297,3,M,Aluno-297,2009-01-01,13.0,Feminino,2022,Escola Pública,Ametista,7.478,4.0,7.1,7.9,6.3,Sem limitações,6.6,6.3,5.3,8.2,Sim,Não,7.417,10.0,Fase 3 (7º e 8º ano),0,,2022,Pública,3,1.0,0.0,Sem risco,Médio,Baixa,Médio,Médio
RA-298,3,M,Aluno-298,2009-01-01,13.0,Masculino,2019,Escola Pública,Ágata,6.409,4.0,9.2,6.3,5.6,Sem limitações,5.2,5.5,4.8,,Não,Não,5.417,10.0,Fase 3 (7º e 8º ano),0,,2022,Pública,3,0.0,0.0,Sem risco,Baixo,Alta,Baixo,Baixo
RA-299,3,M,Aluno-299,2009-01-01,13.0,Feminino,2019,Rede Decisão,Ametista,7.278,4.0,7.1,8.2,5.0,Requer avaliação,6.8,6.3,7.3,6.7,Não,Não,6.708,10.0,Fase 3 (7º e 8º ano),0,,2022,Outros,3,0.0,0.0,Sem risco,Médio,Baixa,Baixo,Médio
RA-300,3,M,Aluno-300,2008-01-01,14.0,Masculino,2022,Escola Pública,Quartzo,5.557,4.0,5.4,6.9,6.3,Sem limitações,3.1,2.7,4.8,1.7,Sim,Não,5.875,5.0,Fase 4 (9º ano),-1,,2022,Pública,3,1.0,0.0,Risco moderado,Baixo,Baixa,Médio,Baixo
RA-301,3,M,Aluno-301,2009-01-01,13.0,Feminino,2019,Escola Pública,Ágata,6.802,4.0,8.8,5.8,5.6,Sem limitações,6.3,6.5,7.2,5.4,Sim,Não,6.042,10.0,Fase 3 (7º e 8º ano),0,,2022,Pública,3,1.0,0.0,Sem risco,Baixo,Média,Baixo,Baixo
RA-302,3,M,Aluno-302,2006-01-01,16.0,Masculino,2022,Escola Pública,Ágata,6.334,4.0,9.2,7.7,6.9,Sem limitações,4.8,4.3,5.0,5.0,Não,Não,6.208,2.5,Fase 6 (2º EM),-3,,2022,Pública,3,0.0,0.0,Alto risco,Baixo,Alta,Médio,Baixo
RA-303,3,M,Aluno-303,2008-01-01,14.0,Masculino,2019,Escola Pública,Ágata,6.03,4.0,7.5,7.2,7.5,Não atendido,3.9,3.8,4.0,,Não,Não,5.375,5.0,Fase 4 (9º ano),-1,,2022,Pública,3,0.0,0.0,Risco moderado,Baixo,Baixa,Médio,Baixo
RA-304,3,M,Aluno-304,2007-01-01,15.0,Masculino,2020,Escola Pública,Ágata,6.355,4.0,8.8,7.7,7.5,Não atendido,4.3,3.0,5.5,,Sim,Não,5.542,5.0,Fase 5 (1º EM),-2,,2022,Pública,3,1.0,0.0,Risco moderado,Baixo,Média,Médio,Baixo
RA-305,3,M,Aluno-305,2008-01-01,14.0,Masculino,2019,Escola Pública,Ágata,6.058,4.0,7.9,6.6,7.5,Não atendido,4.8,2.8,6.7,,Não,Não,5.208,5.0,Fase 4 (9º ano),-1,,2022,Pública,3,0.0,0.0,Risco moderado,Baixo,Baixa,Médio,Baixo
RA-306,3,M,Aluno-306,2008-01-01,14.0,Feminino,2021,Escola Pública,Ágata,6.427,4.0,8.3,6.8,7.5,Não atendido,5.2,4.7,5.8,5.0,Não,Não,5.958,5.0,Fase 4 (9º ano),-1,,2022,Pública,3,0.0,0.0,Risco moderado,Baixo,Média,Médio,Baixo
RA-307,3,M,Aluno-307,2008-01-01,14.0,Masculino,2022,Escola Pública,Quartzo,4.733,4.0,5.4,4.5,7.5,Não atendido,2.5,5.0,0.0,,Não,Não,4.708,5.0,Fase 4 (9º ano),-1,,2022,Pública,3,0.0,0.0,Risco moderado,Baixo,Baixa,Médio,Baixo
RA-308,3,M,Aluno-308,2009-01-01,13.0,Masculino,2019,Escola Pública,Ágata,6.93,4.0,7.9,7.4,6.9,Sem limitações,5.0,6.7,5.5,2.8,Sim,Não,6.167,10.0,Fase 3 (7º e 8º ano),0,,2022,Pública,3,1.0,0.0,Sem risco,Baixo,Baixa,Médio,Médio
RA-309,3,M,Aluno-309,2008-01-01,14.0,Feminino,2022,Escola Pública,Ágata,6.151,4.0,9.2,5.2,7.5,Não atendido,6.5,7.0,6.0,,Não,Não,5.083,5.0,Fase 4 (9º ano),-1,,2022,Pública,3,0.0,0.0,Risco moderado,Baixo,Alta,Médio,Baixo
RA-310,3,M,Aluno-310,2007-01-01,15.0,Feminino,2022,Escola Pública,Ágata,6.4,4.0,7.9,7.5,7.5,Não atendido,4.5,3.7,3.8,6.0,Sim,Não,6.0,5.0,Fase 5 (1º EM),-2,,2022,Pública,3,1.0,0.0,Risco moderado,Baixo,Baixa,Médio,Baixo
RA-311,3,N,Aluno-311,2006-01-01,16.0,Feminino,2022,Escola Pública,Quartzo,5.652,3.0,7.9,5.6,5.0,Requer avaliação,5.2,5.0,6.2,4.3,Não,Não,6.222,2.5,Fase 6 (2º EM),-3,,2022,Pública,3,0.0,0.0,Alto risco,Baixo,Baixa,Baixo,Baixo
RA-312,3,N,Aluno-312,2009-01-01,13.0,Feminino,2022,Escola Pública,Ametista,7.339,3.0,9.6,8.1,7.5,Não atendido,5.2,6.0,4.5,5.0,Não,Não,6.167,10.0,Fase 3 (7º e 8º ano),0,,2022,Pública,3,0.0,0.0,Sem risco,Médio,Alta,Médio,Médio
RA-313,3,N,Aluno-313,2008-01-01,14.0,Feminino,2022,Escola Pública,Quartzo,5.8,3.0,7.5,7.0,5.0,Requer avaliação,4.1,4.7,5.0,2.5,Não,Não,5.889,5.0,Fase 4 (9º ano),-1,,2022,Pública,3,0.0,0.0,Risco moderado,Baixo,Baixa,Baixo,Baixo
RA-314,3,N,Aluno-314,2009-01-01,13.0,Feminino,2022,Escola Pública,Ágata,6.1,3.0,5.4,5.4,5.0,Requer avaliação,5.3,4.3,3.3,8.3,Não,Não,6.0,10.0,Fase 3 (7º e 8º ano),0,,2022,Pública,3,0.0,0.0,Sem risco,Baixo,Baixa,Baixo,Baixo
RA-315,3,N,Aluno-315,2009-01-01,13.0,Feminino,2022,Escola Pública,Quartzo,5.672,3.0,6.7,5.1,7.5,Não atendido,3.0,3.0,4.2,1.8,Não,Não,5.056,10.0,Fase 3 (7º e 8º ano),0,,2022,Pública,3,0.0,0.0,Sem risco,Baixo,Baixa,Médio,Baixo
RA-316,3,N,Aluno-316,2008-01-01,14.0,Feminino,2022,Escola Pública,Ametista,7.889,3.0,10.0,10.0,6.9,Não atendido,6.1,7.0,6.5,4.7,Sim,Sim,8.389,5.0,Fase 4 (9º ano),-1,,2022,Pública,3,1.0,1.0,Risco moderado,Alto,Alta,Médio,Alto
RA-317,3,N,Aluno-317,2009-01-01,13.0,Masculino,2021,Escola Pública,Ametista,7.04,3.0,8.8,5.6,7.5,Não atendido,6.8,4.7,5.7,10.0,Não,Não,5.944,10.0,Fase 3 (7º e 8º ano),0,,2022,Pública,3,0.0,0.0,Sem risco,Baixo,Média,Médio,Médio
RA-318,3,N,Aluno-318,2008-01-01,14.0,Feminino,2019,Escola Pública,Ágata,6.527,3.0,8.3,6.9,6.9,Sem limitações,5.8,4.3,5.8,7.3,Não,Não,6.111,5.0,Fase 4 (9º ano),-1,,2022,Pública,3,0.0,0.0,Risco moderado,Baixo,Média,Médio,Baixo
RA-319,3,N,Aluno-319,2009-01-01,13.0,Masculino,2022,Escola Pública,Ametista,7.448,3.0,9.2,7.7,7.5,Não atendido,5.2,6.3,4.3,5.0,Não,Não,7.5,10.0,Fase 3 (7º e 8º ano),0,,2022,Pública,3,0.0,0.0,Sem risco,Baixo,Alta,Médio,Médio
RA-320,3,N,Aluno-320,2008-01-01,14.0,Feminino,2022,Escola Pública,Ametista,7.897,3.0,8.8,10.0,6.9,Sem limitações,6.4,7.3,6.3,5.7,Sim,Sim,8.667,5.0,Fase 4 (9º ano),-1,,2022,Pública,3,1.0,1.0,Risco moderado,Alto,Média,Médio,Alto
RA-321,3,N,Aluno-321,2010-01-01,12.0,Feminino,2022,Escola Pública,Ametista,7.792,3.0,9.2,9.1,5.6,Sem limitações,5.2,5.7,6.2,3.7,Sim,Não,8.278,10.0,Fase 3 (7º e 8º ano),0,,2022,Pública,3,1.0,0.0,Sem risco,Médio,Alta,Baixo,Alto
RA-322,3,N,Aluno-322,2009-01-01,13.0,Feminino,2022,Escola Pública,Ágata,6.859,3.0,7.1,8.1,5.0,Requer avaliação,4.7,4.3,5.7,4.0,Não,Não,6.778,10.0,Fase 3 (7º e 8º ano),0,,2022,Pública,3,0.0,0.0,Sem risco,Médio,Baixa,Baixo,Baixo
RA-323,3,N,Aluno-323,2009-01-01,13.0,Masculino,2022,Escola Pública,Ágata,6.86,3.0,9.2,7.3,7.5,Sem limitações,3.4,7.3,2.5,0.5,Não,Não,6.611,10.0,Fase 3 (7º e 8º ano),0,,2022,Pública,3,0.0,0.0,Sem risco,Baixo,Alta,Médio,Baixo
RA-324,2,A,Aluno-324,2012-01-01,10.0,Feminino,2022,Escola Pública,Topázio,8.27,3.0,10.0,9.3,6.9,Sem limitações,6.8,6.3,7.2,,Sim,Sim,8.611,10.0,Fase 2 (5º e 6º ano),0,,2022,Pública,2,1.0,1.0,Sem risco,Alto,Alta,Médio,Alto
RA-325,2,A,Aluno-325,2012-01-01,10.0,Masculino,2022,Escola Pública,Ametista,7.619,3.0,9.5,6.8,7.5,Sem limitações,6.0,6.0,6.0,,Sim,Sim,8.444,10.0,Fase 2 (5º e 6º ano),0,,2022,Pública,2,1.0,1.0,Sem risco,Baixo,Alta,Médio,Médio
RA-326,2,A,Aluno-326,2010-01-01,12.0,Feminino,2022,Escola Pública,Topázio,8.22,3.0,10.0,9.7,5.0,Requer avaliação,9.0,8.7,9.3,,Sim,Sim,8.944,5.0,Fase 3 (7º e 8º ano),-1,,2022,Pública,2,1.0,1.0,Risco moderado,Alto,Alta,Baixo,Alto
RA-327,2,A,Aluno-327,2011-01-01,11.0,Masculino,2021,Escola Pública,Ágata,6.986,3.0,8.5,8.8,7.5,Sem limitações,2.8,2.3,3.2,,Não,Não,7.333,10.0,Fase 2 (5º e 6º ano),0,,2022,Pública,2,0.0,0.0,Sem risco,Médio,Média,Médio,Médio
RA-328,2,A,Aluno-328,2010-01-01,12.0,Masculino,2020,Escola Pública,Ágata,6.823,3.0,10.0,7.0,7.5,Sem limitações,5.3,4.0,6.5,,Não,Não,7.5,5.0,Fase 3 (7º e 8º ano),-1,,2022,Pública,2,0.0,0.0,Risco moderado,Baixo,Alta,Médio,Baixo
RA-329,2,A,Aluno-329,2011-01-01,11.0,Masculino,2019,Escola Pública,Ágata,6.313,3.0,7.4,6.9,4.4,Requer avaliação,5.0,3.0,7.0,,Não,Não,5.778,10.0,Fase 2 (5º e 6º ano),0,,2022,Pública,2,0.0,0.0,Sem risco,Baixo,Baixa,Baixo,Baixo
RA-330,2,A,Aluno-330,2008-01-01,14.0,Feminino,2018,Escola Pública,Ágata,6.446,3.0,9.5,8.8,7.5,Sem limitações,2.5,2.3,2.7,,Não,Não,7.056,5.0,Fase 4 (9º ano),-2,,2022,Pública,2,0.0,0.0,Risco moderado,Médio,Alta,Médio,Baixo
RA-331,2,A,Aluno-331,2010-01-01,12.0,Feminino,2019,Escola Pública,Ágata,6.636,3.0,9.0,8.7,7.5,Sem limitações,3.7,2.3,5.0,,Não,Não,6.944,5.0,Fase 3 (7º e 8º ano),-1,,2022,Pública,2,0.0,0.0,Risco moderado,Médio,Média,Médio,Baixo
RA-332,2,A,Aluno-332,2009-01-01,13.0,Masculino,2017,Rede Decisão,Ametista,7.883,3.0,9.5,9.0,8.1,Sem limitações,7.5,7.5,7.5,,Não,Sim,8.5,5.0,Fase 3 (7º e 8º ano),-1,,2022,Outros,2,0.0,1.0,Risco moderado,Médio,Alta,Alto,Alto
RA-333,2,A,Aluno-333,2008-01-01,14.0,Masculino,2018,Escola JP II,Quartzo,5.249,3.0,8.0,5.8,3.8,Não indicado,2.9,0.2,5.7,,Não,Não,6.722,5.0,Fase 4 (9º ano),-2,,2022,Outros,2,0.0,0.0,Risco moderado,Baixo,Baixa,Baixo,Baixo
RA-334,2,A,Aluno-334,2011-01-01,11.0,Feminino,2019,Rede Decisão,Ametista,7.961,3.0,6.9,9.2,4.4,Não indicado,8.0,7.0,9.0,,Não,Sim,8.722,10.0,Fase 2 (5º e 6º ano),0,,2022,Outros,2,0.0,1.0,Sem risco,Alto,Baixa,Baixo,Alto
RA-335,2,A,Aluno-335,2012-01-01,10.0,Masculino,2022,Escola Pública,Ametista,7.902,3.0,9.5,9.4,7.5,Sem limitações,7.4,5.8,9.0,,Não,Não,6.833,10.0,Fase 2 (5º e 6º ano),0,,2022,Pública,2,0.0,0.0,Sem risco,Alto,Alta,Médio,Alto
RA-336,2,A,Aluno-336,2009-01-01,13.0,Masculino,2016,Escola Pública,Ágata,6.787,3.0,9.5,8.5,4.4,Requer avaliação,5.1,4.5,5.7,,Não,Não,7.889,5.0,Fase 3 (7º e 8º ano),-1,,2022,Pública,2,0.0,0.0,Risco moderado,Médio,Alta,Baixo,Baixo
RA-337,2,B,Aluno-337,2011-01-01,11.0,Masculino,2022,Escola Pública,Ametista,7.914,3.0,10.0,9.3,7.5,Não atendido,5.8,7.5,4.0,,Não,Não,7.611,10.0,Fase 2 (5º e 6º ano),0,,2022,Pública,2,0.0,0.0,Sem risco,Alto,Alta,Médio,Alto
RA-338,2,B,Aluno-338,2010-01-01,12.0,Masculino,2019,Escola Pública,Ágata,6.837,3.0,8.5,7.3,7.5,Não atendido,5.8,5.3,6.2,,Não,Não,7.611,5.0,Fase 3 (7º e 8º ano),-1,,2022,Pública,2,0.0,0.0,Risco moderado,Baixo,Média,Médio,Baixo
RA-339,2,B,Aluno-339,2011-01-01,11.0,Feminino,2019,Escola Pública,Topázio,8.488,3.0,6.9,9.9,7.5,Não atendido,8.1,7.1,9.2,,Sim,Sim,8.889,10.0,Fase 2 (5º e 6º ano),0,,2022,Pública,2,1.0,1.0,Sem risco,Alto,Baixa,Médio,Alto
RA-340,2,B,Aluno-340,2011-01-01,11.0,Masculino,2017,Escola Pública,Ametista,7.721,3.0,9.0,8.2,7.5,Não atendido,6.5,6.0,7.0,,Não,Não,7.667,10.0,Fase 2 (5º e 6º ano),0,,2022,Pública,2,0.0,0.0,Sem risco,Médio,Média,Médio,Médio
RA-341,2,B,Aluno-341,2010-01-01,12.0,Masculino,2022,Escola Pública,Ágata,6.854,3.0,8.0,7.7,7.5,Não atendido,5.8,5.0,6.5,,Não,Não,7.5,5.0,Fase 3 (7º e 8º ano),-1,,2022,Pública,2,0.0,0.0,Risco moderado,Baixo,Baixa,Médio,Baixo
RA-342,2,B,Aluno-342,2008-01-01,14.0,Feminino,2021,Escola Pública,Ágata,6.941,3.0,9.0,6.7,7.5,Não atendido,6.6,5.5,7.7,,Não,Não,7.5,5.0,Fase 4 (9º ano),-2,,2022,Pública,2,0.0,0.0,Risco moderado,Baixo,Média,Médio,Médio
RA-343,2,B,Aluno-343,2008-01-01,14.0,Masculino,2020,Escola Pública,Ágata,6.9,3.0,9.5,7.4,7.5,Não atendido,5.9,4.2,7.7,,Não,Não,7.167,5.0,Fase 4 (9º ano),-2,,2022,Pública,2,0.0,0.0,Risco moderado,Baixo,Alta,Médio,Baixo
RA-344,2,B,Aluno-344,2011-01-01,11.0,Masculino,2019,Escola Pública,Ametista,7.263,3.0,8.5,8.3,7.5,Não atendido,4.5,2.3,6.7,,Não,Não,7.5,10.0,Fase 2 (5º e 6º ano),0,,2022,Pública,2,0.0,0.0,Sem risco,Médio,Média,Médio,Médio
RA-345,2,B,Aluno-345,2009-01-01,13.0,Masculino,2021,Escola Pública,Quartzo,5.75,3.0,9.5,5.4,5.6,Requer avaliação,3.6,1.3,5.8,,Não,Não,6.667,5.0,Fase 3 (7º e 8º ano),-1,,2022,Pública,2,0.0,0.0,Risco moderado,Baixo,Alta,Baixo,Baixo
RA-346,2,B,Aluno-346,2012-01-01,10.0,Masculino,2022,Escola Pública,Topázio,8.143,3.0,10.0,9.1,7.5,Não atendido,7.0,6.0,8.0,,Não,Não,7.889,10.0,Fase 2 (5º e 6º ano),0,,2022,Pública,2,0.0,0.0,Sem risco,Médio,Alta,Médio,Alto
RA-347,2,B,Aluno-347,2010-01-01,12.0,Feminino,2019,Escola Pública,Ametista,7.908,3.0,9.0,10.0,5.6,Sem limitações,8.5,8.5,8.5,,Sim,Não,8.0,5.0,Fase 3 (7º e 8º ano),-1,,2022,Pública,2,1.0,0.0,Risco moderado,Alto,Média,Baixo,Alto
RA-348,2,B,Aluno-348,2010-01-01,12.0,Masculino,2022,Escola Pública,Quartzo,5.864,3.0,9.0,8.7,7.5,Sem limitações,1.8,0.5,3.0,,Não,Não,5.833,5.0,Fase 3 (7º e 8º ano),-1,,2022,Pública,2,0.0,0.0,Risco moderado,Médio,Média,Médio,Baixo
RA-349,2,B,Aluno-349,2010-01-01,12.0,Masculino,2021,Escola Pública,Quartzo,5.658,3.0,9.5,7.7,7.5,Sem limitações,3.7,2.2,5.2,,Não,Não,3.944,5.0,Fase 3 (7º e 8º ano),-1,,2022,Pública,2,0.0,0.0,Risco moderado,Baixo,Alta,Médio,Baixo
RA-350,2,D,Aluno-350,2011-01-01,11.0,Feminino,2022,Escola Pública,Topázio,8.206,3.0,10.0,8.8,7.5,Não atendido,6.5,7.0,6.0,,Não,Sim,8.611,10.0,Fase 2 (5º e 6º ano),0,,2022,Pública,2,0.0,1.0,Sem risco,Médio,Alta,Médio,Alto
RA-351,2,D,Aluno-351,2008-01-01,14.0,Masculino,2022,Escola Pública,Ágata,6.622,3.0,9.0,7.2,7.5,Não atendido,4.0,3.2,4.8,,Não,Não,8.111,5.0,Fase 4 (9º ano),-2,,2022,Pública,2,0.0,0.0,Risco moderado,Baixo,Média,Médio,Baixo
RA-352,2,D,Aluno-352,2011-01-01,11.0,Masculino,2019,Escola Pública,Ametista,7.834,3.0,9.0,8.1,5.6,Requer avaliação,7.0,7.3,6.7,,Não,Sim,8.389,10.0,Fase 2 (5º e 6º ano),0,,2022,Pública,2,0.0,1.0,Sem risco,Médio,Média,Baixo,Alto
RA-353,2,D,Aluno-353,2011-01-01,11.0,Feminino,2022,Escola Pública,Topázio,8.264,3.0,7.0,10.0,7.5,Não atendido,7.5,8.0,7.0,,Não,Sim,8.444,10.0,Fase 2 (5º e 6º ano),0,,2022,Pública,2,0.0,1.0,Sem risco,Alto,Baixa,Médio,Alto
RA-354,2,D,Aluno-354,2009-01-01,13.0,Feminino,2018,Escola Pública,Quartzo,5.858,3.0,8.5,4.3,7.5,Não atendido,4.5,2.8,6.2,,Não,Não,7.333,5.0,Fase 3 (7º e 8º ano),-1,,2022,Pública,2,0.0,0.0,Risco moderado,Baixo,Média,Médio,Baixo
RA-355,2,D,Aluno-355,2010-01-01,12.0,Feminino,2018,Escola Pública,Quartzo,5.379,3.0,5.8,5.0,7.5,Não atendido,4.5,5.5,3.5,,Não,Não,6.056,5.0,Fase 3 (7º e 8º ano),-1,,2022,Pública,2,0.0,0.0,Risco moderado,Baixo,Baixa,Médio,Baixo
RA-356,2,D,Aluno-356,2010-01-01,12.0,Masculino,2019,Escola Pública,Ágata,6.69,3.0,10.0,8.4,5.0,Requer avaliação,4.6,5.3,3.8,,Não,Não,8.278,5.0,Fase 3 (7º e 8º ano),-1,,2022,Pública,2,0.0,0.0,Risco moderado,Médio,Alta,Baixo,Baixo
RA-357,2,D,Aluno-357,2010-01-01,12.0,Masculino,2022,Escola Pública,Ametista,7.836,3.0,8.0,9.6,7.5,Não atendido,8.5,10.0,7.0,,Não,Não,7.778,5.0,Fase 3 (7º e 8º ano),-1,,2022,Pública,2,0.0,0.0,Risco moderado,Alto,Baixa,Médio,Alto
RA-358,2,D,Aluno-358,2009-01-01,13.0,Masculino,2022,Escola Pública,Quartzo,5.412,3.0,7.5,6.5,7.5,Não atendido,0.0,0.0,0.0,,Não,Não,7.556,5.0,Fase 3 (7º e 8º ano),-1,,2022,Pública,2,0.0,0.0,Risco moderado,Baixo,Baixa,Médio,Baixo
RA-359,2,D,Aluno-359,2010-01-01,12.0,Feminino,2019,Escola Pública,Ágata,6.606,3.0,9.0,7.0,7.5,Não atendido,4.6,3.3,5.8,,Não,Não,7.5,5.0,Fase 3 (7º e 8º ano),-1,,2022,Pública,2,0.0,0.0,Risco moderado,Baixo,Média,Médio,Baixo
RA-360,2,D,Aluno-360,2010-01-01,12.0,Feminino,2019,Escola Pública,Ametista,7.075,3.0,9.5,8.5,7.5,Não atendido,5.2,4.7,5.7,,Não,Não,7.5,5.0,Fase 3 (7º e 8º ano),-1,,2022,Pública,2,0.0,0.0,Risco moderado,Médio,Alta,Médio,Médio
RA-361,2,F,Aluno-361,2009-01-01,13.0,Feminino,2022,Escola Pública,Ágata,6.731,3.0,7.9,9.2,6.3,Sem limitações,5.0,4.0,6.0,,Não,Não,6.778,5.0,Fase 3 (7º e 8º ano),-1,,2022,Pública,2,0.0,0.0,Risco moderado,Alto,Baixa,Médio,Baixo
RA-362,2,F,Aluno-362,2010-01-01,12.0,Feminino,2018,Escola Pública,Ametista,7.413,3.0,8.5,7.9,7.5,Sem limitações,7.9,6.5,9.3,,Não,Não,7.5,5.0,Fase 3 (7º e 8º ano),-1,,2022,Pública,2,0.0,0.0,Risco moderado,Médio,Média,Médio,Médio
RA-363,2,F,Aluno-363,2010-01-01,12.0,Masculino,2022,Escola Pública,Ágata,6.644,3.0,10.0,10.0,6.9,Sem limitações,2.0,1.0,3.0,,Não,Não,7.056,5.0,Fase 3 (7º e 8º ano),-1,,2022,Pública,2,0.0,0.0,Risco moderado,Alto,Alta,Médio,Baixo
RA-364,2,F,Aluno-364,2011-01-01,11.0,Masculino,2019,Escola Pública,Topázio,8.75,3.0,9.5,10.0,7.5,Sem limitações,8.8,9.5,8.0,,Não,Não,8.167,10.0,Fase 2 (5º e 6º ano),0,,2022,Pública,2,0.0,0.0,Sem risco,Alto,Alta,Médio,Alto
RA-365,2,F,Aluno-365,2012-01-01,10.0,Feminino,2022,Escola Pública,Topázio,8.063,3.0,8.0,10.0,5.0,Sem limitações,7.8,6.0,9.5,,Não,Não,7.833,10.0,Fase 2 (5º e 6º ano),0,,2022,Pública,2,0.0,0.0,Sem risco,Alto,Baixa,Baixo,Alto
RA-366,2,F,Aluno-366,2010-01-01,12.0,Masculino,2022,Escola Pública,Ametista,7.181,3.0,9.5,9.4,7.5,Sem limitações,5.5,6.0,5.0,,Não,Não,6.833,5.0,Fase 3 (7º e 8º ano),-1,,2022,Pública,2,0.0,0.0,Risco moderado,Alto,Alta,Médio,Médio
RA-367,2,F,Aluno-367,2010-01-01,12.0,Feminino,2018,Escola Pública,Ágata,6.95,3.0,8.5,7.4,6.3,Sem limitações,6.7,5.2,8.2,,Não,Não,7.5,5.0,Fase 3 (7º e 8º ano),-1,,2022,Pública,2,0.0,0.0,Risco moderado,Baixo,Média,Médio,Médio
RA-368,2,F,Aluno-368,2009-01-01,13.0,Masculino,2018,Rede Decisão,Ágata,6.969,3.0,8.0,7.9,5.0,Requer avaliação,7.3,5.5,9.0,,Não,Não,7.5,5.0,Fase 3 (7º e 8º ano),-1,,2022,Outros,2,0.0,0.0,Risco moderado,Médio,Baixa,Baixo,Médio
RA-369,2,F,Aluno-369,2011-01-01,11.0,Masculino,2022,Escola Pública,Ágata,6.973,3.0,9.0,6.9,7.5,Sem limitações,4.8,4.0,5.5,,Não,Não,6.889,10.0,Fase 2 (5º e 6º ano),0,,2022,Pública,2,0.0,0.0,Sem risco,Baixo,Média,Médio,Médio
RA-370,2,F,Aluno-370,2010-01-01,12.0,Feminino,2018,Rede Decisão,Ametista,7.066,3.0,8.5,8.2,5.0,Requer avaliação,7.2,5.2,9.2,,Não,Não,7.611,5.0,Fase 3 (7º e 8º ano),-1,,2022,Outros,2,0.0,0.0,Risco moderado,Médio,Média,Baixo,Médio
RA-371,2,F,Aluno-371,2012-01-01,10.0,Feminino,2022,Escola Pública,Topázio,8.112,3.0,9.5,8.0,6.9,Sem limitações,8.4,7.8,9.0,,Não,Não,7.667,10.0,Fase 2 (5º e 6º ano),0,,2022,Pública,2,0.0,0.0,Sem risco,Médio,Alta,Médio,Alto
RA-372,2,F,Aluno-372,2012-01-01,10.0,Masculino,2021,Escola Pública,Ametista,7.304,3.0,8.5,5.5,6.9,Sem limitações,7.8,8.3,7.2,,Não,Não,7.389,10.0,Fase 2 (5º e 6º ano),0,,2022,Pública,2,0.0,0.0,Sem risco,Baixo,Média,Médio,Médio
RA-373,2,F,Aluno-373,2011-01-01,11.0,Masculino,2022,Escola Pública,Ametista,7.503,3.0,6.4,9.5,5.0,Requer avaliação,7.3,6.5,8.0,,Não,Não,6.944,10.0,Fase 2 (5º e 6º ano),0,,2022,Pública,2,0.0,0.0,Sem risco,Alto,Baixa,Baixo,Médio
RA-374,2,F,Aluno-374,2010-01-01,12.0,Feminino,2021,Escola Pública,Ametista,7.747,3.0,9.0,9.8,7.5,Sem limitações,6.9,5.3,8.5,,Não,Não,7.944,5.0,Fase 3 (7º e 8º ano),-1,,2022,Pública,2,0.0,0.0,Risco moderado,Alto,Média,Médio,Médio
RA-375,2,F,Aluno-375,2011-01-01,11.0,Masculino,2019,Escola Pública,Ametista,7.831,3.0,9.0,9.5,7.5,Sem limitações,5.4,3.3,7.5,,Não,Não,7.667,10.0,Fase 2 (5º e 6º ano),0,,2022,Pública,2,0.0,0.0,Sem risco,Alto,Média,Médio,Alto
RA-376,2,F,Aluno-376,2010-01-01,12.0,Feminino,2019,Escola Pública,Ágata,6.957,3.0,9.0,9.0,7.5,Sem limitações,4.3,2.0,6.7,,Não,Não,7.5,5.0,Fase 3 (7º e 8º ano),-1,,2022,Pública,2,0.0,0.0,Risco moderado,Médio,Média,Médio,Médio
RA-377,2,F,Aluno-377,2010-01-01,12.0,Feminino,2021,Escola Pública,Ágata,6.743,3.0,9.0,7.7,5.6,Requer avaliação,6.2,4.3,8.0,,Não,Não,6.833,5.0,Fase 3 (7º e 8º ano),-1,,2022,Pública,2,0.0,0.0,Risco moderado,Baixo,Média,Baixo,Baixo
RA-378,2,I,Aluno-378,2010-01-01,12.0,Masculino,2021,Escola Pública,Ametista,7.203,3.0,9.0,6.8,5.6,Requer avaliação,8.1,8.7,7.5,,Sim,Não,7.889,5.0,Fase 3 (7º e 8º ano),-1,,2022,Pública,2,1.0,0.0,Risco moderado,Baixo,Média,Baixo,Médio
RA-379,2,I,Aluno-379,2009-01-01,13.0,Feminino,2022,Escola Pública,Ágata,6.722,3.0,8.5,8.1,7.5,Sem limitações,5.0,5.0,5.0,,Não,Não,6.778,5.0,Fase 3 (7º e 8º ano),-1,,2022,Pública,2,0.0,0.0,Risco moderado,Médio,Média,Médio,Baixo
RA-380,2,I,Aluno-380,2009-01-01,13.0,Masculino,2017,Escola Pública,Quartzo,4.556,3.0,7.9,4.4,5.0,Requer avaliação,2.5,2.3,2.7,,Não,Não,4.833,5.0,Fase 3 (7º e 8º ano),-1,,2022,Pública,2,0.0,0.0,Risco moderado,Baixo,Baixa,Baixo,Baixo
RA-381,2,I,Aluno-381,2009-01-01,13.0,Masculino,2018,Escola Pública,Ágata,6.454,3.0,9.0,8.3,6.9,Sem limitações,3.3,1.5,5.2,,Não,Não,6.944,5.0,Fase 3 (7º e 8º ano),-1,,2022,Pública,2,0.0,0.0,Risco moderado,Médio,Média,Médio,Baixo
RA-382,2,I,Aluno-382,2008-01-01,14.0,Masculino,2017,Escola Pública,Ágata,6.777,3.0,9.0,7.7,6.3,Sem limitações,5.4,4.0,6.8,,Não,Não,7.333,5.0,Fase 4 (9º ano),-2,,2022,Pública,2,0.0,0.0,Risco moderado,Baixo,Média,Médio,Baixo
RA-383,2,I,Aluno-383,2011-01-01,11.0,Masculino,2019,Escola Pública,Topázio,8.4,3.0,9.0,9.6,7.5,Sem limitações,8.1,8.0,8.2,,Não,Não,7.778,10.0,Fase 2 (5º e 6º ano),0,,2022,Pública,2,0.0,0.0,Sem risco,Alto,Média,Médio,Alto
RA-384,2,I,Aluno-384,2010-01-01,12.0,Feminino,2017,Escola Pública,Ametista,7.558,3.0,9.0,8.4,6.3,Requer avaliação,8.1,8.0,8.2,,Não,Não,8.0,5.0,Fase 3 (7º e 8º ano),-1,,2022,Pública,2,0.0,0.0,Risco moderado,Médio,Média,Médio,Médio
RA-385,2,I,Aluno-385,2010-01-01,12.0,Feminino,2022,Escola Pública,Ágata,6.083,3.0,7.4,7.5,5.0,Sem limitações,4.9,2.7,7.2,,Não,Não,6.5,5.0,Fase 3 (7º e 8º ano),-1,,2022,Pública,2,0.0,0.0,Risco moderado,Baixo,Baixa,Baixo,Baixo
RA-386,2,I,Aluno-386,2009-01-01,13.0,Masculino,2019,Escola Pública,Ágata,6.104,3.0,10.0,5.9,5.6,Requer avaliação,4.0,3.7,4.3,,Não,Não,7.222,5.0,Fase 3 (7º e 8º ano),-1,,2022,Pública,2,0.0,0.0,Risco moderado,Baixo,Alta,Baixo,Baixo
RA-387,2,I,Aluno-387,2009-01-01,13.0,Masculino,2019,Escola Pública,Ágata,6.323,3.0,7.0,8.2,7.5,Sem limitações,3.7,1.3,6.0,,Não,Não,6.833,5.0,Fase 3 (7º e 8º ano),-1,,2022,Pública,2,0.0,0.0,Risco moderado,Médio,Baixa,Médio,Baixo
RA-388,2,I,Aluno-388,2008-01-01,14.0,Feminino,2019,Escola Pública,Ágata,6.654,3.0,7.9,8.5,5.6,Requer avaliação,4.5,3.5,5.5,,Não,Não,7.722,5.0,Fase 4 (9º ano),-2,,2022,Pública,2,0.0,0.0,Risco moderado,Médio,Baixa,Baixo,Baixo
RA-389,2,I,Aluno-389,2011-01-01,11.0,Masculino,2019,Escola Pública,Ametista,7.184,3.0,8.0,8.9,7.5,Sem limitações,3.5,2.0,5.0,,Não,Não,7.556,10.0,Fase 2 (5º e 6º ano),0,,2022,Pública,2,0.0,0.0,Sem risco,Médio,Baixa,Médio,Médio
RA-390,2,I,Aluno-390,2010-01-01,12.0,Feminino,2022,Escola Pública,Ágata,6.776,3.0,7.4,8.8,6.3,Requer avaliação,4.7,4.0,5.3,,Não,Não,7.722,5.0,Fase 3 (7º e 8º ano),-1,,2022,Pública,2,0.0,0.0,Risco moderado,Médio,Baixa,Médio,Baixo
RA-391,2,J,Aluno-391,2010-01-01,12.0,Feminino,2022,Escola Pública,Ametista,7.117,3.0,10.0,8.1,7.5,Sem limitações,5.1,5.0,5.2,,Não,Não,8.056,5.0,Fase 3 (7º e 8º ano),-1,,2022,Pública,2,0.0,0.0,Risco moderado,Médio,Alta,Médio,Médio
RA-392,2,J,Aluno-392,2008-01-01,14.0,Masculino,2022,Escola Pública,Ágata,6.418,3.0,9.5,8.8,5.6,Não indicado,4.8,3.7,5.8,,Não,Não,6.778,5.0,Fase 4 (9º ano),-2,,2022,Pública,2,0.0,0.0,Risco moderado,Médio,Alta,Baixo,Baixo
RA-393,2,J,Aluno-393,2006-01-01,16.0,Feminino,2018,Escola Pública,Quartzo,5.518,3.0,10.0,5.4,5.0,Não indicado,4.6,4.7,4.5,,Não,Não,6.778,2.5,Fase 6 (2º EM),-4,,2022,Pública,2,0.0,0.0,Alto risco,Baixo,Alta,Baixo,Baixo
RA-394,2,J,Aluno-394,2011-01-01,11.0,Feminino,2022,Escola Pública,Ametista,7.897,3.0,9.5,8.6,7.5,Sem limitações,5.9,4.3,7.5,,Não,Sim,8.444,10.0,Fase 2 (5º e 6º ano),0,,2022,Pública,2,0.0,1.0,Sem risco,Médio,Alta,Médio,Alto
RA-395,2,J,Aluno-395,2011-01-01,11.0,Feminino,2018,Escola Pública,Ametista,7.683,3.0,9.0,8.9,7.5,Sem limitações,4.9,4.2,5.7,,Não,Não,8.333,10.0,Fase 2 (5º e 6º ano),0,,2022,Pública,2,0.0,0.0,Sem risco,Médio,Média,Médio,Médio
RA-396,2,J,Aluno-396,2010-01-01,12.0,Masculino,2022,Escola Pública,Ágata,6.556,3.0,9.0,8.0,6.3,Requer avaliação,5.6,4.7,6.5,,Não,Não,6.556,5.0,Fase 3 (7º e 8º ano),-1,,2022,Pública,2,0.0,0.0,Risco moderado,Médio,Média,Médio,Baixo
RA-397,2,J,Aluno-397,2008-01-01,14.0,Feminino,2017,Escola Pública,Quartzo,5.852,3.0,9.0,5.7,6.9,Requer avaliação,2.8,3.3,2.3,,Não,Não,7.167,5.0,Fase 4 (9º ano),-2,,2022,Pública,2,0.0,0.0,Risco moderado,Baixo,Média,Médio,Baixo
RA-398,2,K,Aluno-398,2012-01-01,10.0,Feminino,2022,Escola Pública,Ametista,7.742,3.0,9.0,9.3,7.5,Sem limitações,5.5,3.0,8.0,,Não,Não,7.5,10.0,Fase 2 (5º e 6º ano),0,,2022,Pública,2,0.0,0.0,Sem risco,Alto,Média,Médio,Médio
RA-399,2,K,Aluno-399,2010-01-01,12.0,Feminino,2022,Escola Pública,Ágata,6.58,3.0,6.8,9.3,5.6,Requer avaliação,4.3,3.0,5.5,,Não,Não,7.5,5.0,Fase 3 (7º e 8º ano),-1,,2022,Pública,2,0.0,0.0,Risco moderado,Alto,Baixa,Baixo,Baixo
RA-400,2,K,Aluno-400,2008-01-01,14.0,Masculino,2018,Escola Pública,Ágata,6.042,3.0,9.0,8.5,5.0,Requer avaliação,1.7,1.2,2.2,,Não,Não,7.444,5.0,Fase 4 (9º ano),-2,,2022,Pública,2,0.0,0.0,Risco moderado,Médio,Média,Baixo,Baixo
RA-401,2,K,Aluno-401,2010-01-01,12.0,Feminino,2021,Escola Pública,Ágata,6.645,3.0,6.9,9.6,7.5,Sem limitações,4.3,3.7,5.0,,Não,Não,6.722,5.0,Fase 3 (7º e 8º ano),-1,,2022,Pública,2,0.0,0.0,Risco moderado,Alto,Baixa,Médio,Baixo
RA-402,2,K,Aluno-402,2010-01-01,12.0,Feminino,2019,Escola Pública,Quartzo,5.261,3.0,9.0,3.7,5.0,Requer avaliação,3.0,4.3,1.7,,Não,Não,7.222,5.0,Fase 3 (7º e 8º ano),-1,,2022,Pública,2,0.0,0.0,Risco moderado,Baixo,Média,Baixo,Baixo
RA-403,2,K,Aluno-403,2010-01-01,12.0,Masculino,2020,Escola Pública,Ametista,7.455,3.0,9.5,9.3,7.5,Sem limitações,6.3,6.5,6.2,,Não,Não,7.5,5.0,Fase 3 (7º e 8º ano),-1,,2022,Pública,2,0.0,0.0,Risco moderado,Alto,Alta,Médio,Médio
RA-404,2,K,Aluno-404,2010-01-01,12.0,Feminino,2020,Escola Pública,Ágata,6.658,3.0,9.0,7.3,7.5,Sem limitações,5.3,4.0,6.5,,Não,Não,6.944,5.0,Fase 3 (7º e 8º ano),-1,,2022,Pública,2,0.0,0.0,Risco moderado,Baixo,Média,Médio,Baixo
RA-405,2,K,Aluno-405,2009-01-01,13.0,Masculino,2016,Escola Pública,Quartzo,5.661,3.0,9.5,6.2,5.0,Requer avaliação,3.3,2.7,3.8,,Não,Não,6.0,5.0,Fase 3 (7º e 8º ano),-1,,2022,Pública,2,0.0,0.0,Risco moderado,Baixo,Alta,Baixo,Baixo
RA-406,2,K,Aluno-406,2009-01-01,13.0,Feminino,2019,Escola Pública,Ametista,7.496,3.0,9.5,9.5,7.5,Sem limitações,6.6,5.4,7.8,,Não,Não,7.333,5.0,Fase 3 (7º e 8º ano),-1,,2022,Pública,2,0.0,0.0,Risco moderado,Alto,Alta,Médio,Médio
RA-407,2,K,Aluno-407,2009-01-01,13.0,Masculino,2022,Escola Pública,Ametista,7.195,3.0,8.5,9.3,7.5,Sem limitações,6.0,4.0,8.0,,Não,Não,7.056,5.0,Fase 3 (7º e 8º ano),-1,,2022,Pública,2,0.0,0.0,Risco moderado,Alto,Média,Médio,Médio
RA-408,2,K,Aluno-408,2010-01-01,12.0,Feminino,2022,Escola Pública,Ágata,6.725,3.0,8.0,9.7,7.5,Sem limitações,3.3,1.0,5.5,,Não,Não,7.333,5.0,Fase 3 (7º e 8º ano),-1,,2022,Pública,2,0.0,0.0,Risco moderado,Alto,Baixa,Médio,Baixo
RA-409,2,K,Aluno-409,2011-01-01,11.0,Feminino,2022,Escola Pública,Topázio,8.15,3.0,7.9,9.7,7.5,Sem limitações,7.8,6.0,9.5,,Não,Não,7.5,10.0,Fase 2 (5º e 6º ano),0,,2022,Pública,2,0.0,0.0,Sem risco,Alto,Baixa,Médio,Alto
RA-410,2,K,Aluno-410,2008-01-01,14.0,Masculino,2018,Escola Pública,Quartzo,5.675,3.0,7.4,6.5,6.3,Requer avaliação,2.0,2.0,2.0,,Não,Não,7.444,5.0,Fase 4 (9º ano),-2,,2022,Pública,2,0.0,0.0,Risco moderado,Baixo,Baixa,Médio,Baixo
RA-411,2,L,Aluno-411,2010-01-01,12.0,Feminino,2019,Escola Pública,Ametista,7.232,3.0,6.4,8.6,7.5,Não atendido,7.1,6.7,7.5,,Não,Não,7.833,5.0,Fase 3 (7º e 8º ano),-1,,2022,Pública,2,0.0,0.0,Risco moderado,Médio,Baixa,Médio,Médio
RA-412,2,L,Aluno-412,2010-01-01,12.0,Feminino,2018,Escola Pública,Ametista,7.556,3.0,8.5,9.0,7.5,Não atendido,7.3,6.5,8.2,,Não,Não,7.778,5.0,Fase 3 (7º e 8º ano),-1,,2022,Pública,2,0.0,0.0,Risco moderado,Médio,Média,Médio,Médio
RA-413,2,L,Aluno-413,2010-01-01,12.0,Feminino,2022,Escola Pública,Ágata,6.408,3.0,6.4,8.7,5.6,Requer avaliação,4.7,4.2,5.2,,Não,Não,7.056,5.0,Fase 3 (7º e 8º ano),-1,,2022,Pública,2,0.0,0.0,Risco moderado,Médio,Baixa,Baixo,Baixo
RA-414,2,L,Aluno-414,2010-01-01,12.0,Feminino,2021,Escola Pública,Ametista,7.284,3.0,8.0,9.3,7.5,Não atendido,5.9,5.7,6.2,,Não,Não,7.667,5.0,Fase 3 (7º e 8º ano),-1,,2022,Pública,2,0.0,0.0,Risco moderado,Alto,Baixa,Médio,Médio
RA-415,2,L,Aluno-415,2011-01-01,11.0,Feminino,2019,Escola Pública,Ametista,7.695,3.0,8.0,8.3,7.5,Não atendido,6.2,4.8,7.5,,Não,Não,8.056,10.0,Fase 2 (5º e 6º ano),0,,2022,Pública,2,0.0,0.0,Sem risco,Médio,Baixa,Médio,Médio
RA-416,2,L,Aluno-416,2010-01-01,12.0,Masculino,2018,Rede Decisão,Ametista,7.913,3.0,9.5,9.3,8.8,Sem limitações,7.2,6.7,7.7,,Não,Não,8.222,5.0,Fase 3 (7º e 8º ano),-1,,2022,Outros,2,0.0,0.0,Risco moderado,Alto,Alta,Alto,Alto
RA-417,2,L,Aluno-417,2009-01-01,13.0,Feminino,2022,Escola Pública,Topázio,8.428,3.0,10.0,10.0,7.5,Não atendido,8.0,6.0,10.0,,Não,Sim,9.556,5.0,Fase 3 (7º e 8º ano),-1,,2022,Pública,2,0.0,1.0,Risco moderado,Alto,Alta,Médio,Alto
RA-418,2,L,Aluno-418,2012-01-01,10.0,Feminino,2020,Rede Decisão,Topázio,8.175,3.0,8.0,9.4,7.5,Não atendido,7.5,6.5,8.5,,Não,Não,8.222,10.0,Fase 2 (5º e 6º ano),0,,2022,Outros,2,0.0,0.0,Sem risco,Alto,Baixa,Médio,Alto
RA-419,2,L,Aluno-419,2010-01-01,12.0,Feminino,2019,Rede Decisão,Ametista,7.359,3.0,7.5,9.2,5.6,Requer avaliação,6.9,5.3,8.5,,Não,Sim,8.389,5.0,Fase 3 (7º e 8º ano),-1,,2022,Outros,2,0.0,1.0,Risco moderado,Alto,Baixa,Baixo,Médio
RA-420,2,L,Aluno-420,2011-01-01,11.0,Feminino,2019,Rede Decisão,Ametista,7.461,3.0,9.5,9.0,5.6,Requer avaliação,4.5,1.3,7.7,,Não,Não,8.0,10.0,Fase 2 (5º e 6º ano),0,,2022,Outros,2,0.0,0.0,Sem risco,Médio,Alta,Baixo,Médio
RA-421,2,L,Aluno-421,2011-01-01,11.0,Masculino,2021,Escola Pública,Topázio,8.717,3.0,8.5,9.3,7.5,Não atendido,8.8,9.2,8.5,,Sim,Sim,9.111,10.0,Fase 2 (5º e 6º ano),0,,2022,Pública,2,1.0,1.0,Sem risco,Alto,Média,Médio,Alto
RA-422,2,L,Aluno-422,2010-01-01,12.0,Masculino,2022,Escola Pública,Ágata,6.746,3.0,8.5,10.0,7.5,Não atendido,2.5,1.0,4.0,,Não,Não,7.5,5.0,Fase 3 (7º e 8º ano),-1,,2022,Pública,2,0.0,0.0,Risco moderado,Alto,Média,Médio,Baixo
RA-423,2,L,Aluno-423,2010-01-01,12.0,Feminino,2022,Escola Pública,Ágata,6.647,3.0,8.4,9.6,7.5,Sem limitações,2.3,0.5,4.0,,Não,Não,7.667,5.0,Fase 3 (7º e 8º ano),-1,,2022,Pública,2,0.0,0.0,Risco moderado,Alto,Média,Médio,Baixo
RA-424,2,L,Aluno-424,2010-01-01,12.0,Feminino,2022,Escola Pública,Ametista,7.94,3.0,9.0,10.0,7.5,Não atendido,7.5,10.0,5.0,,Não,Não,8.222,5.0,Fase 3 (7º e 8º ano),-1,,2022,Pública,2,0.0,0.0,Risco moderado,Alto,Média,Médio,Alto
RA-425,2,L,Aluno-425,2010-01-01,12.0,Masculino,2022,Escola Pública,Topázio,8.117,3.0,9.0,10.0,7.5,Não atendido,9.0,9.0,9.0,,Não,Não,7.5,5.0,Fase 3 (7º e 8º ano),-1,,2022,Pública,2,0.0,0.0,Risco moderado,Alto,Média,Médio,Alto
RA-426,2,M,Aluno-426,2008-01-01,14.0,Feminino,2022,Escola Pública,Ágata,6.35,3.0,9.0,6.5,7.5,Não atendido,4.6,2.3,6.8,,Não,Não,7.111,5.0,Fase 4 (9º ano),-2,,2022,Pública,2,0.0,0.0,Risco moderado,Baixo,Média,Médio,Baixo
RA-427,2,M,Aluno-427,2009-01-01,13.0,Masculino,2022,Escola Pública,Ágata,6.245,3.0,8.0,8.5,7.5,Não atendido,2.5,3.0,2.0,,Não,Não,6.778,5.0,Fase 3 (7º e 8º ano),-1,,2022,Pública,2,0.0,0.0,Risco moderado,Médio,Baixa,Médio,Baixo
RA-428,2,M,Aluno-428,2009-01-01,13.0,Masculino,2022,Escola Pública,Ametista,7.683,3.0,6.8,8.7,7.5,Não atendido,9.5,10.0,9.0,,Não,Não,7.111,5.0,Fase 3 (7º e 8º ano),-1,,2022,Pública,2,0.0,0.0,Risco moderado,Médio,Baixa,Médio,Médio
RA-429,2,M,Aluno-429,2009-01-01,13.0,Masculino,2019,Escola Pública,Quartzo,5.811,3.0,10.0,5.3,7.5,Não atendido,2.7,2.8,2.5,,Não,Não,6.611,5.0,Fase 3 (7º e 8º ano),-1,,2022,Pública,2,0.0,0.0,Risco moderado,Baixo,Alta,Médio,Baixo
RA-430,2,M,Aluno-430,2009-01-01,13.0,Masculino,2022,Escola Pública,Ametista,7.585,3.0,9.5,8.6,7.5,Não atendido,8.5,7.5,9.5,,Não,Não,6.611,5.0,Fase 3 (7º e 8º ano),-1,,2022,Pública,2,0.0,0.0,Risco moderado,Médio,Alta,Médio,Médio
RA-431,2,M,Aluno-431,2011-01-01,11.0,Masculino,2022,Escola Pública,Ametista,7.175,3.0,9.0,8.1,7.5,Não atendido,4.5,5.0,4.0,,Não,Não,6.778,10.0,Fase 2 (5º e 6º ano),0,,2022,Pública,2,0.0,0.0,Sem risco,Médio,Média,Médio,Médio
RA-432,2,M,Aluno-432,2008-01-01,14.0,Feminino,2019,Escola Pública,Ágata,6.34,3.0,10.0,6.8,5.0,Requer avaliação,5.1,5.7,4.5,,Não,Não,6.611,5.0,Fase 4 (9º ano),-2,,2022,Pública,2,0.0,0.0,Risco moderado,Baixo,Alta,Baixo,Baixo
RA-433,2,M,Aluno-433,2010-01-01,12.0,Masculino,2022,Escola Pública,Quartzo,5.557,3.0,8.5,7.3,5.0,Requer avaliação,2.6,2.2,3.0,,Não,Não,5.778,5.0,Fase 3 (7º e 8º ano),-1,,2022,Pública,2,0.0,0.0,Risco moderado,Baixo,Média,Baixo,Baixo
RA-434,2,M,Aluno-434,2011-01-01,11.0,Masculino,2022,Escola Pública,Ametista,7.403,3.0,9.0,8.1,7.5,Sem limitações,5.7,4.8,6.5,,Não,Não,6.778,10.0,Fase 2 (5º e 6º ano),0,,2022,Pública,2,0.0,0.0,Sem risco,Médio,Média,Médio,Médio
RA-435,2,M,Aluno-435,2012-01-01,10.0,Feminino,2022,Escola Pública,Ágata,6.599,3.0,7.9,6.2,7.5,Sem limitações,4.7,3.7,5.7,,Não,Não,6.444,10.0,Fase 2 (5º e 6º ano),0,,2022,Pública,2,0.0,0.0,Sem risco,Baixo,Baixa,Médio,Baixo
RA-436,2,M,Aluno-436,2011-01-01,11.0,Masculino,2022,Escola Pública,Ágata,6.687,3.0,9.5,8.1,7.5,Sem limitações,2.0,4.0,0.0,,Não,Não,6.611,10.0,Fase 2 (5º e 6º ano),0,,2022,Pública,2,0.0,0.0,Sem risco,Médio,Alta,Médio,Baixo
RA-437,2,M,Aluno-437,2009-01-01,13.0,Masculino,2022,Escola Pública,Ágata,6.875,3.0,8.5,8.3,7.5,Sem limitações,5.8,6.0,5.5,,Não,Não,6.611,5.0,Fase 3 (7º e 8º ano),-1,,2022,Pública,2,0.0,0.0,Risco moderado,Médio,Média,Médio,Baixo
RA-438,2,M,Aluno-438,2012-01-01,10.0,Masculino,2022,Escola Pública,Ametista,7.764,3.0,8.0,8.7,7.5,Sem limitações,7.3,6.5,8.0,,Não,Não,6.889,10.0,Fase 2 (5º e 6º ano),0,,2022,Pública,2,0.0,0.0,Sem risco,Médio,Baixa,Médio,Médio
RA-439,2,M,Aluno-439,2010-01-01,12.0,Masculino,2022,Escola Pública,Quartzo,5.519,3.0,9.0,4.9,7.5,Sem limitações,2.3,3.2,1.3,,Não,Não,6.5,5.0,Fase 3 (7º e 8º ano),-1,,2022,Pública,2,0.0,0.0,Risco moderado,Baixo,Média,Médio,Baixo
RA-440,2,P,Aluno-440,2011-01-01,11.0,Masculino,2022,Escola Pública,Ametista,7.329,3.0,9.5,9.0,6.9,Não atendido,5.5,6.0,5.0,,Não,Não,5.833,10.0,Fase 2 (5º e 6º ano),0,,2022,Pública,2,0.0,0.0,Sem risco,Médio,Alta,Médio,Médio
RA-441,2,P,Aluno-441,2011-01-01,11.0,Feminino,2019,Escola Pública,Topázio,8.188,3.0,9.0,7.9,7.5,Não atendido,8.0,8.0,8.0,,Não,Não,8.333,10.0,Fase 2 (5º e 6º ano),0,,2022,Pública,2,0.0,0.0,Sem risco,Médio,Média,Médio,Alto
RA-442,2,P,Aluno-442,2011-01-01,11.0,Feminino,2022,Escola Pública,Topázio,8.226,3.0,10.0,8.2,7.5,Não atendido,7.5,9.0,6.0,,Não,Não,8.222,10.0,Fase 2 (5º e 6º ano),0,,2022,Pública,2,0.0,0.0,Sem risco,Médio,Alta,Médio,Alto
RA-443,2,P,Aluno-443,2009-01-01,13.0,Feminino,2019,Escola Pública,Ametista,7.482,3.0,9.0,9.1,7.5,Não atendido,5.6,8.0,3.2,,Sim,Sim,8.5,5.0,Fase 3 (7º e 8º ano),-1,,2022,Pública,2,1.0,1.0,Risco moderado,Médio,Média,Médio,Médio
RA-444,2,P,Aluno-444,2011-01-01,11.0,Masculino,2018,Escola Pública,Ágata,6.665,3.0,9.0,7.2,5.0,Requer avaliação,3.1,1.5,4.7,,Não,Não,7.778,10.0,Fase 2 (5º e 6º ano),0,,2022,Pública,2,0.0,0.0,Sem risco,Baixo,Média,Baixo,Baixo
RA-445,2,P,Aluno-445,2010-01-01,12.0,Masculino,2022,Escola Pública,Ágata,6.924,3.0,9.0,9.4,7.5,Não atendido,3.8,0.0,7.5,,Não,Não,7.5,5.0,Fase 3 (7º e 8º ano),-1,,2022,Pública,2,0.0,0.0,Risco moderado,Alto,Média,Médio,Médio
RA-446,2,P,Aluno-446,2009-01-01,13.0,Feminino,2018,Escola Pública,Ametista,7.367,3.0,9.5,8.9,5.0,Requer avaliação,6.9,6.3,7.5,,Não,Não,7.889,5.0,Fase 3 (7º e 8º ano),-1,,2022,Pública,2,0.0,0.0,Risco moderado,Médio,Alta,Baixo,Médio
RA-447,2,P,Aluno-447,2012-01-01,10.0,Feminino,2022,Escola Pública,Quartzo,5.607,3.0,0.0,7.0,7.5,Não atendido,3.5,7.0,0.0,,Não,Não,5.556,10.0,Fase 2 (5º e 6º ano),0,,2022,Pública,2,0.0,0.0,Sem risco,Baixo,Baixa,Médio,Baixo
RA-448,2,P,Aluno-448,2011-01-01,11.0,Feminino,2022,Escola Pública,Ametista,7.972,3.0,9.0,9.7,7.5,Não atendido,5.5,5.0,6.0,,Não,Não,8.111,10.0,Fase 2 (5º e 6º ano),0,,2022,Pública,2,0.0,0.0,Sem risco,Alto,Média,Médio,Alto
RA-449,2,P,Aluno-449,2010-01-01,12.0,Feminino,2022,Escola Pública,Ágata,6.143,3.0,0.0,6.0,7.5,Não atendido,7.0,6.0,8.0,,Não,Não,8.111,5.0,Fase 3 (7º e 8º ano),-1,,2022,Pública,2,0.0,0.0,Risco moderado,Baixo,Baixa,Médio,Baixo
RA-450,2,Q,Aluno-450,2009-01-01,13.0,Masculino,2021,Escola Pública,Ametista,7.843,3.0,10.0,9.1,7.5,Não atendido,7.5,6.8,8.2,,Não,Não,8.111,5.0,Fase 3 (7º e 8º ano),-1,,2022,Pública,2,0.0,0.0,Risco moderado,Médio,Alta,Médio,Alto
RA-451,2,Q,Aluno-451,2009-01-01,13.0,Feminino,2019,Escola Pública,Ágata,6.434,3.0,9.0,6.0,6.3,Requer avaliação,6.1,3.1,9.2,,Não,Não,6.889,5.0,Fase 3 (7º e 8º ano),-1,,2022,Pública,2,0.0,0.0,Risco moderado,Baixo,Média,Médio,Baixo
RA-452,2,Q,Aluno-452,2009-01-01,13.0,Feminino,2021,Escola Pública,Ágata,6.287,3.0,9.0,5.6,7.5,Não atendido,4.8,5.0,4.5,,Não,Não,7.167,5.0,Fase 3 (7º e 8º ano),-1,,2022,Pública,2,0.0,0.0,Risco moderado,Baixo,Média,Médio,Baixo
RA-453,2,Q,Aluno-453,2009-01-01,13.0,Feminino,2022,Escola Pública,Ametista,7.845,3.0,9.0,8.7,7.5,Não atendido,8.8,8.0,9.5,,Não,Não,7.778,5.0,Fase 3 (7º e 8º ano),-1,,2022,Pública,2,0.0,0.0,Risco moderado,Médio,Média,Médio,Alto
RA-454,2,Q,Aluno-454,2008-01-01,14.0,Masculino,2018,Escola Pública,Quartzo,5.561,3.0,9.5,8.6,5.0,Não indicado,2.3,0.0,4.7,,Não,Não,5.444,5.0,Fase 4 (9º ano),-2,,2022,Pública,2,0.0,0.0,Risco moderado,Médio,Alta,Baixo,Baixo
RA-455,2,Q,Aluno-455,2010-01-01,12.0,Feminino,2022,Escola Pública,Ágata,6.876,3.0,7.0,7.9,7.5,Não atendido,6.3,6.0,6.5,,Não,Não,7.278,5.0,Fase 3 (7º e 8º ano),-1,,2022,Pública,2,0.0,0.0,Risco moderado,Médio,Baixa,Médio,Baixo
RA-456,2,Q,Aluno-456,2010-01-01,12.0,Feminino,2022,Escola Pública,Ametista,7.193,3.0,6.4,8.2,6.3,Requer avaliação,7.3,6.0,8.7,,Não,Sim,8.389,5.0,Fase 3 (7º e 8º ano),-1,,2022,Pública,2,0.0,1.0,Risco moderado,Médio,Baixa,Médio,Médio
RA-457,2,Q,Aluno-457,2010-01-01,12.0,Feminino,2022,Escola Pública,Ametista,7.68,3.0,8.0,8.8,7.5,Não atendido,8.5,7.0,10.0,,Não,Não,7.667,5.0,Fase 3 (7º e 8º ano),-1,,2022,Pública,2,0.0,0.0,Risco moderado,Médio,Baixa,Médio,Médio
RA-458,2,Q,Aluno-458,2009-01-01,13.0,Masculino,2019,Escola Pública,Ágata,6.512,3.0,8.0,7.7,7.5,Não atendido,5.6,4.7,6.5,,Não,Não,5.833,5.0,Fase 3 (7º e 8º ano),-1,,2022,Pública,2,0.0,0.0,Risco moderado,Baixo,Baixa,Médio,Baixo
RA-459,2,Q,Aluno-459,2010-01-01,12.0,Masculino,2019,Escola Pública,Ametista,7.28,3.0,7.0,9.1,8.1,Sem limitações,7.3,5.3,9.2,,Não,Não,7.222,5.0,Fase 3 (7º e 8º ano),-1,,2022,Pública,2,0.0,0.0,Risco moderado,Médio,Baixa,Alto,Médio
RA-460,2,Q,Aluno-460,2010-01-01,12.0,Masculino,2022,Escola Pública,Quartzo,5.711,3.0,6.8,8.1,7.5,Não atendido,3.3,0.5,6.0,,Não,Não,5.056,5.0,Fase 3 (7º e 8º ano),-1,,2022,Pública,2,0.0,0.0,Risco moderado,Médio,Baixa,Médio,Baixo
RA-461,2,Q,Aluno-461,2010-01-01,12.0,Feminino,2018,Escola Pública,Quartzo,5.451,3.0,0.0,6.7,7.5,Sem limitações,3.8,1.5,6.2,,Não,Não,7.222,5.0,Fase 3 (7º e 8º ano),-1,,2022,Pública,2,0.0,0.0,Risco moderado,Baixo,Baixa,Médio,Baixo
RA-462,2,Q,Aluno-462,2008-01-01,14.0,Masculino,2022,Escola Pública,Ágata,6.626,3.0,10.0,8.5,7.5,Sem limitações,3.6,2.0,5.2,,Não,Não,6.778,5.0,Fase 4 (9º ano),-2,,2022,Pública,2,0.0,0.0,Risco moderado,Médio,Alta,Médio,Baixo
RA-463,2,U,Aluno-463,2010-01-01,12.0,Feminino,2020,Escola Pública,Ágata,6.41,3.0,10.0,7.8,7.5,Não atendido,2.5,2.0,3.0,,Não,Não,7.389,5.0,Fase 3 (7º e 8º ano),-1,,2022,Pública,2,0.0,0.0,Risco moderado,Baixo,Alta,Médio,Baixo
RA-464,2,U,Aluno-464,2009-01-01,13.0,Feminino,2022,Escola Pública,Ágata,6.745,3.0,7.5,8.0,7.5,Não atendido,4.8,2.7,7.0,,Não,Não,7.722,5.0,Fase 3 (7º e 8º ano),-1,,2022,Pública,2,0.0,0.0,Risco moderado,Médio,Baixa,Médio,Baixo
RA-465,2,U,Aluno-465,2011-01-01,11.0,Masculino,2019,Escola Pública,Ametista,8.012,3.0,8.0,7.9,7.5,Não atendido,7.8,9.3,6.3,,Não,Sim,8.444,10.0,Fase 2 (5º e 6º ano),0,,2022,Pública,2,0.0,1.0,Sem risco,Médio,Baixa,Médio,Alto
RA-466,2,U,Aluno-466,2009-01-01,13.0,Masculino,2022,Escola Pública,Ágata,6.826,3.0,8.5,9.7,7.5,Não atendido,3.3,0.5,6.0,,Não,Não,7.556,5.0,Fase 3 (7º e 8º ano),-1,,2022,Pública,2,0.0,0.0,Risco moderado,Alto,Média,Médio,Baixo
RA-467,2,U,Aluno-467,2009-01-01,13.0,Feminino,2022,Escola Pública,Ágata,6.38,3.0,5.8,8.4,5.0,Requer avaliação,5.5,5.0,6.0,,Não,Não,7.111,5.0,Fase 3 (7º e 8º ano),-1,,2022,Pública,2,0.0,0.0,Risco moderado,Médio,Baixa,Baixo,Baixo
RA-468,2,U,Aluno-468,2009-01-01,13.0,Masculino,2022,Escola Pública,Ágata,6.313,3.0,9.5,6.7,7.5,Não atendido,4.1,4.5,3.7,,Não,Não,6.722,5.0,Fase 3 (7º e 8º ano),-1,,2022,Pública,2,0.0,0.0,Risco moderado,Baixo,Alta,Médio,Baixo
RA-469,2,U,Aluno-469,2011-01-01,11.0,Feminino,2022,Escola Pública,Ametista,7.624,3.0,9.0,9.6,5.0,Requer avaliação,5.7,6.2,5.2,,Não,Não,7.833,10.0,Fase 2 (5º e 6º ano),0,,2022,Pública,2,0.0,0.0,Sem risco,Alto,Média,Baixo,Médio
RA-470,2,U,Aluno-470,2009-01-01,13.0,Feminino,2019,Escola Pública,Ametista,7.378,3.0,8.0,9.7,7.5,Não atendido,6.3,5.3,7.3,,Não,Não,7.5,5.0,Fase 3 (7º e 8º ano),-1,,2022,Pública,2,0.0,0.0,Risco moderado,Alto,Baixa,Médio,Médio
RA-471,2,U,Aluno-471,2009-01-01,13.0,Feminino,2020,Escola Pública,Ágata,6.535,3.0,3.5,8.5,5.0,Requer avaliação,6.3,5.7,6.8,,Não,Não,8.056,5.0,Fase 3 (7º e 8º ano),-1,,2022,Pública,2,0.0,0.0,Risco moderado,Médio,Baixa,Baixo,Baixo
RA-472,2,U,Aluno-472,2010-01-01,12.0,Feminino,2022,Escola Pública,Quartzo,5.93,3.0,9.0,7.0,7.5,Não atendido,2.0,1.8,2.2,,Não,Não,7.056,5.0,Fase 3 (7º e 8º ano),-1,,2022,Pública,2,0.0,0.0,Risco moderado,Baixo,Média,Médio,Baixo
RA-473,2,U,Aluno-473,2010-01-01,12.0,Masculino,2019,Escola Pública,Quartzo,5.915,3.0,8.0,6.1,7.5,Não atendido,4.3,4.5,4.0,,Não,Não,5.889,5.0,Fase 3 (7º e 8º ano),-1,,2022,Pública,2,0.0,0.0,Risco moderado,Baixo,Baixa,Médio,Baixo
RA-474,2,U,Aluno-474,2009-01-01,13.0,Masculino,2019,Escola Pública,Ágata,6.446,3.0,9.5,9.1,7.5,Não atendido,3.0,1.3,4.7,,Não,Não,6.0,5.0,Fase 3 (7º e 8º ano),-1,,2022,Pública,2,0.0,0.0,Risco moderado,Médio,Alta,Médio,Baixo
RA-475,2,U,Aluno-475,2010-01-01,12.0,Feminino,2022,Escola Pública,Ametista,7.199,3.0,8.5,9.2,7.5,Não atendido,5.8,3.3,8.3,,Não,Não,7.667,5.0,Fase 3 (7º e 8º ano),-1,,2022,Pública,2,0.0,0.0,Risco moderado,Alto,Média,Médio,Médio
RA-476,2,U,Aluno-476,2010-01-01,12.0,Feminino,2019,Escola Pública,Ágata,6.931,3.0,9.0,9.3,4.4,Requer avaliação,5.5,5.0,6.0,,Não,Não,7.556,5.0,Fase 3 (7º e 8º ano),-1,,2022,Pública,2,0.0,0.0,Risco moderado,Alto,Média,Baixo,Médio
RA-477,2,U,Aluno-477,2009-01-01,13.0,Masculino,2022,Escola Pública,Quartzo,3.633,3.0,0.0,5.0,5.6,Requer avaliação,0.7,0.3,1.0,,Não,Não,4.5,5.0,Fase 3 (7º e 8º ano),-1,,2022,Pública,2,0.0,0.0,Risco moderado,Baixo,Baixa,Baixo,Baixo
RA-478,2,U,Aluno-478,2010-01-01,12.0,Feminino,2019,Escola Pública,Ágata,6.709,3.0,8.5,9.1,5.6,Requer avaliação,4.9,3.8,6.0,,Não,Não,7.056,5.0,Fase 3 (7º e 8º ano),-1,,2022,Pública,2,0.0,0.0,Risco moderado,Médio,Média,Baixo,Baixo
RA-479,1,A,Aluno-479,2012-01-01,10.0,Masculino,2020,Rede Decisão,Topázio,8.465,3.0,8.0,9.2,7.5,Sem limitações,9.8,10.0,9.7,,Não,Sim,9.5,5.0,Fase 2 (5º e 6º ano),-1,,2022,Outros,1,0.0,1.0,Risco moderado,Alto,Baixa,Médio,Alto
RA-480,1,A,Aluno-480,2012-01-01,10.0,Feminino,2021,Escola Pública,Ametista,7.502,3.0,9.0,8.8,7.5,Não atendido,6.3,6.8,5.7,,Sim,Sim,8.444,5.0,Fase 2 (5º e 6º ano),-1,,2022,Pública,1,1.0,1.0,Risco moderado,Médio,Média,Médio,Médio
RA-481,1,A,Aluno-481,2013-01-01,9.0,Masculino,2021,Escola Pública,Ametista,7.21,3.0,9.0,8.0,7.5,Não atendido,5.2,5.7,4.7,,Não,Não,6.889,10.0,Fase 1 (4º ano),0,,2022,Pública,1,0.0,0.0,Sem risco,Médio,Média,Médio,Médio
RA-482,1,A,Aluno-482,2011-01-01,11.0,Masculino,2021,Escola Pública,Ágata,6.866,3.0,10.0,7.9,7.5,Não atendido,5.5,4.3,6.7,,Não,Não,6.833,5.0,Fase 2 (5º e 6º ano),-1,,2022,Pública,1,0.0,0.0,Risco moderado,Médio,Alta,Médio,Baixo
RA-483,1,A,Aluno-483,2011-01-01,11.0,Feminino,2019,Escola Pública,Quartzo,5.263,3.0,9.0,4.8,5.0,Requer avaliação,2.4,2.0,2.8,,Não,Não,6.833,5.0,Fase 2 (5º e 6º ano),-1,,2022,Pública,1,0.0,0.0,Risco moderado,Baixo,Média,Baixo,Baixo
RA-484,1,A,Aluno-484,2011-01-01,11.0,Masculino,2022,Escola Pública,Ágata,6.71,3.0,9.5,8.7,5.0,Requer avaliação,6.5,8.0,5.0,,Não,Não,6.389,5.0,Fase 2 (5º e 6º ano),-1,,2022,Pública,1,0.0,0.0,Risco moderado,Médio,Alta,Baixo,Baixo
RA-485,1,A,Aluno-485,2012-01-01,10.0,Masculino,2020,Escola Pública,Quartzo,4.742,3.0,9.5,4.0,7.5,Não atendido,1.2,1.0,1.3,,Não,Não,5.444,5.0,Fase 2 (5º e 6º ano),-1,,2022,Pública,1,0.0,0.0,Risco moderado,Baixo,Alta,Médio,Baixo
RA-486,1,A,Aluno-486,2012-01-01,10.0,Feminino,2020,Escola Pública,Ametista,7.621,3.0,10.0,9.9,7.5,Não atendido,7.3,6.7,7.8,,Não,Não,7.222,5.0,Fase 2 (5º e 6º ano),-1,,2022,Pública,1,0.0,0.0,Risco moderado,Alto,Alta,Médio,Médio
RA-487,1,A,Aluno-487,2012-01-01,10.0,Feminino,2019,Rede Decisão,Topázio,8.417,3.0,7.5,9.7,7.5,Não atendido,9.6,9.7,9.5,,Não,Sim,9.333,5.0,Fase 2 (5º e 6º ano),-1,,2022,Outros,1,0.0,1.0,Risco moderado,Alto,Baixa,Médio,Alto
RA-488,1,A,Aluno-488,2012-01-01,10.0,Feminino,2022,Escola Pública,Ametista,7.413,3.0,8.5,8.8,7.5,Não atendido,7.3,6.0,8.5,,Não,Não,7.722,5.0,Fase 2 (5º e 6º ano),-1,,2022,Pública,1,0.0,0.0,Risco moderado,Médio,Média,Médio,Médio
RA-489,1,A,Aluno-489,2013-01-01,9.0,Feminino,2022,Escola Pública,Quartzo,5.853,3.0,9.0,7.2,7.5,Não atendido,0.0,0.0,0.0,,Não,Não,6.5,10.0,Fase 1 (4º ano),0,,2022,Pública,1,0.0,0.0,Sem risco,Baixo,Média,Médio,Baixo
RA-490,1,A,Aluno-490,2012-01-01,10.0,Feminino,2022,Escola Pública,Ametista,7.576,3.0,7.9,8.2,7.5,Não atendido,7.7,6.0,9.3,,Não,Sim,8.722,5.0,Fase 2 (5º e 6º ano),-1,,2022,Pública,1,0.0,1.0,Risco moderado,Médio,Baixa,Médio,Médio
RA-491,1,A,Aluno-491,2011-01-01,11.0,Masculino,2022,Escola Pública,Ametista,7.461,3.0,7.5,9.7,7.5,Não atendido,7.0,6.0,8.0,,Não,Não,7.722,5.0,Fase 2 (5º e 6º ano),-1,,2022,Pública,1,0.0,0.0,Risco moderado,Alto,Baixa,Médio,Médio
RA-492,1,A,Aluno-492,2011-01-01,11.0,Feminino,2022,Escola Pública,Ametista,7.678,3.0,10.0,8.8,7.5,Não atendido,7.1,8.2,6.0,,Não,Não,8.278,5.0,Fase 2 (5º e 6º ano),-1,,2022,Pública,1,0.0,0.0,Risco moderado,Médio,Alta,Médio,Médio
RA-493,1,B,Aluno-493,2013-01-01,9.0,Feminino,2020,Escola Pública,Topázio,8.306,3.0,10.0,9.4,7.5,Sem limitações,7.2,7.3,7.0,,Não,Não,8.278,10.0,Fase 1 (4º ano),0,,2022,Pública,1,0.0,0.0,Sem risco,Alto,Alta,Médio,Alto
RA-494,1,B,Aluno-494,2011-01-01,11.0,Feminino,2022,Escola Pública,Ágata,6.407,3.0,6.4,8.3,5.0,Requer avaliação,5.8,6.3,5.2,,Não,Não,6.944,5.0,Fase 2 (5º e 6º ano),-1,,2022,Pública,1,0.0,0.0,Risco moderado,Médio,Baixa,Baixo,Baixo
RA-495,1,B,Aluno-495,2011-01-01,11.0,Masculino,2022,Escola Pública,Ametista,7.857,3.0,9.0,8.9,7.5,Sem limitações,8.4,8.0,8.8,,Não,Não,8.056,5.0,Fase 2 (5º e 6º ano),-1,,2022,Pública,1,0.0,0.0,Risco moderado,Médio,Média,Médio,Alto
RA-496,1,B,Aluno-496,2011-01-01,11.0,Masculino,2018,Escola Pública,Ágata,6.683,3.0,8.5,6.8,7.5,Requer avaliação,5.7,5.8,5.5,,Não,Não,7.556,5.0,Fase 2 (5º e 6º ano),-1,,2022,Pública,1,0.0,0.0,Risco moderado,Baixo,Média,Médio,Baixo
RA-497,1,B,Aluno-497,2009-01-01,13.0,Feminino,2016,Rede Decisão,Ágata,6.323,3.0,6.9,9.2,5.0,Não indicado,5.1,4.2,6.0,,Não,Não,5.833,5.0,Fase 3 (7º e 8º ano),-2,,2022,Outros,1,0.0,0.0,Risco moderado,Alto,Baixa,Baixo,Baixo
RA-498,1,B,Aluno-498,2011-01-01,11.0,Feminino,2018,Escola Pública,Ametista,7.7,3.0,8.5,8.8,7.5,Sem limitações,8.8,8.0,9.5,,Não,Não,7.556,5.0,Fase 2 (5º e 6º ano),-1,,2022,Pública,1,0.0,0.0,Risco moderado,Médio,Média,Médio,Médio
RA-499,1,B,Aluno-499,2012-01-01,10.0,Masculino,2020,Escola Pública,Ametista,7.826,3.0,8.5,10.0,7.5,Sem limitações,8.2,8.2,8.2,,Não,Não,7.444,5.0,Fase 2 (5º e 6º ano),-1,,2022,Pública,1,0.0,0.0,Risco moderado,Alto,Média,Médio,Alto
RA-500,1,B,Aluno-500,2012-01-01,10.0,Feminino,2020,Escola Pública,Topázio,8.232,3.0,9.0,10.0,7.5,Sem limitações,9.5,9.5,9.5,,Sim,Não,7.889,5.0,Fase 2 (5º e 6º ano),-1,,2022,Pública,1,1.0,0.0,Risco moderado,Alto,Média,Médio,Alto
RA-501,1,B,Aluno-501,2013-01-01,9.0,Masculino,2021,Escola Pública,Ametista,7.794,3.0,8.5,8.8,7.5,Sem limitações,6.8,8.0,5.7,,Não,Não,7.333,10.0,Fase 1 (4º ano),0,,2022,Pública,1,0.0,0.0,Sem risco,Médio,Média,Médio,Alto
RA-502,1,B,Aluno-502,2014-01-01,8.0,Feminino,2021,Rede Decisão,Topázio,8.287,3.0,9.5,9.7,7.5,Sem limitações,7.4,6.7,8.2,,Não,Não,7.778,10.0,ALFA  (2º e 3º ano),1,,2022,Outros,1,0.0,0.0,Sem risco,Alto,Alta,Médio,Alto
RA-503,1,B,Aluno-503,2012-01-01,10.0,Masculino,2020,Escola Pública,Ametista,7.95,3.0,8.5,10.0,7.5,Sem limitações,8.8,8.7,9.0,,Não,Não,7.5,5.0,Fase 2 (5º e 6º ano),-1,,2022,Pública,1,0.0,0.0,Risco moderado,Alto,Média,Médio,Alto
RA-504,1,B,Aluno-504,2013-01-01,9.0,Feminino,2021,Escola Pública,Topázio,8.072,3.0,8.5,8.9,7.5,Sem limitações,8.0,7.8,8.2,,Não,Não,7.556,10.0,Fase 1 (4º ano),0,,2022,Pública,1,0.0,0.0,Sem risco,Médio,Média,Médio,Alto
RA-505,1,B,Aluno-505,2011-01-01,11.0,Feminino,2019,Escola Pública,Ametista,7.591,3.0,9.5,8.0,7.5,Sem limitações,8.4,8.2,8.7,,Não,Não,7.556,5.0,Fase 2 (5º e 6º ano),-1,,2022,Pública,1,0.0,0.0,Risco moderado,Médio,Alta,Médio,Médio
RA-506,1,B,Aluno-506,2010-01-01,12.0,Masculino,2020,Escola Pública,Ametista,7.132,3.0,9.5,7.3,7.5,Sem limitações,7.2,8.3,6.0,,Não,Não,7.278,5.0,Fase 3 (7º e 8º ano),-2,,2022,Pública,1,0.0,0.0,Risco moderado,Baixo,Alta,Médio,Médio
RA-507,1,C,Aluno-507,2011-01-01,11.0,Feminino,2021,Escola Pública,Ametista,7.653,3.0,8.5,10.0,7.5,Não atendido,7.4,7.3,7.5,,Não,Não,7.222,5.0,Fase 2 (5º e 6º ano),-1,,2022,Pública,1,0.0,0.0,Risco moderado,Alto,Média,Médio,Médio
RA-508,1,C,Aluno-508,2012-01-01,10.0,Masculino,2022,Escola Pública,Ágata,6.575,3.0,8.0,7.4,7.5,Não atendido,4.5,0.0,9.0,,Não,Não,7.556,5.0,Fase 2 (5º e 6º ano),-1,,2022,Pública,1,0.0,0.0,Risco moderado,Baixo,Baixa,Médio,Baixo
RA-509,1,C,Aluno-509,2010-01-01,12.0,Feminino,2018,Escola Pública,Ametista,7.808,3.0,9.0,8.2,7.5,Não atendido,9.2,9.3,9.0,,Sim,Não,7.833,5.0,Fase 3 (7º e 8º ano),-2,,2022,Pública,1,1.0,0.0,Risco moderado,Médio,Média,Médio,Alto
RA-510,1,C,Aluno-510,2010-01-01,12.0,Masculino,2022,Escola Pública,Ametista,7.336,3.0,8.0,9.3,7.5,Não atendido,7.1,5.8,8.3,,Não,Não,7.056,5.0,Fase 3 (7º e 8º ano),-2,,2022,Pública,1,0.0,0.0,Risco moderado,Alto,Baixa,Médio,Médio
RA-511,1,C,Aluno-511,2012-01-01,10.0,Feminino,2022,Escola Pública,Ametista,7.094,3.0,8.0,10.0,7.5,Não atendido,5.3,2.0,8.5,,Não,Não,7.056,5.0,Fase 2 (5º e 6º ano),-1,,2022,Pública,1,0.0,0.0,Risco moderado,Alto,Baixa,Médio,Médio
RA-512,1,C,Aluno-512,2012-01-01,10.0,Feminino,2022,Escola Pública,Ametista,7.365,3.0,9.0,9.3,7.5,Não atendido,6.2,5.3,7.0,,Não,Não,7.722,5.0,Fase 2 (5º e 6º ano),-1,,2022,Pública,1,0.0,0.0,Risco moderado,Alto,Média,Médio,Médio
RA-513,1,C,Aluno-513,2013-01-01,9.0,Masculino,2021,Escola Pública,Topázio,8.229,3.0,9.0,9.6,5.6,Requer avaliação,8.3,8.2,8.5,,Não,Não,7.778,10.0,Fase 1 (4º ano),0,,2022,Pública,1,0.0,0.0,Sem risco,Alto,Média,Baixo,Alto
RA-514,1,C,Aluno-514,2013-01-01,9.0,Feminino,2022,Escola Pública,Ametista,7.039,3.0,8.0,9.7,7.5,Não atendido,4.8,2.0,7.5,,Não,Não,5.889,10.0,Fase 1 (4º ano),0,,2022,Pública,1,0.0,0.0,Sem risco,Alto,Baixa,Médio,Médio
RA-515,1,C,Aluno-515,2010-01-01,12.0,Masculino,2022,Escola Pública,Ágata,6.582,3.0,8.0,6.3,7.5,Não atendido,5.8,8.5,3.2,,Não,Não,7.556,5.0,Fase 3 (7º e 8º ano),-2,,2022,Pública,1,0.0,0.0,Risco moderado,Baixo,Baixa,Médio,Baixo
RA-516,1,C,Aluno-516,2013-01-01,9.0,Masculino,2019,Rede Decisão,Topázio,8.903,3.0,10.0,9.7,7.5,Não atendido,9.9,10.0,9.8,,Não,Não,8.056,10.0,Fase 1 (4º ano),0,,2022,Outros,1,0.0,0.0,Sem risco,Alto,Alta,Médio,Alto
RA-517,1,D,Aluno-517,2010-01-01,12.0,Feminino,2017,Escola Pública,Ametista,7.604,3.0,6.9,9.5,7.5,Não atendido,7.7,7.8,7.5,,Não,Não,7.833,5.0,Fase 3 (7º e 8º ano),-2,,2022,Pública,1,0.0,0.0,Risco moderado,Alto,Baixa,Médio,Médio
RA-518,1,D,Aluno-518,2012-01-01,10.0,Masculino,2022,Escola Pública,Ametista,7.661,3.0,9.0,9.4,7.5,Não atendido,7.5,6.0,9.0,,Não,Não,7.5,5.0,Fase 2 (5º e 6º ano),-1,,2022,Pública,1,0.0,0.0,Risco moderado,Alto,Média,Médio,Médio
RA-519,1,D,Aluno-519,2013-01-01,9.0,Masculino,2022,Escola Pública,Ametista,8.0,3.0,7.4,9.6,7.5,Não atendido,7.5,7.0,8.0,,Não,Não,7.333,10.0,Fase 1 (4º ano),0,,2022,Pública,1,0.0,0.0,Sem risco,Alto,Baixa,Médio,Alto
RA-520,1,D,Aluno-520,2011-01-01,11.0,Feminino,2022,Escola Pública,Ametista,7.035,3.0,10.0,6.8,7.5,Não atendido,6.8,5.0,8.5,,Não,Não,7.278,5.0,Fase 2 (5º e 6º ano),-1,,2022,Pública,1,0.0,0.0,Risco moderado,Baixo,Alta,Médio,Médio
RA-521,1,D,Aluno-521,2013-01-01,9.0,Masculino,2022,Escola Pública,Ametista,7.725,3.0,9.0,10.0,5.0,Requer avaliação,6.0,5.0,7.0,,Não,Não,7.5,10.0,Fase 1 (4º ano),0,,2022,Pública,1,0.0,0.0,Sem risco,Alto,Média,Baixo,Médio
RA-522,1,D,Aluno-522,2013-01-01,9.0,Masculino,2021,Escola Pública,Topázio,8.306,3.0,9.5,9.1,7.5,Não atendido,7.5,7.0,8.0,,Não,Não,8.167,10.0,Fase 1 (4º ano),0,,2022,Pública,1,0.0,0.0,Sem risco,Médio,Alta,Médio,Alto
RA-523,1,D,Aluno-523,2011-01-01,11.0,Feminino,2022,Escola Pública,Ametista,7.591,3.0,10.0,9.5,7.5,Não atendido,6.5,5.0,8.0,,Não,Não,7.556,5.0,Fase 2 (5º e 6º ano),-1,,2022,Pública,1,0.0,0.0,Risco moderado,Alto,Alta,Médio,Médio
RA-524,1,D,Aluno-524,2011-01-01,11.0,Masculino,2019,Escola Pública,Ágata,6.947,3.0,0.0,9.4,5.0,Requer avaliação,9.1,9.0,9.2,,Sim,Não,8.056,5.0,Fase 2 (5º e 6º ano),-1,,2022,Pública,1,1.0,0.0,Risco moderado,Alto,Baixa,Baixo,Médio
RA-525,1,D,Aluno-525,2011-01-01,11.0,Feminino,2021,Escola Pública,Ametista,8.013,3.0,9.0,9.3,7.5,Não atendido,8.6,8.3,8.8,,Não,Não,8.167,5.0,Fase 2 (5º e 6º ano),-1,,2022,Pública,1,0.0,0.0,Risco moderado,Alto,Média,Médio,Alto
RA-526,1,D,Aluno-526,2010-01-01,12.0,Masculino,2022,Escola Pública,Topázio,8.079,3.0,10.0,9.9,7.5,Não atendido,8.0,7.7,8.3,,Não,Não,8.167,5.0,Fase 3 (7º e 8º ano),-2,,2022,Pública,1,0.0,0.0,Risco moderado,Alto,Alta,Médio,Alto
RA-527,1,D,Aluno-527,2013-01-01,9.0,Feminino,2022,Escola Pública,Ametista,8.025,3.0,8.5,10.0,7.5,Não atendido,6.5,5.0,8.0,,Não,Não,7.5,10.0,Fase 1 (4º ano),0,,2022,Pública,1,0.0,0.0,Sem risco,Alto,Média,Médio,Alto
RA-528,1,D,Aluno-528,2011-01-01,11.0,Masculino,2021,Escola Pública,Quartzo,5.335,3.0,0.0,6.2,7.5,Não atendido,4.0,5.3,2.7,,Não,Não,6.944,5.0,Fase 2 (5º e 6º ano),-1,,2022,Pública,1,0.0,0.0,Risco moderado,Baixo,Baixa,Médio,Baixo
RA-529,1,D,Aluno-529,2010-01-01,12.0,Masculino,2020,Escola Pública,Ágata,6.51,3.0,8.5,8.9,5.0,Requer avaliação,5.2,3.3,7.0,,Não,Não,6.556,5.0,Fase 3 (7º e 8º ano),-2,,2022,Pública,1,0.0,0.0,Risco moderado,Médio,Média,Baixo,Baixo
RA-530,1,E,Aluno-530,2012-01-01,10.0,Masculino,2019,Escola Pública,Topázio,8.338,3.0,10.0,9.0,7.5,Não atendido,8.9,9.0,8.8,,Sim,Sim,9.056,5.0,Fase 2 (5º e 6º ano),-1,,2022,Pública,1,1.0,1.0,Risco moderado,Médio,Alta,Médio,Alto
RA-531,1,E,Aluno-531,2012-01-01,10.0,Masculino,2022,Escola Pública,Ametista,8.057,3.0,9.5,9.8,7.5,Não atendido,7.8,8.7,7.0,,Sim,Não,8.167,5.0,Fase 2 (5º e 6º ano),-1,,2022,Pública,1,1.0,0.0,Risco moderado,Alto,Alta,Médio,Alto
RA-532,1,E,Aluno-532,2013-01-01,9.0,Feminino,2022,Escola Pública,Ametista,7.792,3.0,9.5,9.7,7.5,Não atendido,5.5,4.0,7.0,,Não,Não,7.167,10.0,Fase 1 (4º ano),0,,2022,Pública,1,0.0,0.0,Sem risco,Alto,Alta,Médio,Alto
RA-533,1,E,Aluno-533,2012-01-01,10.0,Masculino,2022,Escola Pública,Ágata,6.962,3.0,8.5,8.8,5.6,Requer avaliação,6.0,5.0,7.0,,Não,Não,7.333,5.0,Fase 2 (5º e 6º ano),-1,,2022,Pública,1,0.0,0.0,Risco moderado,Médio,Média,Baixo,Médio
RA-534,1,E,Aluno-534,2010-01-01,12.0,Feminino,2021,Escola Pública,Ametista,7.131,3.0,9.0,7.4,7.5,Não atendido,7.1,6.5,7.7,,Não,Não,7.333,5.0,Fase 3 (7º e 8º ano),-2,,2022,Pública,1,0.0,0.0,Risco moderado,Baixo,Média,Médio,Médio
RA-535,1,F,Aluno-535,2012-01-01,10.0,Feminino,2019,Escola Pública,Ágata,6.953,2.0,9.0,9.2,7.5,Sem limitações,5.1,4.7,5.5,,Não,Não,6.917,5.0,Fase 2 (5º e 6º ano),-1,,2022,Pública,1,0.0,0.0,Risco moderado,Alto,Média,Médio,Médio
RA-536,1,F,Aluno-536,2012-01-01,10.0,Feminino,2020,Escola Pública,Ametista,7.106,2.0,9.5,8.9,5.6,Sem limitações,6.0,6.3,5.7,,Não,Não,7.75,5.0,Fase 2 (5º e 6º ano),-1,,2022,Pública,1,0.0,0.0,Risco moderado,Médio,Alta,Baixo,Médio
RA-537,1,F,Aluno-537,2012-01-01,10.0,Masculino,2022,Escola Pública,Ágata,6.641,2.0,9.5,9.0,4.4,Requer avaliação,4.8,2.5,7.0,,Não,Não,7.167,5.0,Fase 2 (5º e 6º ano),-1,,2022,Pública,1,0.0,0.0,Risco moderado,Médio,Alta,Baixo,Baixo
RA-538,1,F,Aluno-538,2009-01-01,13.0,Masculino,2022,Escola Pública,Ágata,6.309,2.0,8.5,7.5,5.6,Requer avaliação,6.8,4.5,9.0,,Não,Não,5.583,5.0,Fase 3 (7º e 8º ano),-2,,2022,Pública,1,0.0,0.0,Risco moderado,Baixo,Média,Baixo,Baixo
RA-539,1,F,Aluno-539,2011-01-01,11.0,Feminino,2022,Escola Pública,Ametista,7.665,2.0,8.5,9.3,6.9,Sem limitações,7.5,6.8,8.2,,Não,Sim,8.417,5.0,Fase 2 (5º e 6º ano),-1,,2022,Pública,1,0.0,1.0,Risco moderado,Alto,Média,Médio,Médio
RA-540,1,F,Aluno-540,2012-01-01,10.0,Feminino,2019,Escola Pública,Ametista,7.303,2.0,8.5,9.5,5.6,Sem limitações,7.0,6.8,7.2,,Não,Não,7.5,5.0,Fase 2 (5º e 6º ano),-1,,2022,Pública,1,0.0,0.0,Risco moderado,Alto,Média,Baixo,Médio
RA-541,1,F,Aluno-541,2008-01-01,14.0,Masculino,2022,Escola Pública,Quartzo,5.427,2.0,10.0,7.8,6.9,Sem limitações,2.5,0.0,5.0,,Não,Não,5.0,2.5,Fase 4 (9º ano),-3,,2022,Pública,1,0.0,0.0,Alto risco,Baixo,Alta,Médio,Baixo
RA-542,1,F,Aluno-542,2011-01-01,11.0,Feminino,2019,Escola Pública,Ametista,7.221,2.0,8.0,9.8,6.3,Sem limitações,6.5,5.3,7.7,,Não,Não,7.417,5.0,Fase 2 (5º e 6º ano),-1,,2022,Pública,1,0.0,0.0,Risco moderado,Alto,Baixa,Médio,Médio
RA-543,1,F,Aluno-543,2012-01-01,10.0,Feminino,2022,Escola Pública,Ametista,7.05,2.0,8.5,9.8,4.4,Sem limitações,6.5,5.0,8.0,,Não,Não,7.167,5.0,Fase 2 (5º e 6º ano),-1,,2022,Pública,1,0.0,0.0,Risco moderado,Alto,Média,Baixo,Médio
RA-544,1,F,Aluno-544,2012-01-01,10.0,Masculino,2022,Escola Pública,Ágata,6.307,2.0,9.5,9.7,5.6,Requer avaliação,3.3,1.0,5.5,,Não,Não,6.0,5.0,Fase 2 (5º e 6º ano),-1,,2022,Pública,1,0.0,0.0,Risco moderado,Alto,Alta,Baixo,Baixo
RA-545,1,G,Aluno-545,2009-01-01,13.0,Masculino,2018,Escola Pública,Ágata,6.723,2.0,9.5,6.6,7.5,Sem limitações,5.5,4.3,6.7,,Não,Não,7.5,5.0,Fase 3 (7º e 8º ano),-2,,2022,Pública,1,0.0,0.0,Risco moderado,Baixo,Alta,Médio,Baixo
RA-546,1,G,Aluno-546,2011-01-01,11.0,Feminino,2021,Escola Pública,Ágata,6.77,2.0,9.0,7.9,5.0,Não indicado,5.6,3.3,7.8,,Não,Não,7.917,5.0,Fase 2 (5º e 6º ano),-1,,2022,Pública,1,0.0,0.0,Risco moderado,Médio,Média,Baixo,Baixo
RA-547,1,G,Aluno-547,2011-01-01,11.0,Feminino,2019,Escola Pública,Ametista,7.745,2.0,9.5,9.7,5.0,Não indicado,7.6,7.3,7.8,,Não,Sim,8.833,5.0,Fase 2 (5º e 6º ano),-1,,2022,Pública,1,0.0,1.0,Risco moderado,Alto,Alta,Baixo,Médio
RA-548,1,G,Aluno-548,2010-01-01,12.0,Masculino,2019,Escola Pública,Ametista,7.292,2.0,8.0,9.1,6.9,Sem limitações,7.2,5.7,8.7,,Não,Não,7.583,5.0,Fase 3 (7º e 8º ano),-2,,2022,Pública,1,0.0,0.0,Risco moderado,Médio,Baixa,Médio,Médio
RA-549,1,G,Aluno-549,2012-01-01,10.0,Masculino,2021,Escola Pública,Ágata,6.301,2.0,10.0,7.9,6.9,Sem limitações,4.2,2.2,6.2,,Não,Não,6.167,5.0,Fase 2 (5º e 6º ano),-1,,2022,Pública,1,0.0,0.0,Risco moderado,Médio,Alta,Médio,Baixo
RA-550,1,G,Aluno-550,2010-01-01,12.0,Feminino,2022,Escola Pública,Ágata,6.026,2.0,9.0,9.0,6.9,Sem limitações,1.9,2.0,1.8,,Não,Não,6.25,5.0,Fase 3 (7º e 8º ano),-2,,2022,Pública,1,0.0,0.0,Risco moderado,Médio,Média,Médio,Baixo
RA-551,1,G,Aluno-551,2010-01-01,12.0,Feminino,2018,Escola Pública,Ágata,6.853,2.0,8.5,7.3,6.9,Sem limitações,6.6,5.0,8.2,,Não,Não,7.333,5.0,Fase 3 (7º e 8º ano),-2,,2022,Pública,1,0.0,0.0,Risco moderado,Baixo,Média,Médio,Baixo
RA-552,1,G,Aluno-552,2011-01-01,11.0,Masculino,2022,Escola Pública,Ágata,6.625,2.0,9.5,8.8,5.0,Não indicado,5.5,6.0,5.0,,Não,Não,7.167,5.0,Fase 2 (5º e 6º ano),-1,,2022,Pública,1,0.0,0.0,Risco moderado,Médio,Alta,Baixo,Baixo
RA-553,1,G,Aluno-553,2011-01-01,11.0,Feminino,2019,Escola Pública,Ágata,6.39,2.0,9.5,6.9,6.9,Sem limitações,3.3,1.0,5.7,,Não,Não,8.167,5.0,Fase 2 (5º e 6º ano),-1,,2022,Pública,1,0.0,0.0,Risco moderado,Baixo,Alta,Médio,Baixo
RA-554,1,G,Aluno-554,2010-01-01,12.0,Masculino,2017,Escola Pública,Quartzo,5.588,2.0,7.9,6.0,6.9,Sem limitações,4.0,1.7,6.3,,Não,Não,5.75,5.0,Fase 3 (7º e 8º ano),-2,,2022,Pública,1,0.0,0.0,Risco moderado,Baixo,Baixa,Médio,Baixo
RA-555,1,G,Aluno-555,2010-01-01,12.0,Masculino,2019,Escola Pública,Quartzo,5.949,2.0,9.5,8.1,5.0,Não indicado,4.4,1.8,7.0,,Não,Não,5.167,5.0,Fase 3 (7º e 8º ano),-2,,2022,Pública,1,0.0,0.0,Risco moderado,Médio,Alta,Baixo,Baixo
RA-556,1,G,Aluno-556,2011-01-01,11.0,Feminino,2018,Escola Pública,Ametista,7.181,2.0,9.0,8.8,5.0,Não indicado,6.4,4.8,8.0,,Não,Não,8.25,5.0,Fase 2 (5º e 6º ano),-1,,2022,Pública,1,0.0,0.0,Risco moderado,Médio,Média,Baixo,Médio
RA-557,1,H,Aluno-557,2012-01-01,10.0,Masculino,2019,Escola Pública,Topázio,8.334,2.0,10.0,8.4,7.5,Sem limitações,9.4,10.0,8.8,,Sim,Sim,9.333,5.0,Fase 2 (5º e 6º ano),-1,,2022,Pública,1,1.0,1.0,Risco moderado,Médio,Alta,Médio,Alto
RA-558,1,H,Aluno-558,2008-01-01,14.0,Masculino,2022,Escola Pública,Quartzo,5.539,2.0,9.0,8.5,5.0,Não indicado,4.3,0.5,8.0,,Não,Não,4.5,2.5,Fase 4 (9º ano),-3,,2022,Pública,1,0.0,0.0,Alto risco,Médio,Média,Baixo,Baixo
RA-559,1,H,Aluno-559,2011-01-01,11.0,Masculino,2021,Escola Pública,Ametista,7.634,2.0,9.5,9.2,7.5,Sem limitações,7.1,7.2,7.0,,Não,Não,8.083,5.0,Fase 2 (5º e 6º ano),-1,,2022,Pública,1,0.0,0.0,Risco moderado,Alto,Alta,Médio,Médio
RA-560,1,H,Aluno-560,2011-01-01,11.0,Masculino,2020,Escola Pública,Quartzo,4.949,2.0,6.9,7.2,5.0,Não indicado,3.8,3.2,4.3,,Não,Não,3.75,5.0,Fase 2 (5º e 6º ano),-1,,2022,Pública,1,0.0,0.0,Risco moderado,Baixo,Baixa,Baixo,Baixo
RA-561,1,H,Aluno-561,2011-01-01,11.0,Masculino,2022,Escola Pública,Ametista,7.856,2.0,9.0,9.0,7.5,Sem limitações,7.4,9.5,5.3,,Sim,Sim,8.833,5.0,Fase 2 (5º e 6º ano),-1,,2022,Pública,1,1.0,1.0,Risco moderado,Médio,Média,Médio,Alto
RA-562,1,H,Aluno-562,2011-01-01,11.0,Feminino,2021,Escola Pública,Ametista,7.855,2.0,8.0,9.0,7.5,Sem limitações,8.0,8.3,7.7,,Não,Sim,8.75,5.0,Fase 2 (5º e 6º ano),-1,,2022,Pública,1,0.0,1.0,Risco moderado,Médio,Baixa,Médio,Alto
RA-563,1,H,Aluno-563,2011-01-01,11.0,Feminino,2020,Escola Pública,Topázio,8.22,2.0,10.0,9.2,7.5,Sem limitações,8.5,9.0,8.0,,Sim,Sim,8.833,5.0,Fase 2 (5º e 6º ano),-1,,2022,Pública,1,1.0,1.0,Risco moderado,Alto,Alta,Médio,Alto
RA-564,1,H,Aluno-564,2009-01-01,13.0,Masculino,2019,Escola Pública,Quartzo,4.972,2.0,9.5,3.8,5.0,Não indicado,2.3,2.5,2.0,,Não,Não,6.833,5.0,Fase 3 (7º e 8º ano),-2,,2022,Pública,1,0.0,0.0,Risco moderado,Baixo,Alta,Baixo,Baixo
RA-565,1,H,Aluno-565,2009-01-01,13.0,Masculino,2022,Escola Pública,Quartzo,5.233,2.0,9.0,4.1,7.5,Sem limitações,2.9,4.0,1.8,,Não,Não,5.917,5.0,Fase 3 (7º e 8º ano),-2,,2022,Pública,1,0.0,0.0,Risco moderado,Baixo,Média,Médio,Baixo
RA-566,1,H,Aluno-566,2010-01-01,12.0,Feminino,2022,Escola Pública,Ametista,7.729,2.0,9.5,8.4,7.5,Sem limitações,8.5,9.5,7.5,,Não,Não,7.917,5.0,Fase 3 (7º e 8º ano),-2,,2022,Pública,1,0.0,0.0,Risco moderado,Médio,Alta,Médio,Médio
RA-567,1,H,Aluno-567,2011-01-01,11.0,Masculino,2019,Escola Pública,Ágata,6.281,2.0,9.5,6.0,7.5,Sem limitações,4.8,4.3,5.2,,Não,Não,6.833,5.0,Fase 2 (5º e 6º ano),-1,,2022,Pública,1,0.0,0.0,Risco moderado,Baixo,Alta,Médio,Baixo
RA-568,1,J,Aluno-568,2008-01-01,14.0,Masculino,2018,Escola Pública,Ametista,7.306,3.0,8.0,8.6,6.9,Não atendido,8.3,8.0,8.5,,Não,Não,7.944,2.5,Fase 4 (9º ano),-3,,2022,Pública,1,0.0,0.0,Alto risco,Médio,Baixa,Médio,Médio
RA-569,1,J,Aluno-569,2010-01-01,12.0,Feminino,2020,Escola Pública,Ametista,7.074,3.0,9.5,8.7,5.0,Requer avaliação,6.8,6.3,7.3,,Não,Não,7.333,5.0,Fase 3 (7º e 8º ano),-2,,2022,Pública,1,0.0,0.0,Risco moderado,Médio,Alta,Baixo,Médio
RA-570,1,J,Aluno-570,2012-01-01,10.0,Feminino,2019,Escola Pública,Quartzo,5.722,3.0,9.0,7.0,7.5,Não atendido,1.3,0.7,2.0,,Não,Não,6.778,5.0,Fase 2 (5º e 6º ano),-1,,2022,Pública,1,0.0,0.0,Risco moderado,Baixo,Média,Médio,Baixo
RA-571,1,J,Aluno-571,2011-01-01,11.0,Feminino,2019,Escola Pública,Ágata,6.589,3.0,8.5,8.8,7.5,Não atendido,3.7,3.3,4.0,,Não,Não,6.944,5.0,Fase 2 (5º e 6º ano),-1,,2022,Pública,1,0.0,0.0,Risco moderado,Médio,Média,Médio,Baixo
RA-572,1,J,Aluno-572,2013-01-01,9.0,Masculino,2022,Escola Pública,Ametista,7.48,3.0,8.5,8.0,7.5,Não atendido,6.8,4.5,9.0,,Não,Não,6.833,10.0,Fase 1 (4º ano),0,,2022,Pública,1,0.0,0.0,Sem risco,Médio,Média,Médio,Médio
RA-573,1,J,Aluno-573,2011-01-01,11.0,Masculino,2020,Escola Pública,Topázio,8.261,3.0,9.5,9.9,7.5,Não atendido,8.2,8.3,8.0,,Sim,Sim,8.944,5.0,Fase 2 (5º e 6º ano),-1,,2022,Pública,1,1.0,1.0,Risco moderado,Alto,Alta,Médio,Alto
RA-574,1,J,Aluno-574,2012-01-01,10.0,Masculino,2022,Escola Pública,Ágata,6.86,3.0,9.5,7.2,5.0,Requer avaliação,7.5,5.5,9.5,,Não,Não,6.944,5.0,Fase 2 (5º e 6º ano),-1,,2022,Pública,1,0.0,0.0,Risco moderado,Baixo,Alta,Baixo,Baixo
RA-575,1,J,Aluno-575,2010-01-01,12.0,Masculino,2019,Escola Pública,Quartzo,5.889,3.0,8.0,6.1,7.5,Não atendido,2.8,2.7,3.0,,Não,Não,7.0,5.0,Fase 3 (7º e 8º ano),-2,,2022,Pública,1,0.0,0.0,Risco moderado,Baixo,Baixa,Médio,Baixo
RA-576,1,J,Aluno-576,2012-01-01,10.0,Feminino,2022,Escola Pública,Ametista,7.59,3.0,9.5,9.1,7.5,Não atendido,7.8,7.5,8.0,,Não,Não,7.111,5.0,Fase 2 (5º e 6º ano),-1,,2022,Pública,1,0.0,0.0,Risco moderado,Médio,Alta,Médio,Médio
RA-577,1,J,Aluno-577,2012-01-01,10.0,Feminino,2022,Escola Pública,Ametista,7.862,3.0,9.5,9.3,7.5,Não atendido,9.0,8.3,9.7,,Não,Não,7.111,5.0,Fase 2 (5º e 6º ano),-1,,2022,Pública,1,0.0,0.0,Risco moderado,Alto,Alta,Médio,Alto
RA-578,1,J,Aluno-578,2012-01-01,10.0,Masculino,2019,Escola Pública,Topázio,8.814,3.0,9.5,10.0,8.8,Sem limitações,9.5,9.3,9.7,,Sim,Sim,9.611,5.0,Fase 2 (5º e 6º ano),-1,,2022,Pública,1,1.0,1.0,Risco moderado,Alto,Alta,Alto,Alto
RA-579,1,J,Aluno-579,2012-01-01,10.0,Feminino,2022,Escola Pública,Ágata,6.067,3.0,8.5,5.8,7.5,Não atendido,3.8,0.0,7.5,,Não,Não,7.222,5.0,Fase 2 (5º e 6º ano),-1,,2022,Pública,1,0.0,0.0,Risco moderado,Baixo,Média,Médio,Baixo
RA-580,1,J,Aluno-580,2012-01-01,10.0,Feminino,2020,Escola Pública,Ametista,7.525,3.0,8.0,9.6,7.5,Não atendido,7.6,6.3,8.8,,Não,Não,7.167,5.0,Fase 2 (5º e 6º ano),-1,,2022,Pública,1,0.0,0.0,Risco moderado,Alto,Baixa,Médio,Médio
RA-581,1,J,Aluno-581,2012-01-01,10.0,Masculino,2019,Escola Pública,Ágata,6.464,3.0,7.5,8.9,7.5,Não atendido,5.0,5.3,4.7,,Não,Não,5.889,5.0,Fase 2 (5º e 6º ano),-1,,2022,Pública,1,0.0,0.0,Risco moderado,Médio,Baixa,Médio,Baixo
RA-582,1,J,Aluno-582,2012-01-01,10.0,Feminino,2022,Escola Pública,Ametista,7.064,3.0,10.0,9.0,7.5,Não atendido,4.9,4.3,5.5,,Não,Não,7.222,5.0,Fase 2 (5º e 6º ano),-1,,2022,Pública,1,0.0,0.0,Risco moderado,Médio,Alta,Médio,Médio
RA-583,1,J,Aluno-583,2010-01-01,12.0,Feminino,2019,Escola Pública,Ametista,7.456,3.0,8.5,9.4,7.5,Não atendido,7.1,6.2,8.0,,Não,Não,7.333,5.0,Fase 3 (7º e 8º ano),-2,,2022,Pública,1,0.0,0.0,Risco moderado,Alto,Média,Médio,Médio
RA-584,1,J,Aluno-584,2012-01-01,10.0,Feminino,2019,Escola Pública,Ágata,6.714,3.0,8.0,8.5,7.5,Não atendido,4.6,4.5,4.7,,Não,Não,7.333,5.0,Fase 2 (5º e 6º ano),-1,,2022,Pública,1,0.0,0.0,Risco moderado,Médio,Baixa,Médio,Baixo
RA-585,1,K,Aluno-585,2013-01-01,9.0,Feminino,2020,Escola Pública,Ametista,7.398,3.0,8.5,9.1,7.5,Não atendido,5.0,3.7,6.3,,Não,Não,6.889,10.0,Fase 1 (4º ano),0,,2022,Pública,1,0.0,0.0,Sem risco,Médio,Média,Médio,Médio
RA-586,1,K,Aluno-586,2012-01-01,10.0,Feminino,2021,Rede Decisão,Ametista,7.988,3.0,10.0,9.6,5.6,Requer avaliação,8.2,8.2,8.2,,Não,Sim,8.778,5.0,Fase 2 (5º e 6º ano),-1,,2022,Outros,1,0.0,1.0,Risco moderado,Alto,Alta,Baixo,Alto
RA-587,1,K,Aluno-587,2012-01-01,10.0,Masculino,2022,Escola Pública,Ágata,6.632,3.0,9.5,9.3,7.5,Não atendido,3.8,1.0,6.5,,Não,Não,6.167,5.0,Fase 2 (5º e 6º ano),-1,,2022,Pública,1,0.0,0.0,Risco moderado,Alto,Alta,Médio,Baixo
RA-588,1,K,Aluno-588,2013-01-01,9.0,Feminino,2021,Rede Decisão,Topázio,8.622,3.0,9.5,10.0,5.6,Sem limitações,9.3,9.3,9.2,,Não,Não,8.278,10.0,Fase 1 (4º ano),0,,2022,Outros,1,0.0,0.0,Sem risco,Alto,Alta,Baixo,Alto
RA-589,1,K,Aluno-589,2013-01-01,9.0,Feminino,2022,Escola Pública,Ametista,7.744,3.0,9.5,9.4,7.5,Não atendido,5.8,3.0,8.5,,Não,Não,7.056,10.0,Fase 1 (4º ano),0,,2022,Pública,1,0.0,0.0,Sem risco,Alto,Alta,Médio,Médio
RA-590,1,K,Aluno-590,2012-01-01,10.0,Feminino,2020,Escola Pública,Ametista,7.435,3.0,8.5,8.6,7.5,Não atendido,7.4,5.7,9.2,,Não,Não,7.611,5.0,Fase 2 (5º e 6º ano),-1,,2022,Pública,1,0.0,0.0,Risco moderado,Médio,Média,Médio,Médio
RA-591,1,K,Aluno-591,2011-01-01,11.0,Masculino,2021,Escola Pública,Ametista,7.507,3.0,9.5,9.3,7.5,Não atendido,7.1,7.8,6.3,,Não,Não,7.389,5.0,Fase 2 (5º e 6º ano),-1,,2022,Pública,1,0.0,0.0,Risco moderado,Alto,Alta,Médio,Médio
RA-592,1,K,Aluno-592,2012-01-01,10.0,Feminino,2020,Escola Pública,Ametista,7.381,3.0,8.0,8.5,5.6,Requer avaliação,8.4,7.2,9.7,,Não,Não,7.778,5.0,Fase 2 (5º e 6º ano),-1,,2022,Pública,1,0.0,0.0,Risco moderado,Médio,Baixa,Baixo,Médio
RA-593,1,K,Aluno-593,2012-01-01,10.0,Feminino,2021,Escola Pública,Ágata,6.254,3.0,7.5,7.4,7.5,Não atendido,4.6,3.0,6.2,,Não,Não,6.278,5.0,Fase 2 (5º e 6º ano),-1,,2022,Pública,1,0.0,0.0,Risco moderado,Baixo,Baixa,Médio,Baixo
RA-594,1,K,Aluno-594,2012-01-01,10.0,Masculino,2022,Escola Pública,Ametista,7.392,3.0,8.0,9.4,7.5,Não atendido,7.8,6.0,9.5,,Não,Não,6.889,5.0,Fase 2 (5º e 6º ano),-1,,2022,Pública,1,0.0,0.0,Risco moderado,Alto,Baixa,Médio,Médio
RA-595,1,K,Aluno-595,2010-01-01,12.0,Masculino,2018,Escola Pública,Quartzo,5.18,3.0,8.5,5.5,7.5,Não atendido,1.0,2.0,0.0,,Não,Não,6.0,5.0,Fase 3 (7º e 8º ano),-2,,2022,Pública,1,0.0,0.0,Risco moderado,Baixo,Média,Médio,Baixo
RA-596,1,K,Aluno-596,2013-01-01,9.0,Feminino,2021,Escola Pública,Topázio,8.971,3.0,9.5,10.0,7.5,Sem limitações,9.3,8.8,9.8,,Sim,Sim,9.0,10.0,Fase 1 (4º ano),0,,2022,Pública,1,1.0,1.0,Sem risco,Alto,Alta,Médio,Alto
RA-597,1,L,Aluno-597,2013-01-01,9.0,Masculino,2022,Escola Pública,Topázio,8.265,3.0,9.0,10.0,7.5,Sem limitações,8.0,6.5,9.5,,Não,Não,7.056,10.0,Fase 1 (4º ano),0,,2022,Pública,1,0.0,0.0,Sem risco,Alto,Média,Médio,Alto
RA-598,1,L,Aluno-598,2011-01-01,11.0,Feminino,2022,Escola Pública,Ágata,6.35,3.0,9.5,7.2,7.5,Sem limitações,3.7,4.7,2.7,,Não,Não,6.944,5.0,Fase 2 (5º e 6º ano),-1,,2022,Pública,1,0.0,0.0,Risco moderado,Baixo,Alta,Médio,Baixo
RA-599,1,L,Aluno-599,2012-01-01,10.0,Masculino,2022,Escola Pública,Topázio,8.2,3.0,9.5,9.2,7.5,Sem limitações,9.1,8.3,9.8,,Sim,Sim,8.556,5.0,Fase 2 (5º e 6º ano),-1,,2022,Pública,1,1.0,1.0,Risco moderado,Alto,Alta,Médio,Alto
RA-600,1,L,Aluno-600,2013-01-01,9.0,Feminino,2021,Escola Pública,Ágata,7.011,3.0,8.5,8.4,7.5,Sem limitações,3.9,2.8,5.0,,Não,Não,6.833,10.0,Fase 1 (4º ano),0,,2022,Pública,1,0.0,0.0,Sem risco,Médio,Média,Médio,Médio
RA-601,1,L,Aluno-601,2014-01-01,8.0,Masculino,2021,Escola Pública,Ametista,7.713,3.0,9.0,9.7,7.5,Sem limitações,5.7,5.3,6.0,,Não,Não,7.167,10.0,ALFA  (2º e 3º ano),1,,2022,Pública,1,0.0,0.0,Sem risco,Alto,Média,Médio,Médio
RA-602,1,L,Aluno-602,2011-01-01,11.0,Masculino,2019,Escola Pública,Ametista,8.041,3.0,10.0,9.7,7.5,Sem limitações,8.6,8.3,8.8,,Sim,Não,7.667,5.0,Fase 2 (5º e 6º ano),-1,,2022,Pública,1,1.0,0.0,Risco moderado,Alto,Alta,Médio,Alto
RA-603,1,L,Aluno-603,2011-01-01,11.0,Feminino,2022,Escola Pública,Ametista,7.78,3.0,9.0,9.5,7.5,Sem limitações,7.5,6.7,8.3,,Não,Não,8.0,5.0,Fase 2 (5º e 6º ano),-1,,2022,Pública,1,0.0,0.0,Risco moderado,Alto,Média,Médio,Alto
RA-604,1,L,Aluno-604,2012-01-01,10.0,Feminino,2021,Escola Pública,Ametista,8.018,3.0,9.0,9.0,7.5,Sem limitações,8.8,8.0,9.7,,Sim,Não,8.333,5.0,Fase 2 (5º e 6º ano),-1,,2022,Pública,1,1.0,0.0,Risco moderado,Médio,Média,Médio,Alto
RA-605,1,L,Aluno-605,2010-01-01,12.0,Feminino,2021,Escola Pública,Ametista,7.276,3.0,6.9,9.3,6.9,Sem limitações,7.1,6.2,8.0,,Não,Não,7.556,5.0,Fase 3 (7º e 8º ano),-2,,2022,Pública,1,0.0,0.0,Risco moderado,Alto,Baixa,Médio,Médio
RA-606,1,L,Aluno-606,2012-01-01,10.0,Masculino,2022,Escola Pública,Ágata,6.127,3.0,9.5,9.0,7.5,Sem limitações,1.8,2.0,1.5,,Não,Não,6.111,5.0,Fase 2 (5º e 6º ano),-1,,2022,Pública,1,0.0,0.0,Risco moderado,Médio,Alta,Médio,Baixo
RA-607,1,L,Aluno-607,2012-01-01,10.0,Masculino,2022,Escola Pública,Ágata,6.44,3.0,6.8,8.1,7.5,Sem limitações,4.0,3.0,5.0,,Não,Não,7.444,5.0,Fase 2 (5º e 6º ano),-1,,2022,Pública,1,0.0,0.0,Risco moderado,Médio,Baixa,Médio,Baixo
RA-608,1,L,Aluno-608,2012-01-01,10.0,Masculino,2022,Escola Pública,Ametista,7.216,3.0,7.8,9.6,7.5,Sem limitações,6.3,3.0,9.5,,Não,Não,7.222,5.0,Fase 2 (5º e 6º ano),-1,,2022,Pública,1,0.0,0.0,Risco moderado,Alto,Baixa,Médio,Médio
RA-609,1,L,Aluno-609,2011-01-01,11.0,Masculino,2019,Escola Pública,Ágata,6.794,3.0,8.5,7.6,7.5,Sem limitações,6.0,6.5,5.5,,Não,Não,7.056,5.0,Fase 2 (5º e 6º ano),-1,,2022,Pública,1,0.0,0.0,Risco moderado,Baixo,Média,Médio,Baixo
RA-610,1,L,Aluno-610,2013-01-01,9.0,Feminino,2022,Escola Pública,Topázio,8.18,3.0,9.0,9.6,7.5,Sem limitações,6.5,6.0,7.0,,Não,Sim,8.5,10.0,Fase 1 (4º ano),0,,2022,Pública,1,0.0,1.0,Sem risco,Alto,Média,Médio,Alto
RA-611,1,M,Aluno-611,2010-01-01,12.0,Masculino,2021,Escola Pública,Ametista,7.756,3.0,9.5,7.6,7.5,Não atendido,9.5,10.0,9.0,,Sim,Não,7.556,5.0,Fase 3 (7º e 8º ano),-2,,2022,Pública,1,1.0,0.0,Risco moderado,Baixo,Alta,Médio,Médio
RA-612,1,M,Aluno-612,2012-01-01,10.0,Feminino,2021,Escola Pública,Ametista,7.594,3.0,9.0,9.2,7.5,Não atendido,7.9,9.7,6.2,,Não,Não,7.167,5.0,Fase 2 (5º e 6º ano),-1,,2022,Pública,1,0.0,0.0,Risco moderado,Alto,Média,Médio,Médio
RA-613,1,M,Aluno-613,2009-01-01,13.0,Masculino,2020,Escola Pública,Topázio,8.121,3.0,9.0,9.2,7.5,Não atendido,9.2,9.2,9.2,,Sim,Sim,8.556,5.0,Fase 3 (7º e 8º ano),-2,,2022,Pública,1,1.0,1.0,Risco moderado,Alto,Média,Médio,Alto
RA-614,1,M,Aluno-614,2010-01-01,12.0,Masculino,2021,Escola Pública,Topázio,8.339,3.0,9.5,9.7,7.5,Não atendido,9.6,9.8,9.3,,Sim,Não,8.278,5.0,Fase 3 (7º e 8º ano),-2,,2022,Pública,1,1.0,0.0,Risco moderado,Alto,Alta,Médio,Alto
RA-615,1,M,Aluno-615,2013-01-01,9.0,Feminino,2020,Escola Pública,Topázio,8.086,3.0,9.5,9.7,7.5,Não atendido,7.3,7.8,6.7,,Não,Não,6.889,10.0,Fase 1 (4º ano),0,,2022,Pública,1,0.0,0.0,Sem risco,Alto,Alta,Médio,Alto
RA-616,1,M,Aluno-616,2010-01-01,12.0,Masculino,2019,Escola Pública,Ametista,7.303,3.0,7.4,7.4,7.5,Não atendido,8.8,9.2,8.5,,Não,Não,7.278,5.0,Fase 3 (7º e 8º ano),-2,,2022,Pública,1,0.0,0.0,Risco moderado,Baixo,Baixa,Médio,Médio
RA-617,1,M,Aluno-617,2011-01-01,11.0,Feminino,2021,Escola Pública,Ametista,7.107,3.0,8.5,8.9,7.5,Não atendido,6.3,4.5,8.0,,Não,Não,6.778,5.0,Fase 2 (5º e 6º ano),-1,,2022,Pública,1,0.0,0.0,Risco moderado,Médio,Média,Médio,Médio
RA-618,1,M,Aluno-618,2009-01-01,13.0,Masculino,2020,Escola Pública,Ametista,7.18,3.0,8.9,8.3,7.5,Não atendido,6.7,6.8,6.5,,Não,Não,7.333,5.0,Fase 3 (7º e 8º ano),-2,,2022,Pública,1,0.0,0.0,Risco moderado,Médio,Média,Médio,Médio
RA-619,1,M,Aluno-619,2011-01-01,11.0,Feminino,2021,Escola Pública,Ametista,7.693,3.0,9.5,8.0,7.5,Não atendido,9.0,9.2,8.8,,Não,Não,7.333,5.0,Fase 2 (5º e 6º ano),-1,,2022,Pública,1,0.0,0.0,Risco moderado,Médio,Alta,Médio,Médio
RA-620,1,M,Aluno-620,2010-01-01,12.0,Masculino,2021,Escola Pública,Ágata,6.018,3.0,0.0,7.5,7.5,Não atendido,6.8,8.5,5.0,,Não,Não,6.833,5.0,Fase 3 (7º e 8º ano),-2,,2022,Pública,1,0.0,0.0,Risco moderado,Baixo,Baixa,Médio,Baixo
RA-621,1,M,Aluno-621,2012-01-01,10.0,Masculino,2020,Escola Pública,Ametista,7.448,3.0,9.5,7.7,7.5,Não atendido,7.5,6.8,8.2,,Não,Não,8.222,5.0,Fase 2 (5º e 6º ano),-1,,2022,Pública,1,0.0,0.0,Risco moderado,Baixo,Alta,Médio,Médio
RA-622,1,N,Aluno-622,2010-01-01,12.0,Feminino,2019,Escola Pública,Quartzo,4.934,3.0,3.5,3.8,7.5,Não atendido,3.8,4.8,2.7,,Não,Não,6.0,5.0,Fase 3 (7º e 8º ano),-2,,2022,Pública,1,0.0,0.0,Risco moderado,Baixo,Baixa,Médio,Baixo
RA-623,1,N,Aluno-623,2009-01-01,13.0,Masculino,2022,Escola Pública,Ametista,7.524,3.0,7.5,9.0,7.5,Não atendido,8.3,9.3,7.2,,Não,Não,7.389,5.0,Fase 3 (7º e 8º ano),-2,,2022,Pública,1,0.0,0.0,Risco moderado,Médio,Baixa,Médio,Médio
RA-624,1,N,Aluno-624,2012-01-01,10.0,Masculino,2022,Escola Pública,Ametista,7.425,3.0,9.0,8.9,7.5,Não atendido,6.8,8.0,5.5,,Não,Não,7.722,5.0,Fase 2 (5º e 6º ano),-1,,2022,Pública,1,0.0,0.0,Risco moderado,Médio,Média,Médio,Médio
RA-625,1,N,Aluno-625,2011-01-01,11.0,Masculino,2022,Escola Pública,Ametista,7.483,3.0,8.0,9.2,7.5,Não atendido,7.8,8.5,7.0,,Não,Não,7.333,5.0,Fase 2 (5º e 6º ano),-1,,2022,Pública,1,0.0,0.0,Risco moderado,Alto,Baixa,Médio,Médio
RA-626,1,N,Aluno-626,2011-01-01,11.0,Masculino,2021,Escola Pública,Quartzo,5.818,3.0,7.4,7.6,7.5,Não atendido,1.3,2.5,0.0,,Não,Não,7.278,5.0,Fase 2 (5º e 6º ano),-1,,2022,Pública,1,0.0,0.0,Risco moderado,Baixo,Baixa,Médio,Baixo
RA-627,1,N,Aluno-627,2012-01-01,10.0,Feminino,2022,Escola Pública,Ágata,6.621,3.0,7.0,6.7,7.5,Não atendido,6.5,6.2,6.8,,Não,Não,7.0,5.0,Fase 2 (5º e 6º ano),-1,,2022,Pública,1,0.0,0.0,Risco moderado,Baixo,Baixa,Médio,Baixo
RA-628,1,N,Aluno-628,2011-01-01,11.0,Masculino,2022,Escola Pública,Ametista,7.577,3.0,9.5,7.6,7.5,Não atendido,9.2,9.3,9.0,,Não,Não,7.333,5.0,Fase 2 (5º e 6º ano),-1,,2022,Pública,1,0.0,0.0,Risco moderado,Baixo,Alta,Médio,Médio
RA-629,1,N,Aluno-629,2013-01-01,9.0,Masculino,2022,Escola Pública,Topázio,8.11,3.0,9.0,10.0,7.5,Não atendido,7.0,5.0,9.0,,Não,Não,7.278,10.0,Fase 1 (4º ano),0,,2022,Pública,1,0.0,0.0,Sem risco,Alto,Média,Médio,Alto
RA-630,1,N,Aluno-630,2013-01-01,9.0,Masculino,2022,Escola Pública,Topázio,8.064,3.0,9.5,9.2,7.5,Não atendido,7.3,6.5,8.0,,Não,Não,7.278,10.0,Fase 1 (4º ano),0,,2022,Pública,1,0.0,0.0,Sem risco,Alto,Alta,Médio,Alto
RA-631,1,N,Aluno-631,2010-01-01,12.0,Masculino,2022,Escola Pública,Ágata,6.928,3.0,8.5,6.8,7.5,Não atendido,7.0,7.3,6.7,,Não,Não,7.222,5.0,Fase 3 (7º e 8º ano),-2,,2022,Pública,1,0.0,0.0,Risco moderado,Baixo,Média,Médio,Médio
RA-632,1,P,Aluno-632,2012-01-01,10.0,Feminino,2022,Escola Pública,Ágata,6.996,3.0,8.5,9.3,6.9,Sem limitações,6.3,5.5,7.2,,Não,Não,6.722,5.0,Fase 2 (5º e 6º ano),-1,,2022,Pública,1,0.0,0.0,Risco moderado,Alto,Média,Médio,Médio
RA-633,1,P,Aluno-633,2011-01-01,11.0,Feminino,2020,Escola Pública,Ametista,7.476,3.0,7.3,8.9,7.5,Não atendido,7.7,6.8,8.5,,Não,Não,7.833,5.0,Fase 2 (5º e 6º ano),-1,,2022,Pública,1,0.0,0.0,Risco moderado,Médio,Baixa,Médio,Médio
RA-634,1,P,Aluno-634,2011-01-01,11.0,Feminino,2022,Escola Pública,Ametista,7.619,3.0,9.5,9.4,7.5,Não atendido,6.5,8.0,5.0,,Não,Não,8.222,5.0,Fase 2 (5º e 6º ano),-1,,2022,Pública,1,0.0,0.0,Risco moderado,Alto,Alta,Médio,Médio
RA-635,1,P,Aluno-635,2012-01-01,10.0,Masculino,2022,Escola Pública,Quartzo,5.313,3.0,10.0,4.9,6.9,Requer avaliação,1.5,0.5,2.5,,Não,Não,6.444,5.0,Fase 2 (5º e 6º ano),-1,,2022,Pública,1,0.0,0.0,Risco moderado,Baixo,Alta,Médio,Baixo
RA-636,1,P,Aluno-636,2012-01-01,10.0,Masculino,2022,Escola Pública,Ametista,7.189,3.0,8.5,8.0,6.9,Requer avaliação,7.3,7.3,7.3,,Sim,Não,7.389,5.0,Fase 2 (5º e 6º ano),-1,,2022,Pública,1,1.0,0.0,Risco moderado,Médio,Média,Médio,Médio
RA-637,1,P,Aluno-637,2012-01-01,10.0,Feminino,2021,Escola Pública,Ametista,7.039,3.0,8.5,9.0,7.5,Não atendido,5.8,4.8,6.8,,Não,Não,7.0,5.0,Fase 2 (5º e 6º ano),-1,,2022,Pública,1,0.0,0.0,Risco moderado,Médio,Média,Médio,Médio
RA-638,1,P,Aluno-638,2013-01-01,9.0,Feminino,2020,Escola Pública,Ametista,7.059,3.0,8.5,9.3,7.5,Não atendido,3.9,2.0,5.8,,Não,Não,6.278,10.0,Fase 1 (4º ano),0,,2022,Pública,1,0.0,0.0,Sem risco,Alto,Média,Médio,Médio
RA-639,1,P,Aluno-639,2012-01-01,10.0,Feminino,2021,Escola Pública,Ágata,6.613,3.0,8.5,7.4,7.5,Não atendido,5.5,3.2,7.8,,Não,Não,6.611,5.0,Fase 2 (5º e 6º ano),-1,,2022,Pública,1,0.0,0.0,Risco moderado,Baixo,Média,Médio,Baixo
RA-640,1,P,Aluno-640,2011-01-01,11.0,Feminino,2022,Escola Pública,Ágata,6.73,3.0,9.0,8.4,7.5,Não atendido,4.8,2.5,7.0,,Não,Não,6.778,5.0,Fase 2 (5º e 6º ano),-1,,2022,Pública,1,0.0,0.0,Risco moderado,Médio,Média,Médio,Baixo
RA-641,1,P,Aluno-641,2013-01-01,9.0,Feminino,2022,Escola Pública,Ametista,7.776,3.0,9.0,9.3,7.5,Não atendido,6.5,4.5,8.5,,Não,Não,6.778,10.0,Fase 1 (4º ano),0,,2022,Pública,1,0.0,0.0,Sem risco,Alto,Média,Médio,Médio
RA-642,1,P,Aluno-642,2012-01-01,10.0,Feminino,2021,Escola Pública,Ametista,7.75,3.0,10.0,9.7,6.9,Sem limitações,7.3,7.0,7.7,,Não,Não,7.778,5.0,Fase 2 (5º e 6º ano),-1,,2022,Pública,1,0.0,0.0,Risco moderado,Alto,Alta,Médio,Médio
RA-643,1,P,Aluno-643,2012-01-01,10.0,Masculino,2022,Escola Pública,Ágata,6.763,3.0,9.0,8.0,7.5,Não atendido,6.2,6.3,6.0,,Não,Não,6.722,5.0,Fase 2 (5º e 6º ano),-1,,2022,Pública,1,0.0,0.0,Risco moderado,Médio,Média,Médio,Baixo
RA-644,1,P,Aluno-644,2011-01-01,11.0,Feminino,2021,Escola Pública,Ametista,7.83,3.0,9.5,8.0,7.5,Não atendido,8.8,9.7,8.0,,Sim,Não,8.278,5.0,Fase 2 (5º e 6º ano),-1,,2022,Pública,1,1.0,0.0,Risco moderado,Médio,Alta,Médio,Alto
RA-645,1,P,Aluno-645,2012-01-01,10.0,Feminino,2022,Escola Pública,Ágata,6.086,3.0,8.5,8.1,7.5,Requer avaliação,2.0,4.0,0.0,,Não,Não,6.833,5.0,Fase 2 (5º e 6º ano),-1,,2022,Pública,1,0.0,0.0,Risco moderado,Médio,Média,Médio,Baixo
RA-646,1,R,Aluno-646,2009-01-01,13.0,Masculino,2019,Escola Pública,Topázio,8.181,3.0,8.5,9.8,8.1,Não atendido,8.4,8.8,8.0,,Sim,Sim,8.389,5.0,Fase 3 (7º e 8º ano),-2,,2022,Pública,1,1.0,1.0,Risco moderado,Alto,Média,Alto,Alto
RA-647,1,R,Aluno-647,2012-01-01,10.0,Masculino,2022,Escola Pública,Ágata,6.606,3.0,9.5,8.6,7.5,Não atendido,3.3,1.5,5.2,,Não,Não,7.278,5.0,Fase 2 (5º e 6º ano),-1,,2022,Pública,1,0.0,0.0,Risco moderado,Médio,Alta,Médio,Baixo
RA-648,1,R,Aluno-648,2010-01-01,12.0,Masculino,2019,Escola Pública,Ágata,6.736,3.0,9.0,7.5,6.9,Sem limitações,5.3,5.0,5.5,,Não,Não,7.5,5.0,Fase 3 (7º e 8º ano),-2,,2022,Pública,1,0.0,0.0,Risco moderado,Baixo,Média,Médio,Baixo
RA-649,1,R,Aluno-649,2010-01-01,12.0,Feminino,2019,Escola Pública,Ametista,7.302,3.0,8.5,8.9,5.6,Requer avaliação,7.4,6.3,8.5,,Não,Não,7.611,5.0,Fase 3 (7º e 8º ano),-2,,2022,Pública,1,0.0,0.0,Risco moderado,Médio,Média,Baixo,Médio
RA-650,1,R,Aluno-650,2011-01-01,11.0,Feminino,2021,Escola Pública,Ágata,7.004,3.0,6.9,8.7,5.6,Sem limitações,6.9,5.5,8.3,,Não,Não,7.5,5.0,Fase 2 (5º e 6º ano),-1,,2022,Pública,1,0.0,0.0,Risco moderado,Médio,Baixa,Baixo,Médio
RA-651,1,R,Aluno-651,2012-01-01,10.0,Feminino,2022,Escola Pública,Ametista,7.866,3.0,8.5,9.3,7.5,Não atendido,7.8,7.7,7.8,,Sim,Não,8.333,5.0,Fase 2 (5º e 6º ano),-1,,2022,Pública,1,1.0,0.0,Risco moderado,Alto,Média,Médio,Alto
RA-652,1,R,Aluno-652,2013-01-01,9.0,Feminino,2022,Escola Pública,Topázio,8.151,3.0,8.0,9.6,7.5,Não atendido,7.8,7.0,8.5,,Não,Não,7.5,10.0,Fase 1 (4º ano),0,,2022,Pública,1,0.0,0.0,Sem risco,Alto,Baixa,Médio,Alto
RA-653,1,R,Aluno-653,2011-01-01,11.0,Feminino,2022,Escola Pública,Topázio,8.101,3.0,9.5,9.6,7.5,Não atendido,9.3,9.5,9.0,,Não,Não,7.5,5.0,Fase 2 (5º e 6º ano),-1,,2022,Pública,1,0.0,0.0,Risco moderado,Alto,Alta,Médio,Alto
RA-654,1,R,Aluno-654,2010-01-01,12.0,Feminino,2022,Escola Pública,Ametista,7.308,3.0,8.5,8.6,7.5,Não atendido,6.8,5.5,8.0,,Não,Não,7.556,5.0,Fase 3 (7º e 8º ano),-2,,2022,Pública,1,0.0,0.0,Risco moderado,Médio,Média,Médio,Médio
RA-655,1,R,Aluno-655,2010-01-01,12.0,Feminino,2019,Escola Pública,Ametista,7.785,3.0,7.5,9.2,7.5,Não atendido,8.3,8.3,8.2,,Sim,Sim,8.389,5.0,Fase 3 (7º e 8º ano),-2,,2022,Pública,1,1.0,1.0,Risco moderado,Alto,Baixa,Médio,Alto
RA-656,1,R,Aluno-656,2011-01-01,11.0,Feminino,2020,Escola Pública,Ágata,6.652,3.0,7.4,7.5,5.6,Requer avaliação,6.3,5.0,7.5,,Não,Não,7.5,5.0,Fase 2 (5º e 6º ano),-1,,2022,Pública,1,0.0,0.0,Risco moderado,Baixo,Baixa,Baixo,Baixo
RA-657,1,R,Aluno-657,2010-01-01,12.0,Feminino,2021,Escola Pública,Topázio,8.093,3.0,9.5,9.8,7.5,Não atendido,9.0,9.0,9.0,,Não,Não,7.5,5.0,Fase 3 (7º e 8º ano),-2,,2022,Pública,1,0.0,0.0,Risco moderado,Alto,Alta,Médio,Alto
RA-658,1,U,Aluno-658,2012-01-01,10.0,Feminino,2022,Escola Pública,Ametista,7.407,2.0,10.0,9.3,7.5,Não atendido,5.6,4.7,6.5,,Não,Não,7.917,5.0,Fase 2 (5º e 6º ano),-1,,2022,Pública,1,0.0,0.0,Risco moderado,Alto,Alta,Médio,Médio
RA-659,1,U,Aluno-659,2012-01-01,10.0,Feminino,2022,Escola Pública,Ametista,7.783,2.0,8.0,7.8,7.5,Não atendido,9.3,9.5,9.0,,Não,Não,8.333,5.0,Fase 2 (5º e 6º ano),-1,,2022,Pública,1,0.0,0.0,Risco moderado,Baixo,Baixa,Médio,Alto
RA-660,1,U,Aluno-660,2013-01-01,9.0,Feminino,2021,Escola Pública,Topázio,8.363,2.0,9.5,9.0,7.5,Não atendido,6.9,5.8,8.0,,Não,Sim,9.083,10.0,Fase 1 (4º ano),0,,2022,Pública,1,0.0,1.0,Sem risco,Médio,Alta,Médio,Alto
RA-661,1,U,Aluno-661,2011-01-01,11.0,Masculino,2022,Escola Pública,Ametista,7.593,2.0,9.0,8.3,7.5,Não atendido,7.8,8.3,7.3,,Não,Não,7.917,5.0,Fase 2 (5º e 6º ano),-1,,2022,Pública,1,0.0,0.0,Risco moderado,Médio,Média,Médio,Médio
RA-662,1,U,Aluno-662,2011-01-01,11.0,Feminino,2022,Escola Pública,Ametista,7.044,2.0,9.0,8.8,7.5,Não atendido,6.8,5.7,7.8,,Não,Não,6.083,5.0,Fase 2 (5º e 6º ano),-1,,2022,Pública,1,0.0,0.0,Risco moderado,Médio,Média,Médio,Médio
RA-663,1,U,Aluno-663,2012-01-01,10.0,Masculino,2022,Escola Pública,Ágata,6.376,2.0,6.9,8.7,7.5,Não atendido,5.8,5.0,6.5,,Não,Não,5.25,5.0,Fase 2 (5º e 6º ano),-1,,2022,Pública,1,0.0,0.0,Risco moderado,Médio,Baixa,Médio,Baixo
RA-664,1,U,Aluno-664,2012-01-01,10.0,Feminino,2022,Escola Pública,Ametista,7.277,2.0,9.5,8.8,7.5,Não atendido,6.3,5.0,7.5,,Não,Não,7.167,5.0,Fase 2 (5º e 6º ano),-1,,2022,Pública,1,0.0,0.0,Risco moderado,Médio,Alta,Médio,Médio
RA-665,1,U,Aluno-665,2011-01-01,11.0,Feminino,2022,Escola Pública,Ágata,6.996,2.0,9.0,7.4,7.5,Não atendido,6.8,6.5,7.0,,Não,Não,7.25,5.0,Fase 2 (5º e 6º ano),-1,,2022,Pública,1,0.0,0.0,Risco moderado,Baixo,Média,Médio,Médio
RA-666,1,U,Aluno-666,2012-01-01,10.0,Masculino,2022,Escola Pública,Ametista,7.929,2.0,9.5,9.1,7.5,Não atendido,7.8,8.0,7.5,,Não,Sim,8.833,5.0,Fase 2 (5º e 6º ano),-1,,2022,Pública,1,0.0,1.0,Risco moderado,Médio,Alta,Médio,Alto
RA-667,1,U,Aluno-667,2011-01-01,11.0,Masculino,2021,Escola Pública,Quartzo,5.844,2.0,8.5,5.6,7.5,Não atendido,4.5,3.7,5.3,,Não,Não,5.833,5.0,Fase 2 (5º e 6º ano),-1,,2022,Pública,1,0.0,0.0,Risco moderado,Baixo,Média,Médio,Baixo
RA-668,1,U,Aluno-668,2011-01-01,11.0,Masculino,2022,Escola Pública,Quartzo,4.365,2.0,6.9,3.3,7.5,Não atendido,2.8,2.8,2.8,,Não,Não,3.75,5.0,Fase 2 (5º e 6º ano),-1,,2022,Pública,1,0.0,0.0,Risco moderado,Baixo,Baixa,Médio,Baixo
RA-669,1,U,Aluno-669,2011-01-01,11.0,Masculino,2022,Escola Pública,Ametista,7.475,2.0,9.0,9.7,7.5,Não atendido,6.0,5.0,7.0,,Não,Não,7.833,5.0,Fase 2 (5º e 6º ano),-1,,2022,Pública,1,0.0,0.0,Risco moderado,Alto,Média,Médio,Médio
RA-670,1,U,Aluno-670,2012-01-01,10.0,Feminino,2022,Escola Pública,Ametista,7.451,2.0,8.0,8.8,7.5,Não atendido,6.9,6.5,7.3,,Não,Não,8.167,5.0,Fase 2 (5º e 6º ano),-1,,2022,Pública,1,0.0,0.0,Risco moderado,Médio,Baixa,Médio,Médio
RA-671,0,A,Aluno-671,2013-01-01,9.0,Masculino,2021,Escola Pública,Ametista,7.617,2.0,8.5,8.2,8.1,Sem limitações,8.8,8.8,8.8,,Não,Não,7.417,5.0,Fase 1 (4º ano),-1,,2022,Pública,0,0.0,0.0,Risco moderado,Médio,Média,Alto,Médio
RA-672,0,A,Aluno-672,2013-01-01,9.0,Feminino,2021,Escola Pública,Ametista,7.48,2.0,8.5,8.5,8.1,Não atendido,8.8,8.5,9.1,,Não,Não,6.75,5.0,Fase 1 (4º ano),-1,,2022,Pública,0,0.0,0.0,Risco moderado,Médio,Média,Alto,Médio
RA-673,0,A,Aluno-673,2014-01-01,8.0,Feminino,2022,Escola Pública,Topázio,8.65,2.0,8.5,9.2,8.1,Não atendido,9.2,9.4,8.9,,Sim,Sim,8.583,10.0,ALFA  (2º e 3º ano),0,,2022,Pública,0,1.0,1.0,Sem risco,Alto,Média,Alto,Alto
RA-674,0,A,Aluno-674,2014-01-01,8.0,Masculino,2022,Escola Pública,Ametista,7.862,2.0,9.5,8.7,8.1,Sem limitações,8.0,8.9,7.0,,Não,Não,6.333,10.0,ALFA  (2º e 3º ano),0,,2022,Pública,0,0.0,0.0,Sem risco,Médio,Alta,Alto,Alto
RA-675,0,A,Aluno-675,2014-01-01,8.0,Masculino,2022,Escola Pública,Ametista,7.576,2.0,10.0,6.6,8.1,Não atendido,7.4,8.8,5.9,,Sim,Não,7.083,10.0,ALFA  (2º e 3º ano),0,,2022,Pública,0,1.0,0.0,Sem risco,Baixo,Alta,Alto,Médio
RA-676,0,A,Aluno-676,2013-01-01,9.0,Masculino,2021,Escola Pública,Ametista,7.911,2.0,8.5,8.6,8.1,Não atendido,9.3,9.5,9.1,,Sim,Não,8.167,5.0,Fase 1 (4º ano),-1,,2022,Pública,0,1.0,0.0,Risco moderado,Médio,Média,Alto,Alto
RA-677,0,B,Aluno-677,2014-01-01,8.0,Feminino,2021,Escola Pública,Topázio,8.358,2.0,10.0,9.4,7.5,Não atendido,7.3,7.7,6.8,,Não,Sim,8.583,10.0,ALFA  (2º e 3º ano),0,,2022,Pública,0,0.0,1.0,Sem risco,Alto,Alta,Médio,Alto
RA-678,0,B,Aluno-678,2013-01-01,9.0,Masculino,2022,Escola Pública,Ametista,8.0,2.0,9.0,10.0,6.9,Sem limitações,7.3,7.5,7.0,,Não,Sim,9.5,5.0,Fase 1 (4º ano),-1,,2022,Pública,0,0.0,1.0,Risco moderado,Alto,Média,Médio,Alto
RA-679,0,B,Aluno-679,2012-01-01,10.0,Masculino,2020,Escola Pública,Ametista,7.172,2.0,9.0,8.2,7.5,Sem limitações,6.3,6.7,5.8,,Não,Não,7.833,5.0,Fase 2 (5º e 6º ano),-2,,2022,Pública,0,0.0,0.0,Risco moderado,Médio,Média,Médio,Médio
RA-680,0,B,Aluno-680,2012-01-01,10.0,Feminino,2019,Escola Pública,Ametista,7.518,2.0,9.5,8.8,7.5,Não atendido,7.4,8.0,6.8,,Não,Não,7.75,5.0,Fase 2 (5º e 6º ano),-2,,2022,Pública,0,0.0,0.0,Risco moderado,Médio,Alta,Médio,Médio
RA-681,0,B,Aluno-681,2012-01-01,10.0,Masculino,2022,Escola Pública,Ametista,7.204,2.0,8.5,8.5,6.9,Requer avaliação,6.5,6.5,6.5,,Não,Não,8.0,5.0,Fase 2 (5º e 6º ano),-2,,2022,Pública,0,0.0,0.0,Risco moderado,Médio,Média,Médio,Médio
RA-682,0,B,Aluno-682,2011-01-01,11.0,Masculino,2022,Escola Pública,Ametista,7.625,2.0,9.5,9.1,7.5,Não atendido,7.0,7.0,7.0,,Não,Não,8.083,5.0,Fase 2 (5º e 6º ano),-2,,2022,Pública,0,0.0,0.0,Risco moderado,Médio,Alta,Médio,Médio
RA-683,0,C,Aluno-683,2012-01-01,10.0,Masculino,2022,Escola Pública,Ágata,6.011,2.0,7.9,5.0,7.5,Não atendido,4.0,8.0,0.0,,Não,Não,8.083,5.0,Fase 2 (5º e 6º ano),-2,,2022,Pública,0,0.0,0.0,Risco moderado,Baixo,Baixa,Médio,Baixo
RA-684,0,C,Aluno-684,2015-01-01,7.0,Masculino,2022,Escola Pública,Topázio,8.26,2.0,9.5,7.5,8.1,Não atendido,9.3,9.0,9.6,,Não,Não,7.917,10.0,ALFA  (2º e 3º ano),0,,2022,Pública,0,0.0,0.0,Sem risco,Baixo,Alta,Alto,Alto
RA-685,0,C,Aluno-685,2013-01-01,9.0,Masculino,2022,Escola Pública,Ágata,6.864,2.0,9.0,6.2,5.0,Não indicado,8.0,8.0,8.0,,Não,Não,7.833,5.0,Fase 1 (4º ano),-1,,2022,Pública,0,0.0,0.0,Risco moderado,Baixo,Média,Baixo,Baixo
RA-686,0,D,Aluno-686,2013-01-01,9.0,Feminino,2022,Escola Pública,Ametista,7.729,2.0,7.5,8.6,8.1,Sem limitações,8.8,9.2,8.5,,Não,Não,8.083,5.0,Fase 1 (4º ano),-1,,2022,Pública,0,0.0,0.0,Risco moderado,Médio,Baixa,Alto,Médio
RA-687,0,D,Aluno-687,2013-01-01,9.0,Masculino,2022,Escola Pública,Ametista,7.703,2.0,8.5,9.0,8.1,Sem limitações,8.3,9.0,7.5,,Não,Não,8.0,5.0,Fase 1 (4º ano),-1,,2022,Pública,0,0.0,0.0,Risco moderado,Médio,Média,Alto,Médio
RA-688,0,D,Aluno-688,2013-01-01,9.0,Masculino,2022,Escola Pública,Ametista,7.771,2.0,8.5,9.7,7.5,Sem limitações,7.9,8.0,7.8,,Não,Não,7.917,5.0,Fase 1 (4º ano),-1,,2022,Pública,0,0.0,0.0,Risco moderado,Alto,Média,Médio,Médio
RA-689,0,D,Aluno-689,2013-01-01,9.0,Feminino,2022,Escola Pública,Ágata,6.433,2.0,7.4,7.9,5.6,Requer avaliação,5.8,6.0,5.5,,Não,Não,6.667,5.0,Fase 1 (4º ano),-1,,2022,Pública,0,0.0,0.0,Risco moderado,Médio,Baixa,Baixo,Baixo
RA-690,0,D,Aluno-690,2013-01-01,9.0,Feminino,2022,Escola Pública,Ametista,7.541,2.0,9.5,9.5,7.5,Requer avaliação,7.0,7.2,6.8,,Não,Não,7.417,5.0,Fase 1 (4º ano),-1,,2022,Pública,0,0.0,0.0,Risco moderado,Alto,Alta,Médio,Médio
RA-691,0,D,Aluno-691,2014-01-01,8.0,Feminino,2022,Escola Pública,Topázio,8.68,2.0,10.0,9.2,8.1,Sem limitações,9.4,9.6,9.3,,Não,Não,7.917,10.0,ALFA  (2º e 3º ano),0,,2022,Pública,0,0.0,0.0,Sem risco,Alto,Alta,Alto,Alto
RA-692,0,D,Aluno-692,2013-01-01,9.0,Feminino,2021,Escola Pública,Ametista,7.569,2.0,9.5,8.9,8.1,Sem limitações,6.9,7.0,6.8,,Não,Não,7.917,5.0,Fase 1 (4º ano),-1,,2022,Pública,0,0.0,0.0,Risco moderado,Médio,Alta,Alto,Médio
RA-693,0,D,Aluno-693,2015-01-01,7.0,Feminino,2022,Escola Pública,Ametista,7.944,2.0,9.5,9.8,8.1,Sem limitações,5.7,5.0,6.3,,Não,Não,7.667,10.0,ALFA  (2º e 3º ano),0,,2022,Pública,0,0.0,0.0,Sem risco,Alto,Alta,Alto,Alto
RA-694,0,D,Aluno-694,2014-01-01,8.0,Masculino,2022,Escola Pública,Topázio,8.378,2.0,10.0,9.0,8.1,Sem limitações,8.1,8.2,8.0,,Não,Não,7.917,10.0,ALFA  (2º e 3º ano),0,,2022,Pública,0,0.0,0.0,Sem risco,Médio,Alta,Alto,Alto
RA-695,0,E,Aluno-695,2014-01-01,8.0,Feminino,2021,Escola Pública,Quartzo,4.28,2.0,9.0,3.1,7.5,Sem limitações,2.5,2.2,2.8,,Não,Não,2.5,10.0,ALFA  (2º e 3º ano),0,,2022,Pública,0,0.0,0.0,Sem risco,Baixo,Média,Médio,Baixo
RA-696,0,E,Aluno-696,2013-01-01,9.0,Feminino,2021,Escola Pública,Ametista,7.441,2.0,8.5,9.0,7.5,Sem limitações,6.6,6.5,6.7,,Não,Não,8.167,5.0,Fase 1 (4º ano),-1,,2022,Pública,0,0.0,0.0,Risco moderado,Médio,Média,Médio,Médio
RA-697,0,E,Aluno-697,2011-01-01,11.0,Masculino,2021,Escola Pública,Ametista,7.675,2.0,7.0,9.3,7.5,Sem limitações,8.4,8.8,8.0,,Não,Não,8.083,5.0,Fase 2 (5º e 6º ano),-2,,2022,Pública,0,0.0,0.0,Risco moderado,Alto,Baixa,Médio,Médio
RA-698,0,E,Aluno-698,2013-01-01,9.0,Masculino,2021,Escola Pública,Ametista,7.44,2.0,9.0,9.8,2.5,Requer avaliação,8.1,8.0,8.2,,Não,Não,8.083,5.0,Fase 1 (4º ano),-1,,2022,Pública,0,0.0,0.0,Risco moderado,Alto,Média,Baixo,Médio
RA-699,0,E,Aluno-699,2013-01-01,9.0,Masculino,2022,Escola Pública,Ágata,6.658,2.0,5.2,9.2,7.5,Sem limitações,7.1,7.5,6.7,,Não,Não,6.0,5.0,Fase 1 (4º ano),-1,,2022,Pública,0,0.0,0.0,Risco moderado,Alto,Baixa,Médio,Baixo
RA-700,0,F,Aluno-700,2013-01-01,9.0,Feminino,2022,Escola Pública,Ametista,7.738,2.0,9.0,8.7,7.5,Não atendido,9.2,9.2,9.2,,Não,Não,7.083,5.0,Fase 1 (4º ano),-1,,2022,Pública,0,0.0,0.0,Risco moderado,Médio,Média,Médio,Médio
RA-701,0,F,Aluno-701,2012-01-01,10.0,Masculino,2021,Escola Pública,Ametista,7.755,2.0,9.0,9.3,7.5,Não indicado,8.7,8.7,8.7,,Não,Não,7.417,5.0,Fase 2 (5º e 6º ano),-2,,2022,Pública,0,0.0,0.0,Risco moderado,Alto,Média,Médio,Médio
RA-702,0,F,Aluno-702,2014-01-01,8.0,Feminino,2022,Escola Pública,Ametista,7.387,2.0,10.0,8.6,5.0,Não indicado,6.8,7.0,6.7,,Não,Não,7.0,10.0,ALFA  (2º e 3º ano),0,,2022,Pública,0,0.0,0.0,Sem risco,Médio,Alta,Baixo,Médio
RA-703,0,F,Aluno-703,2012-01-01,10.0,Masculino,2021,Escola Pública,Ágata,6.099,2.0,7.5,7.4,5.0,Não indicado,5.1,5.3,4.8,,Não,Não,6.833,5.0,Fase 2 (5º e 6º ano),-2,,2022,Pública,0,0.0,0.0,Risco moderado,Baixo,Baixa,Baixo,Baixo
RA-704,0,F,Aluno-704,2012-01-01,10.0,Masculino,2022,Escola Pública,Ágata,6.741,2.0,9.0,8.6,5.0,Não atendido,7.2,7.7,6.6,,Não,Não,6.583,5.0,Fase 2 (5º e 6º ano),-2,,2022,Pública,0,0.0,0.0,Risco moderado,Médio,Média,Baixo,Baixo
RA-705,0,F,Aluno-705,2012-01-01,10.0,Masculino,2022,Escola Pública,Ágata,6.634,2.0,9.5,6.2,7.5,Não atendido,7.1,7.0,7.2,,Não,Não,6.333,5.0,Fase 2 (5º e 6º ano),-2,,2022,Pública,0,0.0,0.0,Risco moderado,Baixo,Alta,Médio,Baixo
RA-706,0,F,Aluno-706,2012-01-01,10.0,Feminino,2021,Escola Pública,Ametista,7.659,2.0,9.5,6.7,7.5,Não atendido,9.1,9.1,9.1,,Não,Sim,8.417,5.0,Fase 2 (5º e 6º ano),-2,,2022,Pública,0,0.0,1.0,Risco moderado,Baixo,Alta,Médio,Médio
RA-707,0,F,Aluno-707,2012-01-01,10.0,Feminino,2020,Escola Pública,Ametista,7.679,2.0,10.0,8.1,6.9,Não atendido,8.5,8.8,8.2,,Não,Não,8.083,5.0,Fase 2 (5º e 6º ano),-2,,2022,Pública,0,0.0,0.0,Risco moderado,Médio,Alta,Médio,Médio
RA-708,0,F,Aluno-708,2013-01-01,9.0,Masculino,2022,Escola Pública,Ametista,7.282,2.0,8.0,8.4,7.5,Não atendido,7.3,7.1,7.6,,Não,Não,7.583,5.0,Fase 1 (4º ano),-1,,2022,Pública,0,0.0,0.0,Risco moderado,Médio,Baixa,Médio,Médio
RA-709,0,F,Aluno-709,2012-01-01,10.0,Feminino,2022,Escola Pública,Quartzo,5.313,2.0,9.5,3.5,7.5,Não atendido,2.3,2.3,2.3,,Não,Não,7.083,5.0,Fase 2 (5º e 6º ano),-2,,2022,Pública,0,0.0,0.0,Risco moderado,Baixo,Alta,Médio,Baixo
RA-710,0,G,Aluno-710,2012-01-01,10.0,Masculino,2020,Escola Pública,Ametista,7.285,2.0,9.5,8.9,5.0,Não atendido,6.9,7.0,6.8,,Não,Não,8.0,5.0,Fase 2 (5º e 6º ano),-2,,2022,Pública,0,0.0,0.0,Risco moderado,Médio,Alta,Baixo,Médio
RA-711,0,G,Aluno-711,2013-01-01,9.0,Masculino,2022,Escola Pública,Ágata,6.04,2.0,9.0,7.9,6.3,Não atendido,3.5,4.0,3.0,,Não,Não,6.0,5.0,Fase 1 (4º ano),-1,,2022,Pública,0,0.0,0.0,Risco moderado,Médio,Média,Médio,Baixo
RA-712,0,G,Aluno-712,2011-01-01,11.0,Masculino,2019,Escola Pública,Ágata,6.026,2.0,8.0,5.1,5.0,Não indicado,8.0,8.7,7.3,,Não,Não,5.833,5.0,Fase 2 (5º e 6º ano),-2,,2022,Pública,0,0.0,0.0,Risco moderado,Baixo,Baixa,Baixo,Baixo
RA-713,0,G,Aluno-713,2013-01-01,9.0,Masculino,2021,Escola Pública,Ametista,7.42,2.0,10.0,8.7,7.5,Não atendido,7.8,8.0,7.7,,Não,Não,7.25,5.0,Fase 1 (4º ano),-1,,2022,Pública,0,0.0,0.0,Risco moderado,Médio,Alta,Médio,Médio
RA-714,0,G,Aluno-714,2011-01-01,11.0,Masculino,2019,Escola Pública,Ágata,6.953,2.0,9.0,6.9,5.6,Não indicado,8.0,8.5,7.5,,Não,Não,7.25,5.0,Fase 2 (5º e 6º ano),-2,,2022,Pública,0,0.0,0.0,Risco moderado,Baixo,Média,Baixo,Médio
RA-715,0,G,Aluno-715,2013-01-01,9.0,Feminino,2022,Escola Pública,Ágata,6.656,2.0,8.5,8.7,4.4,Não indicado,4.9,4.8,5.0,,Não,Não,7.917,5.0,Fase 1 (4º ano),-1,,2022,Pública,0,0.0,0.0,Risco moderado,Médio,Média,Baixo,Baixo
RA-716,0,G,Aluno-716,2013-01-01,9.0,Masculino,2022,Escola Pública,Ágata,6.525,2.0,8.9,8.1,7.5,Não atendido,6.7,7.3,6.0,,Não,Não,5.417,5.0,Fase 1 (4º ano),-1,,2022,Pública,0,0.0,0.0,Risco moderado,Médio,Média,Médio,Baixo
RA-717,0,G,Aluno-717,2012-01-01,10.0,Feminino,2021,Escola Pública,Ágata,6.832,2.0,9.0,7.3,7.5,Não atendido,5.4,5.0,5.8,,Não,Não,7.917,5.0,Fase 2 (5º e 6º ano),-2,,2022,Pública,0,0.0,0.0,Risco moderado,Baixo,Média,Médio,Baixo
RA-718,0,G,Aluno-718,2014-01-01,8.0,Feminino,2022,Escola Pública,Topázio,8.093,2.0,8.0,8.9,6.3,Sem limitações,9.2,9.2,9.2,,Não,Não,7.417,10.0,ALFA  (2º e 3º ano),0,,2022,Pública,0,0.0,0.0,Sem risco,Médio,Baixa,Médio,Alto
RA-719,0,G,Aluno-719,2012-01-01,10.0,Feminino,2021,Escola Pública,Quartzo,5.552,2.0,9.0,4.6,7.5,Não atendido,4.2,5.0,3.3,,Não,Não,6.083,5.0,Fase 2 (5º e 6º ano),-2,,2022,Pública,0,0.0,0.0,Risco moderado,Baixo,Média,Médio,Baixo
RA-720,0,G,Aluno-720,2013-01-01,9.0,Feminino,2021,Escola Pública,Ágata,6.731,2.0,8.0,5.9,7.5,Não atendido,7.6,7.3,7.8,,Não,Não,7.083,5.0,Fase 1 (4º ano),-1,,2022,Pública,0,0.0,0.0,Risco moderado,Baixo,Baixa,Médio,Baixo
RA-721,0,G,Aluno-721,2014-01-01,8.0,Feminino,2021,Escola Pública,Ametista,7.973,2.0,9.5,8.1,7.5,Não atendido,7.6,8.2,7.0,,Não,Não,7.917,10.0,ALFA  (2º e 3º ano),0,,2022,Pública,0,0.0,0.0,Sem risco,Médio,Alta,Médio,Alto
RA-722,0,G,Aluno-722,2013-01-01,9.0,Feminino,2021,Escola Pública,Ametista,7.41,2.0,10.0,8.1,4.4,Sem limitações,8.1,7.8,8.3,,Não,Não,8.333,5.0,Fase 1 (4º ano),-1,,2022,Pública,0,0.0,0.0,Risco moderado,Médio,Alta,Baixo,Médio
RA-723,0,H,Aluno-723,2014-01-01,8.0,Feminino,2022,Escola Pública,Ametista,7.426,2.0,10.0,6.6,8.1,Não atendido,5.5,5.3,5.7,,Não,Não,8.167,10.0,ALFA  (2º e 3º ano),0,,2022,Pública,0,0.0,0.0,Sem risco,Baixo,Alta,Alto,Médio
RA-724,0,H,Aluno-724,2014-01-01,8.0,Feminino,2022,Escola Pública,Ágata,6.931,2.0,9.5,5.9,5.6,Sem limitações,5.6,2.9,8.3,,Não,Não,8.0,10.0,ALFA  (2º e 3º ano),0,,2022,Pública,0,0.0,0.0,Sem risco,Baixo,Alta,Baixo,Médio
RA-725,0,H,Aluno-725,2014-01-01,8.0,Masculino,2022,Escola Pública,Ágata,6.33,2.0,8.0,5.9,8.1,Não atendido,5.0,4.0,6.0,,Não,Não,5.5,10.0,ALFA  (2º e 3º ano),0,,2022,Pública,0,0.0,0.0,Sem risco,Baixo,Baixa,Alto,Baixo
RA-726,0,H,Aluno-726,2015-01-01,7.0,Feminino,2022,Escola Pública,Ágata,6.985,2.0,10.0,7.5,7.5,Não atendido,4.4,5.8,3.0,,Não,Não,6.583,10.0,ALFA  (2º e 3º ano),0,,2022,Pública,0,0.0,0.0,Sem risco,Baixo,Alta,Médio,Médio
RA-727,0,H,Aluno-727,2014-01-01,8.0,Masculino,2022,Escola Pública,Ametista,7.736,2.0,9.0,7.7,8.1,Não atendido,8.4,9.3,7.4,,Não,Não,6.75,10.0,ALFA  (2º e 3º ano),0,,2022,Pública,0,0.0,0.0,Sem risco,Baixo,Média,Alto,Médio
RA-728,0,H,Aluno-728,2014-01-01,8.0,Feminino,2022,Escola Pública,Topázio,8.244,2.0,9.5,7.3,8.1,Não atendido,9.1,9.3,8.9,,Não,Não,8.167,10.0,ALFA  (2º e 3º ano),0,,2022,Pública,0,0.0,0.0,Sem risco,Baixo,Alta,Alto,Alto
RA-729,0,H,Aluno-729,2014-01-01,8.0,Feminino,2022,Escola Pública,Topázio,8.155,2.0,10.0,8.7,8.1,Não atendido,8.1,8.5,7.8,,Não,Não,7.25,10.0,ALFA  (2º e 3º ano),0,,2022,Pública,0,0.0,0.0,Sem risco,Médio,Alta,Alto,Alto
RA-730,0,I,Aluno-730,2012-01-01,10.0,Feminino,2021,Escola Pública,Ametista,7.902,2.0,10.0,8.2,8.8,Não atendido,8.3,8.7,8.0,,Não,Não,8.25,5.0,Fase 2 (5º e 6º ano),-2,,2022,Pública,0,0.0,0.0,Risco moderado,Médio,Alta,Alto,Alto
RA-731,0,I,Aluno-731,2012-01-01,10.0,Feminino,2019,Escola Pública,Ametista,7.151,2.0,9.0,8.5,6.9,Requer avaliação,7.3,7.3,7.2,,Não,Não,7.083,5.0,Fase 2 (5º e 6º ano),-2,,2022,Pública,0,0.0,0.0,Risco moderado,Médio,Média,Médio,Médio
RA-732,0,I,Aluno-732,2013-01-01,9.0,Masculino,2022,Escola Pública,Ametista,7.347,2.0,9.0,7.9,8.8,Não atendido,7.2,7.5,6.8,,Não,Não,7.5,5.0,Fase 1 (4º ano),-1,,2022,Pública,0,0.0,0.0,Risco moderado,Médio,Média,Alto,Médio
RA-733,0,J,Aluno-733,2013-01-01,9.0,Feminino,2022,Escola Pública,Ágata,6.684,2.0,9.5,8.5,5.6,Sem limitações,5.1,6.0,4.2,,Não,Não,6.917,5.0,Fase 1 (4º ano),-1,,2022,Pública,0,0.0,0.0,Risco moderado,Médio,Alta,Baixo,Baixo
RA-734,0,J,Aluno-734,2012-01-01,10.0,Feminino,2022,Escola Pública,Ágata,6.952,2.0,9.5,7.2,5.6,Sem limitações,7.3,8.0,6.5,,Não,Não,7.417,5.0,Fase 2 (5º e 6º ano),-2,,2022,Pública,0,0.0,0.0,Risco moderado,Baixo,Alta,Baixo,Médio
RA-735,0,J,Aluno-735,2012-01-01,10.0,Feminino,2021,Escola Pública,Ametista,7.485,2.0,9.0,9.0,5.6,Sem limitações,7.3,7.8,6.7,,Não,Sim,8.583,5.0,Fase 2 (5º e 6º ano),-2,,2022,Pública,0,0.0,1.0,Risco moderado,Médio,Média,Baixo,Médio
RA-736,0,J,Aluno-736,2012-01-01,10.0,Masculino,2022,Escola Pública,Ágata,6.707,2.0,9.0,8.5,5.6,Sem limitações,5.4,4.7,6.2,,Não,Não,7.0,5.0,Fase 2 (5º e 6º ano),-2,,2022,Pública,0,0.0,0.0,Risco moderado,Médio,Média,Baixo,Baixo
RA-737,0,J,Aluno-737,2013-01-01,9.0,Feminino,2022,Escola Pública,Ametista,8.058,2.0,9.5,9.2,5.6,Sem limitações,9.0,8.5,9.5,,Não,Sim,9.167,5.0,Fase 1 (4º ano),-1,,2022,Pública,0,0.0,1.0,Risco moderado,Alto,Alta,Baixo,Alto
RA-738,0,J,Aluno-738,2014-01-01,8.0,Feminino,2022,Escola Pública,Ametista,7.227,2.0,8.5,8.1,5.6,Sem limitações,5.7,7.7,3.7,,Não,Não,7.5,10.0,ALFA  (2º e 3º ano),0,,2022,Pública,0,0.0,0.0,Sem risco,Médio,Média,Baixo,Médio
RA-739,0,J,Aluno-739,2014-01-01,8.0,Masculino,2022,Escola Pública,Ágata,6.82,2.0,6.4,7.3,5.6,Sem limitações,5.9,6.0,5.8,,Não,Não,7.083,10.0,ALFA  (2º e 3º ano),0,,2022,Pública,0,0.0,0.0,Sem risco,Baixo,Baixa,Baixo,Baixo
RA-740,0,J,Aluno-740,2013-01-01,9.0,Feminino,2022,Escola Pública,Ametista,7.218,2.0,8.5,9.0,5.6,Sem limitações,7.2,7.3,7.0,,Não,Não,7.5,5.0,Fase 1 (4º ano),-1,,2022,Pública,0,0.0,0.0,Risco moderado,Médio,Média,Baixo,Médio
RA-741,0,J,Aluno-741,2012-01-01,10.0,Feminino,2022,Escola Pública,Ágata,6.896,2.0,9.5,8.4,5.6,Sem limitações,6.3,7.3,5.2,,Não,Não,7.417,5.0,Fase 2 (5º e 6º ano),-2,,2022,Pública,0,0.0,0.0,Risco moderado,Médio,Alta,Baixo,Baixo
RA-742,0,J,Aluno-742,2013-01-01,9.0,Feminino,2022,Escola Pública,Ametista,7.097,2.0,8.5,8.7,5.0,Sem limitações,7.3,8.3,6.2,,Não,Não,7.5,5.0,Fase 1 (4º ano),-1,,2022,Pública,0,0.0,0.0,Risco moderado,Médio,Média,Baixo,Médio
RA-743,0,J,Aluno-743,2013-01-01,9.0,Feminino,2022,Escola Pública,Ágata,6.672,2.0,10.0,7.9,5.6,Sem limitações,4.8,4.8,4.8,,Não,Não,7.5,5.0,Fase 1 (4º ano),-1,,2022,Pública,0,0.0,0.0,Risco moderado,Médio,Alta,Baixo,Baixo
RA-744,0,J,Aluno-744,2014-01-01,8.0,Feminino,2022,Escola Pública,Ametista,7.742,2.0,9.5,9.7,5.6,Sem limitações,6.2,6.0,6.3,,Não,Não,7.5,10.0,ALFA  (2º e 3º ano),0,,2022,Pública,0,0.0,0.0,Sem risco,Alto,Alta,Baixo,Médio
RA-745,0,J,Aluno-745,2013-01-01,9.0,Masculino,2021,Rede Decisão,Ametista,7.382,2.0,9.0,8.5,5.6,Sem limitações,8.1,8.5,7.7,,Não,Não,7.75,5.0,Fase 1 (4º ano),-1,,2022,Outros,0,0.0,0.0,Risco moderado,Médio,Média,Baixo,Médio
RA-746,0,J,Aluno-746,2014-01-01,8.0,Masculino,2022,Escola Pública,Ametista,7.656,2.0,8.0,9.1,5.6,Sem limitações,7.2,7.7,6.7,,Não,Não,7.417,10.0,ALFA  (2º e 3º ano),0,,2022,Pública,0,0.0,0.0,Sem risco,Médio,Baixa,Baixo,Médio
RA-747,0,K,Aluno-747,2011-01-01,11.0,Feminino,2022,Escola Pública,Ametista,7.676,2.0,10.0,7.6,7.5,Não atendido,8.8,8.2,9.4,,Sim,Não,7.917,5.0,Fase 2 (5º e 6º ano),-2,,2022,Pública,0,1.0,0.0,Risco moderado,Baixo,Alta,Médio,Médio
RA-748,0,K,Aluno-748,2013-01-01,9.0,Masculino,2022,Escola Pública,Topázio,8.084,2.0,10.0,9.0,7.5,Não atendido,9.1,9.6,8.6,,Sim,Não,8.25,5.0,Fase 1 (4º ano),-1,,2022,Pública,0,1.0,0.0,Risco moderado,Médio,Alta,Médio,Alto
RA-749,0,K,Aluno-749,2013-01-01,9.0,Masculino,2022,Escola Pública,Ametista,7.484,2.0,9.5,7.7,7.5,Não atendido,8.8,9.5,8.1,,Não,Não,7.25,5.0,Fase 1 (4º ano),-1,,2022,Pública,0,0.0,0.0,Risco moderado,Baixo,Alta,Médio,Médio
RA-750,0,K,Aluno-750,2012-01-01,10.0,Masculino,2019,Escola Pública,Ágata,6.344,2.0,9.5,8.9,4.4,Não indicado,6.8,7.1,6.4,,Não,Não,5.167,5.0,Fase 2 (5º e 6º ano),-2,,2022,Pública,0,0.0,0.0,Risco moderado,Médio,Alta,Baixo,Baixo
RA-751,0,K,Aluno-751,2011-01-01,11.0,Masculino,2022,Escola Pública,Quartzo,5.246,2.0,8.5,5.8,7.5,Não atendido,3.8,2.7,4.9,,Não,Não,6.167,5.0,Fase 2 (5º e 6º ano),-2,,2022,Pública,0,0.0,0.0,Risco moderado,Baixo,Média,Médio,Baixo
RA-752,0,K,Aluno-752,2011-01-01,11.0,Feminino,2022,Escola Pública,Topázio,8.197,2.0,10.0,9.0,7.5,Não atendido,9.5,9.6,9.4,,Sim,Sim,8.417,5.0,Fase 2 (5º e 6º ano),-2,,2022,Pública,0,1.0,1.0,Risco moderado,Médio,Alta,Médio,Alto
RA-753,0,K,Aluno-753,2014-01-01,8.0,Feminino,2022,Escola Pública,Topázio,8.481,2.0,9.5,8.6,7.5,Não atendido,9.1,9.4,8.8,,Sim,Sim,8.417,10.0,ALFA  (2º e 3º ano),0,,2022,Pública,0,1.0,1.0,Sem risco,Médio,Alta,Médio,Alto
RA-754,0,K,Aluno-754,2013-01-01,9.0,Masculino,2022,Escola Pública,Ágata,6.602,2.0,10.0,5.8,4.4,Não indicado,7.9,7.8,8.1,,Não,Não,6.917,5.0,Fase 1 (4º ano),-1,,2022,Pública,0,0.0,0.0,Risco moderado,Baixo,Alta,Baixo,Baixo
RA-755,0,K,Aluno-755,2014-01-01,8.0,Masculino,2022,Escola Pública,Topázio,8.566,2.0,9.5,9.2,6.9,Não atendido,9.5,9.8,9.3,,Sim,Não,8.083,10.0,ALFA  (2º e 3º ano),0,,2022,Pública,0,1.0,0.0,Sem risco,Alto,Alta,Médio,Alto
RA-756,0,K,Aluno-756,2013-01-01,9.0,Masculino,2022,Escola Pública,Ágata,6.976,2.0,10.0,7.9,7.5,Não atendido,5.7,5.6,5.8,,Não,Não,7.25,5.0,Fase 1 (4º ano),-1,,2022,Pública,0,0.0,0.0,Risco moderado,Médio,Alta,Médio,Médio
RA-757,0,K,Aluno-757,2013-01-01,9.0,Feminino,2022,Escola Pública,Topázio,8.26,2.0,9.5,9.3,7.5,Não atendido,9.7,9.9,9.6,,Sim,Sim,8.5,5.0,Fase 1 (4º ano),-1,,2022,Pública,0,1.0,1.0,Risco moderado,Alto,Alta,Médio,Alto
RA-758,0,L,Aluno-758,2013-01-01,9.0,Masculino,2022,Escola Pública,Ametista,7.911,2.0,9.0,9.1,7.5,Não atendido,8.1,8.0,8.2,,Não,Não,8.333,5.0,Fase 1 (4º ano),-1,,2022,Pública,0,0.0,0.0,Risco moderado,Médio,Média,Médio,Alto
RA-759,0,L,Aluno-759,2012-01-01,10.0,Feminino,2021,Escola Pública,Ametista,7.563,2.0,9.0,8.6,7.5,Não atendido,7.5,8.3,6.7,,Não,Não,7.833,5.0,Fase 2 (5º e 6º ano),-2,,2022,Pública,0,0.0,0.0,Risco moderado,Médio,Média,Médio,Médio
RA-760,0,L,Aluno-760,2011-01-01,11.0,Masculino,2021,Escola Pública,Topázio,8.172,2.0,9.0,9.2,7.5,Não atendido,8.8,9.3,8.2,,Não,Sim,8.917,5.0,Fase 2 (5º e 6º ano),-2,,2022,Pública,0,0.0,1.0,Risco moderado,Alto,Média,Médio,Alto
RA-761,0,L,Aluno-761,2013-01-01,9.0,Masculino,2022,Escola Pública,Topázio,8.06,2.0,10.0,9.4,7.5,Não atendido,8.2,8.8,7.5,,Não,Não,8.25,5.0,Fase 1 (4º ano),-1,,2022,Pública,0,0.0,0.0,Risco moderado,Alto,Alta,Médio,Alto
RA-762,0,L,Aluno-762,2010-01-01,12.0,Masculino,2022,Escola Pública,Ametista,7.28,2.0,10.0,9.7,7.5,Não atendido,6.7,7.3,6.0,,Não,Não,7.083,2.5,Fase 3 (7º e 8º ano),-3,,2022,Pública,0,0.0,0.0,Alto risco,Alto,Alta,Médio,Médio
RA-763,0,L,Aluno-763,2012-01-01,10.0,Feminino,2021,Escola Pública,Ametista,7.402,2.0,9.5,9.7,7.5,Não atendido,6.5,6.3,6.7,,Não,Não,7.167,5.0,Fase 2 (5º e 6º ano),-2,,2022,Pública,0,0.0,0.0,Risco moderado,Alto,Alta,Médio,Médio
RA-764,0,L,Aluno-764,2014-01-01,8.0,Masculino,2022,Escola Pública,Ametista,8.004,2.0,9.0,8.8,7.5,Não atendido,7.5,7.2,7.8,,Não,Não,7.667,10.0,ALFA  (2º e 3º ano),0,,2022,Pública,0,0.0,0.0,Sem risco,Médio,Média,Médio,Alto
RA-765,0,L,Aluno-765,2013-01-01,9.0,Masculino,2022,Escola Pública,Ágata,6.902,2.0,8.5,9.3,7.5,Não atendido,4.3,5.0,3.7,,Não,Não,7.417,5.0,Fase 1 (4º ano),-1,,2022,Pública,0,0.0,0.0,Risco moderado,Alto,Média,Médio,Baixo
RA-766,0,L,Aluno-766,2011-01-01,11.0,Feminino,2020,Escola Pública,Topázio,8.185,2.0,10.0,9.5,7.5,Não atendido,8.7,8.5,8.8,,Não,Não,8.333,5.0,Fase 2 (5º e 6º ano),-2,,2022,Pública,0,0.0,0.0,Risco moderado,Alto,Alta,Médio,Alto
RA-767,0,L,Aluno-767,2012-01-01,10.0,Masculino,2021,Escola Pública,Ametista,7.511,2.0,9.5,9.0,7.5,Não atendido,7.0,7.3,6.7,,Não,Não,7.583,5.0,Fase 2 (5º e 6º ano),-2,,2022,Pública,0,0.0,0.0,Risco moderado,Médio,Alta,Médio,Médio
RA-768,0,L,Aluno-768,2012-01-01,10.0,Feminino,2021,Escola Pública,Ametista,7.646,2.0,9.0,10.0,7.5,Não atendido,7.1,7.0,7.2,,Não,Não,7.583,5.0,Fase 2 (5º e 6º ano),-2,,2022,Pública,0,0.0,0.0,Risco moderado,Alto,Média,Médio,Médio
RA-769,0,M,Aluno-769,2013-01-01,9.0,Feminino,2022,Escola Pública,Ametista,7.598,2.0,10.0,7.5,7.5,Não avaliado,7.9,9.6,6.2,,Sim,Sim,8.5,5.0,Fase 1 (4º ano),-1,,2022,Pública,0,1.0,1.0,Risco moderado,Baixo,Alta,Médio,Médio
RA-770,0,M,Aluno-770,2015-01-01,7.0,Masculino,2022,Escola Pública,Topázio,8.143,2.0,9.5,8.9,7.5,Não avaliado,8.3,8.5,8.1,,Não,Não,7.333,10.0,ALFA  (2º e 3º ano),0,,2022,Pública,0,0.0,0.0,Sem risco,Médio,Alta,Médio,Alto
RA-771,0,M,Aluno-771,2015-01-01,7.0,Feminino,2022,Escola Pública,Ametista,7.873,2.0,10.0,8.3,7.5,Não avaliado,7.0,7.2,6.9,,Não,Não,7.5,10.0,ALFA  (2º e 3º ano),0,,2022,Pública,0,0.0,0.0,Sem risco,Médio,Alta,Médio,Alto
RA-772,0,M,Aluno-772,2011-01-01,11.0,Masculino,2021,Escola Pública,Ágata,6.994,2.0,9.0,5.4,7.5,Não avaliado,9.2,9.3,9.2,,Não,Não,7.25,5.0,Fase 2 (5º e 6º ano),-2,,2022,Pública,0,0.0,0.0,Risco moderado,Baixo,Média,Médio,Médio
RA-773,0,M,Aluno-773,2013-01-01,9.0,Feminino,2022,Escola Pública,Ágata,6.922,2.0,10.0,6.8,5.0,Não indicado,8.1,9.3,6.8,,Não,Não,7.083,5.0,Fase 1 (4º ano),-1,,2022,Pública,0,0.0,0.0,Risco moderado,Baixo,Alta,Baixo,Médio
RA-774,0,M,Aluno-774,2014-01-01,8.0,Feminino,2022,Escola Pública,Ametista,7.587,2.0,10.0,7.8,7.5,Não avaliado,6.1,7.8,4.4,,Não,Não,7.417,10.0,ALFA  (2º e 3º ano),0,,2022,Pública,0,0.0,0.0,Sem risco,Baixo,Alta,Médio,Médio
RA-775,0,N,Aluno-775,2012-01-01,10.0,Masculino,2021,Escola Pública,Quartzo,5.79,2.0,7.9,5.7,4.4,Não indicado,5.7,5.5,5.8,,Não,Não,6.417,5.0,Fase 2 (5º e 6º ano),-2,,2022,Pública,0,0.0,0.0,Risco moderado,Baixo,Baixa,Baixo,Baixo
RA-776,0,N,Aluno-776,2013-01-01,9.0,Feminino,2022,Escola Pública,Quartzo,3.898,2.0,0.0,4.3,4.4,Requer avaliação,1.7,0.0,3.3,,Não,Não,6.333,5.0,Fase 1 (4º ano),-1,,2022,Pública,0,0.0,0.0,Risco moderado,Baixo,Baixa,Baixo,Baixo
RA-777,0,N,Aluno-777,2014-01-01,8.0,Masculino,2022,Escola Pública,Ametista,7.096,2.0,8.0,7.7,7.5,Não atendido,5.3,6.5,4.0,,Não,Não,7.0,10.0,ALFA  (2º e 3º ano),0,,2022,Pública,0,0.0,0.0,Sem risco,Baixo,Baixa,Médio,Médio
RA-778,0,N,Aluno-778,2013-01-01,9.0,Feminino,2021,Escola Pública,Ametista,7.432,2.0,10.0,6.7,7.5,Não atendido,7.1,6.0,8.2,,Não,Sim,8.833,5.0,Fase 1 (4º ano),-1,,2022,Pública,0,0.0,1.0,Risco moderado,Baixo,Alta,Médio,Médio
RA-779,0,N,Aluno-779,2012-01-01,10.0,Masculino,2022,Escola Pública,Quartzo,5.702,2.0,9.5,5.0,7.5,Não atendido,2.6,2.2,3.0,,Não,Não,7.083,5.0,Fase 2 (5º e 6º ano),-2,,2022,Pública,0,0.0,0.0,Risco moderado,Baixo,Alta,Médio,Baixo
RA-780,0,N,Aluno-780,2013-01-01,9.0,Feminino,2022,Escola Pública,Ágata,6.955,2.0,8.0,7.6,7.5,Não atendido,6.9,6.3,7.5,,Não,Não,7.167,5.0,Fase 1 (4º ano),-1,,2022,Pública,0,0.0,0.0,Risco moderado,Baixo,Baixa,Médio,Médio
RA-781,0,N,Aluno-781,2013-01-01,9.0,Feminino,2021,Escola Pública,Ametista,7.786,2.0,10.0,8.9,7.5,Não atendido,8.3,8.0,8.5,,Não,Não,7.75,5.0,Fase 1 (4º ano),-1,,2022,Pública,0,0.0,0.0,Risco moderado,Médio,Alta,Médio,Alto
RA-782,0,N,Aluno-782,2014-01-01,8.0,Masculino,2022,Escola Pública,Ametista,7.485,2.0,9.5,8.4,7.5,Não atendido,6.0,5.7,6.3,,Não,Não,7.0,10.0,ALFA  (2º e 3º ano),0,,2022,Pública,0,0.0,0.0,Sem risco,Médio,Alta,Médio,Médio
RA-783,0,N,Aluno-783,2014-01-01,8.0,Masculino,2021,Escola Pública,Ágata,6.996,2.0,9.5,5.8,7.5,Não atendido,6.0,4.7,7.3,,Não,Não,6.917,10.0,ALFA  (2º e 3º ano),0,,2022,Pública,0,0.0,0.0,Sem risco,Baixo,Alta,Médio,Médio
RA-784,0,O,Aluno-784,2013-01-01,9.0,Masculino,2022,Escola Pública,Topázio,8.34,2.0,9.5,10.0,7.5,Não atendido,8.2,7.8,8.5,,Não,Sim,9.25,5.0,Fase 1 (4º ano),-1,,2022,Pública,0,0.0,1.0,Risco moderado,Alto,Alta,Médio,Alto
RA-785,0,O,Aluno-785,2013-01-01,9.0,Feminino,2022,Escola Pública,Ametista,7.642,2.0,9.0,8.6,7.5,Não atendido,8.4,8.8,8.0,,Não,Não,7.667,5.0,Fase 1 (4º ano),-1,,2022,Pública,0,0.0,0.0,Risco moderado,Médio,Média,Médio,Médio
RA-786,0,O,Aluno-786,2011-01-01,11.0,Masculino,2019,Escola Pública,Ágata,7.004,2.0,9.0,9.5,5.6,Não indicado,6.1,6.3,5.8,,Não,Não,7.167,5.0,Fase 2 (5º e 6º ano),-2,,2022,Pública,0,0.0,0.0,Risco moderado,Alto,Média,Baixo,Médio
RA-787,0,O,Aluno-787,2014-01-01,8.0,Masculino,2022,Escola Pública,Ametista,7.205,2.0,8.5,9.5,7.5,Não atendido,3.4,4.2,2.7,,Não,Não,7.25,10.0,ALFA  (2º e 3º ano),0,,2022,Pública,0,0.0,0.0,Sem risco,Alto,Média,Médio,Médio
RA-788,0,O,Aluno-788,2014-01-01,8.0,Masculino,2021,Rede Decisão,Topázio,8.264,2.0,10.0,9.3,5.6,Requer avaliação,8.0,7.8,8.2,,Não,Sim,8.667,10.0,ALFA  (2º e 3º ano),0,,2022,Outros,0,0.0,1.0,Sem risco,Alto,Alta,Baixo,Alto
RA-789,0,O,Aluno-789,2015-01-01,7.0,Feminino,2022,Escola Pública,Ametista,7.405,2.0,9.0,9.4,7.5,Não atendido,4.2,3.7,4.7,,Não,Não,7.417,10.0,ALFA  (2º e 3º ano),0,,2022,Pública,0,0.0,0.0,Sem risco,Alto,Média,Médio,Médio
RA-790,0,O,Aluno-790,2011-01-01,11.0,Feminino,2022,Escola Pública,Ametista,7.504,2.0,9.0,8.9,7.5,Não atendido,7.8,8.5,7.2,,Não,Não,7.417,5.0,Fase 2 (5º e 6º ano),-2,,2022,Pública,0,0.0,0.0,Risco moderado,Médio,Média,Médio,Médio
RA-791,0,O,Aluno-791,2011-01-01,11.0,Feminino,2022,Escola Pública,Ametista,7.507,2.0,9.5,8.7,7.5,Não atendido,6.5,6.3,6.7,,Não,Sim,8.5,5.0,Fase 2 (5º e 6º ano),-2,,2022,Pública,0,0.0,1.0,Risco moderado,Médio,Alta,Médio,Médio
RA-792,0,O,Aluno-792,2013-01-01,9.0,Feminino,2022,Escola Pública,Ágata,7.025,2.0,9.5,8.0,7.5,Não atendido,6.2,6.5,5.8,,Não,Não,7.167,5.0,Fase 1 (4º ano),-1,,2022,Pública,0,0.0,0.0,Risco moderado,Médio,Alta,Médio,Médio
RA-793,0,O,Aluno-793,2012-01-01,10.0,Masculino,2022,Escola Pública,Ágata,6.894,2.0,9.5,7.6,7.5,Não atendido,6.0,6.0,6.0,,Não,Não,7.333,5.0,Fase 2 (5º e 6º ano),-2,,2022,Pública,0,0.0,0.0,Risco moderado,Baixo,Alta,Médio,Baixo
RA-794,0,O,Aluno-794,2014-01-01,8.0,Feminino,2022,Escola Pública,Ametista,7.335,2.0,9.5,8.9,7.5,Não atendido,4.1,3.7,4.5,,Não,Não,7.333,10.0,ALFA  (2º e 3º ano),0,,2022,Pública,0,0.0,0.0,Sem risco,Médio,Alta,Médio,Médio
RA-795,0,O,Aluno-795,2014-01-01,8.0,Feminino,2022,Escola Pública,Topázio,8.064,2.0,9.0,9.7,7.5,Não atendido,7.3,8.0,6.5,,Não,Não,7.333,10.0,ALFA  (2º e 3º ano),0,,2022,Pública,0,0.0,0.0,Sem risco,Alto,Média,Médio,Alto
RA-796,0,Q,Aluno-796,2012-01-01,10.0,Feminino,2022,Escola Pública,Ametista,7.232,2.0,9.5,9.3,7.5,Não atendido,5.4,5.8,5.0,,Não,Não,7.667,5.0,Fase 2 (5º e 6º ano),-2,,2022,Pública,0,0.0,0.0,Risco moderado,Alto,Alta,Médio,Médio
RA-797,0,Q,Aluno-797,2012-01-01,10.0,Masculino,2021,Escola Pública,Ametista,7.217,2.0,9.0,8.5,7.5,Não atendido,7.3,8.2,6.5,,Não,Não,7.5,5.0,Fase 2 (5º e 6º ano),-2,,2022,Pública,0,0.0,0.0,Risco moderado,Médio,Média,Médio,Médio
RA-798,0,Q,Aluno-798,2012-01-01,10.0,Masculino,2022,Escola Pública,Ametista,7.049,2.0,8.0,8.3,7.5,Não atendido,6.3,7.0,5.7,,Não,Não,7.667,5.0,Fase 2 (5º e 6º ano),-2,,2022,Pública,0,0.0,0.0,Risco moderado,Médio,Baixa,Médio,Médio
RA-799,0,Q,Aluno-799,2012-01-01,10.0,Feminino,2022,Escola Pública,Ametista,7.676,2.0,8.0,9.6,7.5,Não atendido,7.8,8.5,7.2,,Não,Não,7.917,5.0,Fase 2 (5º e 6º ano),-2,,2022,Pública,0,0.0,0.0,Risco moderado,Alto,Baixa,Médio,Médio
RA-800,0,Q,Aluno-800,2014-01-01,8.0,Masculino,2022,Escola Pública,Ágata,6.818,2.0,8.0,5.4,7.5,Não atendido,6.1,6.3,5.8,,Não,Não,7.5,10.0,ALFA  (2º e 3º ano),0,,2022,Pública,0,0.0,0.0,Sem risco,Baixo,Baixa,Médio,Baixo
RA-801,0,Q,Aluno-801,2013-01-01,9.0,Masculino,2022,Escola Pública,Ágata,6.644,2.0,7.0,6.6,7.5,Não atendido,6.8,7.2,6.3,,Não,Não,7.5,5.0,Fase 1 (4º ano),-1,,2022,Pública,0,0.0,0.0,Risco moderado,Baixo,Baixa,Médio,Baixo
RA-802,0,Q,Aluno-802,2013-01-01,9.0,Masculino,2021,Escola Pública,Ametista,7.831,2.0,9.0,9.0,7.5,Não atendido,8.3,9.0,7.5,,Não,Não,8.333,5.0,Fase 1 (4º ano),-1,,2022,Pública,0,0.0,0.0,Risco moderado,Médio,Média,Médio,Alto
RA-803,0,Q,Aluno-803,2012-01-01,10.0,Feminino,2022,Escola Pública,Ágata,6.98,2.0,10.0,7.2,7.5,Sem limitações,6.3,6.5,6.0,,Não,Não,7.417,5.0,Fase 2 (5º e 6º ano),-2,,2022,Pública,0,0.0,0.0,Risco moderado,Baixo,Alta,Médio,Médio
RA-804,0,Q,Aluno-804,2012-01-01,10.0,Masculino,2022,Escola Pública,Ágata,6.848,2.0,10.0,8.4,6.3,Não atendido,4.8,5.5,4.0,,Não,Não,7.667,5.0,Fase 2 (5º e 6º ano),-2,,2022,Pública,0,0.0,0.0,Risco moderado,Médio,Alta,Médio,Baixo
RA-805,0,R,Aluno-805,2014-01-01,8.0,Masculino,2021,Escola Pública,Topázio,8.279,2.0,9.5,9.0,7.5,Sem limitações,8.8,8.7,8.9,,Não,Não,7.333,10.0,ALFA  (2º e 3º ano),0,,2022,Pública,0,0.0,0.0,Sem risco,Médio,Alta,Médio,Alto
RA-806,0,R,Aluno-806,2014-01-01,8.0,Masculino,2022,Escola Pública,Ametista,7.561,2.0,9.5,7.3,7.5,Sem limitações,6.6,5.0,8.2,,Não,Não,7.917,10.0,ALFA  (2º e 3º ano),0,,2022,Pública,0,0.0,0.0,Sem risco,Baixo,Alta,Médio,Médio
RA-807,0,R,Aluno-807,2014-01-01,8.0,Masculino,2022,Escola Pública,Topázio,8.121,2.0,9.5,8.7,6.3,Sem limitações,9.0,9.5,8.6,,Não,Não,7.5,10.0,ALFA  (2º e 3º ano),0,,2022,Pública,0,0.0,0.0,Sem risco,Médio,Alta,Médio,Alto
RA-808,0,R,Aluno-808,2014-01-01,8.0,Masculino,2022,Escola Pública,Topázio,8.361,2.0,10.0,9.1,6.3,Sem limitações,9.3,9.7,8.8,,Não,Não,8.0,10.0,ALFA  (2º e 3º ano),0,,2022,Pública,0,0.0,0.0,Sem risco,Médio,Alta,Médio,Alto
RA-809,0,R,Aluno-809,2015-01-01,7.0,Masculino,2022,Escola Pública,Ametista,7.259,2.0,10.0,6.6,6.3,Sem limitações,6.3,5.5,7.1,,Não,Não,7.417,10.0,ALFA  (2º e 3º ano),0,,2022,Pública,0,0.0,0.0,Sem risco,Baixo,Alta,Médio,Médio
RA-810,0,R,Aluno-810,2014-01-01,8.0,Masculino,2021,Escola Pública,Ametista,7.887,2.0,8.5,9.1,5.0,Não indicado,9.6,9.7,9.5,,Não,Não,7.25,10.0,ALFA  (2º e 3º ano),0,,2022,Pública,0,0.0,0.0,Sem risco,Médio,Média,Baixo,Alto
RA-811,0,R,Aluno-811,2013-01-01,9.0,Feminino,2021,Escola Pública,Ágata,6.575,2.0,8.9,5.7,5.6,Sem limitações,7.3,8.9,5.7,,Não,Não,7.667,5.0,Fase 1 (4º ano),-1,,2022,Pública,0,0.0,0.0,Risco moderado,Baixo,Média,Baixo,Baixo
RA-812,0,R,Aluno-812,2014-01-01,8.0,Masculino,2022,Escola Pública,Ametista,7.497,2.0,9.0,8.1,5.6,Sem limitações,7.4,8.3,6.6,,Não,Não,7.333,10.0,ALFA  (2º e 3º ano),0,,2022,Pública,0,0.0,0.0,Sem risco,Médio,Média,Baixo,Médio
RA-813,0,S,Aluno-813,2014-01-01,8.0,Masculino,2022,Escola Pública,Ametista,7.093,2.0,9.5,6.5,6.9,Sem limitações,6.0,6.7,5.3,,Não,Não,7.417,10.0,ALFA  (2º e 3º ano),0,,2022,Pública,0,0.0,0.0,Sem risco,Baixo,Alta,Médio,Médio
RA-814,0,S,Aluno-814,2013-01-01,9.0,Masculino,2022,Escola Pública,Ametista,7.592,2.0,8.9,9.0,6.9,Requer avaliação,7.5,7.8,7.2,,Não,Sim,8.417,5.0,Fase 1 (4º ano),-1,,2022,Pública,0,0.0,1.0,Risco moderado,Médio,Média,Médio,Médio
RA-815,0,S,Aluno-815,2013-01-01,9.0,Masculino,2022,Escola Pública,Ágata,6.81,2.0,10.0,7.9,5.6,Requer avaliação,6.5,7.7,5.3,,Não,Não,7.0,5.0,Fase 1 (4º ano),-1,,2022,Pública,0,0.0,0.0,Risco moderado,Médio,Alta,Baixo,Baixo
RA-816,0,S,Aluno-816,2013-01-01,9.0,Feminino,2022,Escola Pública,Topázio,8.513,2.0,10.0,9.3,7.5,Sem limitações,9.6,9.5,9.7,,Sim,Sim,9.417,5.0,Fase 1 (4º ano),-1,,2022,Pública,0,1.0,1.0,Risco moderado,Alto,Alta,Médio,Alto
RA-817,0,S,Aluno-817,2014-01-01,8.0,Feminino,2022,Escola Pública,Ametista,7.819,2.0,10.0,8.7,6.3,Requer avaliação,7.1,7.7,6.5,,Não,Não,7.417,10.0,ALFA  (2º e 3º ano),0,,2022,Pública,0,0.0,0.0,Sem risco,Médio,Alta,Médio,Alto
RA-818,0,S,Aluno-818,2015-01-01,7.0,Masculino,2022,Escola Pública,Ametista,7.483,2.0,9.5,7.3,7.5,Sem limitações,6.2,6.5,5.8,,Não,Não,7.5,10.0,ALFA  (2º e 3º ano),0,,2022,Pública,0,0.0,0.0,Sem risco,Baixo,Alta,Médio,Médio
RA-819,0,S,Aluno-819,2014-01-01,8.0,Masculino,2022,Escola Pública,Ametista,7.741,2.0,10.0,7.9,7.5,Sem limitações,7.3,8.0,6.5,,Não,Não,7.333,10.0,ALFA  (2º e 3º ano),0,,2022,Pública,0,0.0,0.0,Sem risco,Médio,Alta,Médio,Médio
RA-820,0,T,Aluno-820,2013-01-01,9.0,Masculino,2022,Escola Pública,Ametista,7.417,2.0,9.5,10.0,6.9,Sem limitações,6.0,7.7,4.3,,Não,Não,7.583,5.0,Fase 1 (4º ano),-1,,2022,Pública,0,0.0,0.0,Risco moderado,Alto,Alta,Médio,Médio
RA-821,0,T,Aluno-821,2012-01-01,10.0,Masculino,2022,Escola Pública,Ágata,6.342,2.0,9.0,7.0,7.5,Não atendido,4.6,5.2,4.0,,Não,Não,6.917,5.0,Fase 2 (5º e 6º ano),-2,,2022,Pública,0,0.0,0.0,Risco moderado,Baixo,Média,Médio,Baixo
RA-822,0,T,Aluno-822,2012-01-01,10.0,Masculino,2022,Escola Pública,Ágata,6.922,2.0,8.0,8.4,7.5,Não atendido,6.1,6.5,5.7,,Não,Não,7.083,5.0,Fase 2 (5º e 6º ano),-2,,2022,Pública,0,0.0,0.0,Risco moderado,Médio,Baixa,Médio,Médio
RA-823,0,T,Aluno-823,2012-01-01,10.0,Feminino,2021,Escola Pública,Quartzo,5.989,2.0,10.0,6.0,7.5,Não atendido,2.8,4.0,1.7,,Não,Não,7.167,5.0,Fase 2 (5º e 6º ano),-2,,2022,Pública,0,0.0,0.0,Risco moderado,Baixo,Alta,Médio,Baixo
RA-824,0,T,Aluno-824,2014-01-01,8.0,Masculino,2022,Escola Pública,Ágata,6.799,2.0,10.0,4.4,6.9,Sem limitações,6.0,7.0,5.0,,Não,Não,7.333,10.0,ALFA  (2º e 3º ano),0,,2022,Pública,0,0.0,0.0,Sem risco,Baixo,Alta,Médio,Baixo
RA-825,0,T,Aluno-825,2013-01-01,9.0,Feminino,2021,Escola Pública,Ametista,7.25,2.0,7.5,8.2,6.9,Sem limitações,7.6,8.3,6.8,,Não,Não,7.917,5.0,Fase 1 (4º ano),-1,,2022,Pública,0,0.0,0.0,Risco moderado,Médio,Baixa,Médio,Médio
RA-826,0,U,Aluno-826,2014-01-01,8.0,Masculino,2022,Escola Pública,Ametista,7.776,2.0,9.5,9.6,7.5,Não atendido,5.4,4.3,6.5,,Não,Não,7.5,10.0,ALFA  (2º e 3º ano),0,,2022,Pública,0,0.0,0.0,Sem risco,Alto,Alta,Médio,Médio
RA-827,0,U,Aluno-827,2012-01-01,10.0,Feminino,2022,Escola Pública,Ametista,7.412,2.0,9.5,7.0,7.5,Não atendido,7.6,7.7,7.5,,Não,Sim,8.667,5.0,Fase 2 (5º e 6º ano),-2,,2022,Pública,0,0.0,1.0,Risco moderado,Baixo,Alta,Médio,Médio
RA-828,0,U,Aluno-828,2013-01-01,9.0,Feminino,2022,Escola Pública,Ametista,7.139,2.0,9.5,7.1,7.5,Não atendido,6.9,7.3,6.5,,Não,Não,7.833,5.0,Fase 1 (4º ano),-1,,2022,Pública,0,0.0,0.0,Risco moderado,Baixo,Alta,Médio,Médio
RA-829,0,U,Aluno-829,2014-01-01,8.0,Feminino,2022,Escola Pública,Ametista,8.003,2.0,9.0,8.6,7.5,Não atendido,7.8,8.2,7.5,,Não,Não,7.5,10.0,ALFA  (2º e 3º ano),0,,2022,Pública,0,0.0,0.0,Sem risco,Médio,Média,Médio,Alto
RA-830,0,U,Aluno-830,2013-01-01,9.0,Feminino,2022,Escola Pública,Ametista,7.234,2.0,10.0,8.6,7.5,Não atendido,6.0,5.8,6.2,,Não,Não,7.5,5.0,Fase 1 (4º ano),-1,,2022,Pública,0,0.0,0.0,Risco moderado,Médio,Alta,Médio,Médio
RA-831,0,U,Aluno-831,2013-01-01,9.0,Masculino,2022,Escola Pública,Ametista,7.41,2.0,9.5,9.2,7.5,Não atendido,7.2,7.3,7.0,,Não,Não,7.167,5.0,Fase 1 (4º ano),-1,,2022,Pública,0,0.0,0.0,Risco moderado,Alto,Alta,Médio,Médio
RA-832,0,U,Aluno-832,2013-01-01,9.0,Masculino,2022,Escola Pública,Topázio,8.179,2.0,10.0,9.2,7.5,Não atendido,8.8,8.8,8.8,,Não,Sim,8.833,5.0,Fase 1 (4º ano),-1,,2022,Pública,0,0.0,1.0,Risco moderado,Alto,Alta,Médio,Alto
RA-833,0,U,Aluno-833,2013-01-01,9.0,Masculino,2022,Escola Pública,Ametista,7.791,2.0,10.0,9.5,7.5,Não atendido,7.8,8.2,7.5,,Não,Não,7.583,5.0,Fase 1 (4º ano),-1,,2022,Pública,0,0.0,0.0,Risco moderado,Alto,Alta,Médio,Alto
RA-834,0,U,Aluno-834,2013-01-01,9.0,Masculino,2022,Escola Pública,Topázio,8.136,2.0,9.0,9.0,7.5,Não atendido,9.0,9.2,8.8,,Não,Sim,9.083,5.0,Fase 1 (4º ano),-1,,2022,Pública,0,0.0,1.0,Risco moderado,Médio,Média,Médio,Alto
RA-835,0,V,Aluno-835,2014-01-01,8.0,Masculino,2022,Escola Pública,Ametista,7.263,2.0,6.9,7.3,7.5,Não atendido,7.5,7.6,7.3,,Não,Não,6.667,10.0,ALFA  (2º e 3º ano),0,,2022,Pública,0,0.0,0.0,Sem risco,Baixo,Baixa,Médio,Médio
RA-836,0,V,Aluno-836,2013-01-01,9.0,Masculino,2022,Escola Pública,Ametista,7.665,2.0,8.5,8.3,7.5,Não atendido,9.2,9.0,9.3,,Não,Não,7.583,5.0,Fase 1 (4º ano),-1,,2022,Pública,0,0.0,0.0,Risco moderado,Médio,Média,Médio,Médio
RA-837,0,V,Aluno-837,2014-01-01,8.0,Masculino,2022,Escola Pública,Topázio,8.207,2.0,8.5,9.0,7.5,Não atendido,8.8,9.2,8.3,,Não,Não,7.5,10.0,ALFA  (2º e 3º ano),0,,2022,Pública,0,0.0,0.0,Sem risco,Médio,Média,Médio,Alto
RA-838,0,V,Aluno-838,2013-01-01,9.0,Masculino,2022,Escola Pública,Ametista,7.461,2.0,10.0,7.4,7.5,Não atendido,6.3,6.6,5.9,,Sim,Sim,9.417,5.0,Fase 1 (4º ano),-1,,2022,Pública,0,1.0,1.0,Risco moderado,Baixo,Alta,Médio,Médio
RA-839,0,V,Aluno-839,2013-01-01,9.0,Feminino,2022,Escola Pública,Quartzo,5.198,2.0,0.0,5.1,7.5,Não atendido,5.4,5.8,5.0,,Não,Não,6.583,5.0,Fase 1 (4º ano),-1,,2022,Pública,0,0.0,0.0,Risco moderado,Baixo,Baixa,Médio,Baixo
RA-840,0,V,Aluno-840,2014-01-01,8.0,Masculino,2022,Escola Pública,Ametista,7.875,2.0,9.0,8.2,7.5,Não atendido,7.8,9.6,5.9,,Não,Não,7.5,10.0,ALFA  (2º e 3º ano),0,,2022,Pública,0,0.0,0.0,Sem risco,Médio,Média,Médio,Alto
RA-841,0,V,Aluno-841,2011-01-01,11.0,Masculino,2022,Escola Pública,Ametista,7.3,2.0,8.5,8.5,7.5,Não atendido,7.2,8.6,5.8,,Não,Não,7.5,5.0,Fase 2 (5º e 6º ano),-2,,2022,Pública,0,0.0,0.0,Risco moderado,Médio,Média,Médio,Médio
RA-842,0,Y,Aluno-842,2014-01-01,8.0,Feminino,2022,Escola Pública,Ametista,7.952,2.0,7.5,8.3,7.5,Não atendido,9.1,9.1,9.1,,Não,Não,8.25,10.0,ALFA  (2º e 3º ano),0,,2022,Pública,0,0.0,0.0,Sem risco,Médio,Baixa,Médio,Alto
RA-843,0,Y,Aluno-843,2014-01-01,8.0,Feminino,2022,Escola Pública,Topázio,8.538,2.0,8.5,9.0,7.5,Não atendido,9.2,9.8,8.5,,Sim,Sim,8.417,10.0,ALFA  (2º e 3º ano),0,,2022,Pública,0,1.0,1.0,Sem risco,Médio,Média,Médio,Alto
RA-844,0,Y,Aluno-844,2014-01-01,8.0,Masculino,2022,Escola Pública,Ágata,6.253,2.0,0.0,5.0,8.1,Não atendido,5.9,6.0,5.8,,Sim,Não,8.333,10.0,ALFA  (2º e 3º ano),0,,2022,Pública,0,1.0,0.0,Sem risco,Baixo,Baixa,Alto,Baixo
RA-845,0,Y,Aluno-845,2014-01-01,8.0,Feminino,2022,Escola Pública,Topázio,8.491,2.0,10.0,8.8,7.5,Não atendido,8.7,9.1,8.3,,Não,Sim,8.417,10.0,ALFA  (2º e 3º ano),0,,2022,Pública,0,0.0,1.0,Sem risco,Médio,Alta,Médio,Alto
RA-846,0,Y,Aluno-846,2015-01-01,7.0,Feminino,2022,Escola Pública,Ametista,7.412,2.0,9.0,7.2,7.5,Não atendido,5.9,7.7,4.0,,Não,Não,7.917,10.0,ALFA  (2º e 3º ano),0,,2022,Pública,0,0.0,0.0,Sem risco,Baixo,Média,Médio,Médio
RA-847,0,Y,Aluno-847,2013-01-01,9.0,Masculino,2022,Escola Pública,Ágata,6.839,2.0,7.9,8.2,4.4,Sem limitações,7.7,7.8,7.6,,Não,Não,7.417,5.0,Fase 1 (4º ano),-1,,2022,Pública,0,0.0,0.0,Risco moderado,Médio,Baixa,Baixo,Baixo
RA-848,0,Y,Aluno-848,2013-01-01,9.0,Masculino,2022,Escola Pública,Ametista,7.488,2.0,9.5,7.0,7.5,Não atendido,9.0,9.8,8.1,,Não,Não,7.833,5.0,Fase 1 (4º ano),-1,,2022,Pública,0,0.0,0.0,Risco moderado,Baixo,Alta,Médio,Médio
RA-849,0,Y,Aluno-849,2013-01-01,9.0,Masculino,2022,Escola Pública,Ametista,7.369,2.0,8.5,8.3,7.5,Não atendido,9.1,9.8,8.3,,Não,Não,7.417,5.0,Fase 1 (4º ano),-1,,2022,Pública,0,0.0,0.0,Risco moderado,Médio,Média,Médio,Médio
RA-850,0,Y,Aluno-850,2014-01-01,8.0,Masculino,2022,Escola Pública,Ametista,7.641,2.0,10.0,7.3,7.5,Não atendido,8.5,8.1,8.8,,Não,Não,7.167,10.0,ALFA  (2º e 3º ano),0,,2022,Pública,0,0.0,0.0,Sem risco,Baixo,Alta,Médio,Médio
RA-851,0,Y,Aluno-851,2014-01-01,8.0,Masculino,2022,Escola Pública,Ametista,7.515,2.0,9.0,7.9,7.5,Não atendido,8.3,7.9,8.7,,Não,Não,6.583,10.0,ALFA  (2º e 3º ano),0,,2022,Pública,0,0.0,0.0,Sem risco,Médio,Média,Médio,Médio
RA-852,0,Z,Aluno-852,2015-01-01,7.0,Feminino,2022,Escola Pública,Quartzo,5.666,2.0,9.0,6.8,5.0,Não indicado,2.1,2.5,1.8,,Não,Não,5.5,10.0,ALFA  (2º e 3º ano),0,,2022,Pública,0,0.0,0.0,Sem risco,Baixo,Média,Baixo,Baixo
RA-853,0,Z,Aluno-853,2014-01-01,8.0,Feminino,2022,Escola Pública,Topázio,8.616,2.0,10.0,9.6,7.5,Não atendido,8.5,8.8,8.2,,Não,Sim,8.5,10.0,ALFA  (2º e 3º ano),0,,2022,Pública,0,0.0,1.0,Sem risco,Alto,Alta,Médio,Alto
RA-854,0,Z,Aluno-854,2014-01-01,8.0,Feminino,2022,Escola Pública,Topázio,8.098,2.0,8.0,9.0,7.5,Não atendido,9.3,9.5,9.0,,Não,Não,7.167,10.0,ALFA  (2º e 3º ano),0,,2022,Pública,0,0.0,0.0,Sem risco,Médio,Baixa,Médio,Alto
RA-855,0,Z,Aluno-855,2013-01-01,9.0,Feminino,2022,Escola Pública,Topázio,8.453,2.0,10.0,9.6,7.5,Não atendido,9.7,9.7,9.6,,Não,Sim,9.0,5.0,Fase 1 (4º ano),-1,,2022,Pública,0,0.0,1.0,Risco moderado,Alto,Alta,Médio,Alto
RA-856,0,Z,Aluno-856,2015-01-01,7.0,Masculino,2022,Escola Pública,Topázio,8.398,2.0,10.0,9.1,7.5,Não atendido,8.4,8.5,8.2,,Não,Não,8.0,10.0,ALFA  (2º e 3º ano),0,,2022,Pública,0,0.0,0.0,Sem risco,Médio,Alta,Médio,Alto
RA-857,0,Z,Aluno-857,2013-01-01,9.0,Feminino,2022,Escola Pública,Topázio,8.154,2.0,8.5,8.9,7.5,Não atendido,9.5,9.6,9.3,,Não,Sim,9.083,5.0,Fase 1 (4º ano),-1,,2022,Pública,0,0.0,1.0,Risco moderado,Médio,Média,Médio,Alto
RA-858,0,Z,Aluno-858,2015-01-01,7.0,Masculino,2022,Escola Pública,Ametista,7.523,2.0,10.0,7.1,5.6,Requer avaliação,7.7,8.4,6.9,,Não,Não,7.333,10.0,ALFA  (2º e 3º ano),0,,2022,Pública,0,0.0,0.0,Sem risco,Baixo,Alta,Baixo,Médio
RA-859,0,Z,Aluno-859,2015-01-01,7.0,Feminino,2022,Escola Pública,Topázio,8.325,2.0,8.5,8.7,7.5,Não atendido,8.9,9.4,8.4,,Não,Não,8.25,10.0,ALFA  (2º e 3º ano),0,,2022,Pública,0,0.0,0.0,Sem risco,Médio,Média,Médio,Alto
RA-860,0,Z,Aluno-860,2015-01-01,7.0,Masculino,2022,Escola Pública,Topázio,8.136,2.0,9.5,8.5,7.5,Não atendido,8.1,8.9,7.2,,Não,Não,7.75,10.0,ALFA  (2º e 3º ano),0,,2022,Pública,0,0.0,0.0,Sem risco,Médio,Alta,Médio,Alto
RA-861,ALFA,ALFA A - G0/G1,Aluno-861,,8.0,Feminino,2023,Pública,Topázio,9.31095,2.0,9.5,10.0,8.13,Não informado,9.6,9.8,9.4,,,,8.92,10.0,ALFA (1° e 2° ano),0,8.4375,2023,Pública,0,,,Sem risco,Alto,Alta,Alto,Alto
RA-862,ALFA,ALFA A - G0/G1,Aluno-862,,9.0,Masculino,2023,Pública,Topázio,8.2212,2.0,8.5,9.1,8.14,Não informado,8.9,8.5,9.2,,,,8.585,5.0,Fase 1 (3° e 4° ano),-1,7.5,2023,Pública,0,,,Risco moderado,Médio,Média,Alto,Alto
RA-863,ALFA,ALFA A - G0/G1,Aluno-863,,7.0,Masculino,2023,Pública,Quartzo,5.92975,2.0,0.0,7.6,3.14,Não informado,6.3,7.0,5.5,,,,6.26,10.0,ALFA (1° e 2° ano),0,5.9375,2023,Pública,0,,,Sem risco,Baixo,Baixa,Baixo,Baixo
RA-864,ALFA,ALFA A - G0/G1,Aluno-864,,,Feminino,2023,Pública,Ametista,7.034,2.0,0.0,7.6,8.14,Não informado,6.3,7.0,5.5,,,,8.5,10.0,ALFA (1° e 2° ano),0,7.5,2023,Pública,0,,,Sem risco,Baixo,Baixa,Alto,Médio
RA-865,ALFA,ALFA A - G0/G1,Aluno-865,,8.0,Masculino,2023,Pública,Topázio,8.1552,2.0,8.5,8.7,7.52,Não informado,7.4,7.3,7.5,,,,7.915,10.0,ALFA (1° e 2° ano),0,7.5,2023,Pública,0,,,Sem risco,Médio,Média,Alto,Alto
RA-866,ALFA,ALFA A - G0/G1,Aluno-866,,,Feminino,2023,Pública,Ametista,7.679,2.0,0.0,8.3,8.76,Não informado,8.6,8.2,8.9,,,,8.415,10.0,ALFA (1° e 2° ano),0,7.5,2023,Pública,0,,,Sem risco,Médio,Baixa,Alto,Médio
RA-867,ALFA,ALFA A - G0/G1,Aluno-867,,8.0,Masculino,2023,Pública,Topázio,8.6992,2.0,9.0,8.6,8.76,Não informado,8.9,8.7,9.0,,,,8.415,10.0,ALFA (1° e 2° ano),0,7.5,2023,Pública,0,,,Sem risco,Médio,Média,Alto,Alto
RA-868,ALFA,ALFA A - G0/G1,Aluno-868,,,Masculino,2023,Pública,Topázio,8.63895,2.0,10.0,9.5,8.76,Não informado,7.1,7.8,6.3,,,,8.67,10.0,ALFA (1° e 2° ano),0,7.1875,2023,Pública,0,,,Sem risco,Alto,Alta,Alto,Alto
RA-869,ALFA,ALFA A - G0/G1,Aluno-869,,8.0,Feminino,2023,Pública,Topázio,9.2587,2.0,9.0,10.0,8.76,Não informado,9.6,9.8,9.4,,,,8.75,10.0,ALFA (1° e 2° ano),0,8.125,2023,Pública,0,,,Sem risco,Alto,Média,Alto,Alto
RA-870,ALFA,ALFA A - G0/G1,Aluno-870,,9.0,Feminino,2023,Pública,Quartzo,4.909,2.0,0.0,8.5,8.76,Não informado,1.5,2.0,1.0,,,,5.165,5.0,Fase 1 (3° e 4° ano),-1,5.0,2023,Pública,0,,,Risco moderado,Médio,Baixa,Alto,Baixo
RA-871,ALFA,ALFA B - G2/G3,Aluno-871,,9.0,Masculino,2023,Pública,Ágata,6.8617,2.0,9.0,9.5,3.76,Não informado,6.9,6.8,7.0,,,,6.84,5.0,Fase 1 (3° e 4° ano),-1,4.375,2023,Pública,0,,,Risco moderado,Alto,Média,Baixo,Baixo
RA-872,ALFA,ALFA B - G2/G3,Aluno-872,,10.0,Feminino,2023,Pública,Quartzo,5.267,2.0,0.0,6.7,2.52,Não informado,4.3,5.5,3.0,,,,8.5,5.0,Fase 2 (5° e 6° ano),-2,6.25,2023,Pública,0,,,Risco moderado,Baixo,Baixa,Baixo,Baixo
RA-873,ALFA,ALFA B - G2/G3,Aluno-873,,,Feminino,2023,Pública,Ametista,7.8012,2.0,8.5,9.7,7.52,Não informado,7.0,7.2,6.8,,,,8.67,5.0,Fase 2 (5° e 6° ano),-2,6.25,2023,Pública,0,,,Risco moderado,Alto,Média,Alto,Alto
RA-874,ALFA,ALFA B - G2/G3,Aluno-874,,9.0,Masculino,2023,Pública,Quartzo,5.811,2.0,0.0,8.2,7.52,Não informado,4.8,6.3,3.3,,,,6.67,5.0,Fase 1 (3° e 4° ano),-1,6.25,2023,Pública,0,,,Risco moderado,Médio,Baixa,Alto,Baixo
RA-875,ALFA,ALFA B - G2/G3,Aluno-875,,9.0,Masculino,2023,Pública,Topázio,8.2712,2.0,9.5,9.5,7.52,Não informado,7.3,7.0,7.5,,,,9.845,5.0,Fase 1 (3° e 4° ano),-1,7.5,2023,Pública,0,,,Risco moderado,Alto,Alta,Alto,Alto
RA-876,ALFA,ALFA B - G2/G3,Aluno-876,,,Masculino,2023,Pública,Topázio,8.6492,2.0,10.0,9.4,7.52,Não informado,7.5,7.3,7.7,,,,8.835,10.0,ALFA (1° e 2° ano),0,7.5,2023,Pública,0,,,Sem risco,Alto,Alta,Alto,Alto
RA-877,ALFA,ALFA B - G2/G3,Aluno-877,,9.0,Masculino,2023,Pública,Ametista,7.4722,2.0,9.5,9.5,7.52,Não informado,6.9,7.5,6.2,,,,7.5,5.0,Fase 1 (3° e 4° ano),-1,5.0,2023,Pública,0,,,Risco moderado,Alto,Alta,Alto,Médio
RA-878,ALFA,ALFA B - G2/G3,Aluno-878,,10.0,Masculino,2023,Pública,Ágata,6.24,2.0,0.0,9.5,2.52,Não informado,8.1,8.0,8.2,,,,7.34,5.0,Fase 2 (5° e 6° ano),-2,5.0,2023,Pública,0,,,Risco moderado,Alto,Baixa,Baixo,Baixo
RA-879,ALFA,ALFA B - G2/G3,Aluno-879,,,Feminino,2023,Pública,Ágata,6.8225,2.0,0.0,9.8,2.52,Não informado,8.2,8.2,8.2,,,,8.915,5.0,Fase 1 (3° e 4° ano),-1,6.875,2023,Pública,0,,,Risco moderado,Alto,Baixa,Baixo,Baixo
RA-880,ALFA,ALFA B - G2/G3,Aluno-880,,7.0,Feminino,2023,Pública,Ágata,6.724,2.0,0.0,9.4,2.52,Não informado,6.3,6.3,6.2,,,,8.585,10.0,ALFA (1° e 2° ano),0,6.25,2023,Pública,0,,,Sem risco,Alto,Baixa,Baixo,Baixo
RA-881,ALFA,ALFA B - G2/G3,Aluno-881,,8.0,Masculino,2023,Pública,Ametista,7.7322,2.0,10.0,8.9,7.52,Não informado,7.3,7.5,7.0,,,,6.25,10.0,ALFA (1° e 2° ano),0,5.0,2023,Pública,0,,,Sem risco,Médio,Alta,Alto,Médio
RA-882,ALFA,ALFA C - G0/G1,Aluno-882,,8.0,Feminino,2023,Pública,Ágata,6.0092,2.0,9.0,8.6,2.52,Não informado,4.7,4.8,4.5,,,,4.16,10.0,ALFA (1° e 2° ano),0,3.75,2023,Pública,0,,,Sem risco,Médio,Média,Baixo,Baixo
RA-883,ALFA,ALFA C - G0/G1,Aluno-883,,,Feminino,2023,Pública,Topázio,8.5082,2.0,9.5,9.7,6.89,Não informado,8.4,8.0,8.7,,,,8.17,10.0,ALFA (1° e 2° ano),0,6.25,2023,Pública,0,,,Sem risco,Alto,Alta,Médio,Alto
RA-884,ALFA,ALFA C - G0/G1,Aluno-884,,,Feminino,2023,Pública,Topázio,8.4587,2.0,9.0,9.7,4.39,Não informado,8.8,8.4,9.2,,,,8.66,10.0,ALFA (1° e 2° ano),0,6.875,2023,Pública,0,,,Sem risco,Alto,Média,Baixo,Alto
RA-885,ALFA,ALFA C - G0/G1,Aluno-885,,7.0,Masculino,2023,Pública,Topázio,8.8252,2.0,9.0,9.8,7.52,Não informado,8.7,8.5,8.8,,,,8.665,10.0,ALFA (1° e 2° ano),0,7.5,2023,Pública,0,,,Sem risco,Alto,Média,Alto,Alto
RA-886,ALFA,ALFA C - G0/G1,Aluno-886,,,Feminino,2023,Pública,Topázio,8.6422,2.0,8.5,9.4,7.52,Não informado,8.1,7.6,8.5,,,,9.0,10.0,ALFA (1° e 2° ano),0,7.5,2023,Pública,0,,,Sem risco,Alto,Média,Alto,Alto
RA-887,ALFA,ALFA C - G0/G1,Aluno-887,,8.0,Masculino,2023,Pública,Topázio,8.6718,2.0,8.9,8.9,7.52,Não informado,8.4,7.8,9.0,,,,9.09,10.0,ALFA (1° e 2° ano),0,7.5,2023,Pública,0,,,Sem risco,Médio,Média,Alto,Alto
RA-888,ALFA,ALFA C - G0/G1,Aluno-888,,,Masculino,2023,Pública,Topázio,8.9182,2.0,9.0,10.0,7.52,Não informado,8.8,8.2,9.3,,,,8.83,10.0,ALFA (1° e 2° ano),0,7.5,2023,Pública,0,,,Sem risco,Alto,Média,Alto,Alto
RA-889,ALFA,ALFA C - G0/G1,Aluno-889,,,Masculino,2023,Pública,Topázio,8.8092,2.0,8.5,9.5,6.89,Não informado,9.1,8.7,9.5,,,,9.0,10.0,ALFA (1° e 2° ano),0,7.5,2023,Pública,0,,,Sem risco,Alto,Média,Médio,Alto
RA-890,ALFA,ALFA C - G0/G1,Aluno-890,,8.0,Masculino,2023,Pública,Ágata,6.989,2.0,0.0,9.1,2.52,Não informado,8.3,8.0,8.6,,,,8.16,10.0,ALFA (1° e 2° ano),0,6.25,2023,Pública,0,,,Sem risco,Médio,Baixa,Baixo,Médio
RA-891,ALFA,ALFA C - G0/G1,Aluno-891,,,Feminino,2023,Pública,Ametista,7.8882,2.0,9.5,9.5,6.89,Não informado,7.5,6.2,8.8,,,,7.995,5.0,Fase 1 (3° e 4° ano),-1,7.5,2023,Pública,0,,,Risco moderado,Alto,Alta,Médio,Alto
RA-684,ALFA,ALFA D - G2/G3,Aluno-684,,8.0,Masculino,2022,Privada,Ametista,7.4277,2.0,9.0,8.1,7.52,Não informado,6.5,8.3,4.7,,,,5.84,10.0,ALFA (1° e 2° ano),0,6.875,2023,Privada,0,,,Sem risco,Médio,Média,Alto,Médio
RA-892,ALFA,ALFA D - G2/G3,Aluno-892,,8.0,Masculino,2023,Pública,Topázio,8.8112,2.0,8.0,9.6,6.89,Não informado,8.3,8.5,8.0,,,,10.01,10.0,ALFA (1° e 2° ano),0,7.5,2023,Pública,0,,,Sem risco,Alto,Baixa,Médio,Alto
RA-857,ALFA,ALFA D - G2/G3,Aluno-857,,9.0,Feminino,2022,Pública,Topázio,8.1442,2.0,8.5,9.0,7.52,Não informado,8.5,8.7,8.2,,,,9.01,5.0,Fase 1 (3° e 4° ano),-1,7.5,2023,Pública,0,,,Risco moderado,Médio,Média,Alto,Alto
RA-893,ALFA,ALFA D - G2/G3,Aluno-893,,,Masculino,2023,Pública,Topázio,8.8042,2.0,9.5,10.0,7.52,Não informado,9.3,9.5,9.0,,,,10.01,5.0,Fase 1 (3° e 4° ano),-1,7.5,2023,Pública,0,,,Risco moderado,Alto,Alta,Alto,Alto
RA-894,ALFA,ALFA D - G2/G3,Aluno-894,,9.0,Feminino,2023,Pública,Topázio,8.8142,2.0,9.5,9.9,7.52,Não informado,9.4,9.3,9.5,,,,10.01,5.0,Fase 1 (3° e 4° ano),-1,7.5,2023,Pública,0,,,Risco moderado,Alto,Alta,Alto,Alto
RA-690,ALFA,ALFA D - G2/G3,Aluno-690,,,Feminino,2022,Pública,Topázio,8.6112,2.0,9.0,9.8,6.89,Não informado,9.1,9.3,8.8,,,,10.01,5.0,Fase 2 (5° e 6° ano),-2,7.5,2023,Pública,0,,,Risco moderado,Alto,Média,Médio,Alto
RA-895,ALFA,ALFA D - G2/G3,Aluno-895,,8.0,Feminino,2023,Pública,Topázio,8.5397,2.0,9.5,9.5,7.52,Não informado,6.8,6.8,6.7,,,,9.5,10.0,ALFA (1° e 2° ano),0,6.875,2023,Pública,0,,,Sem risco,Alto,Alta,Alto,Alto
RA-896,ALFA,ALFA D - G2/G3,Aluno-896,,7.0,Masculino,2023,Pública,Topázio,9.0912,2.0,9.5,10.0,6.89,Não informado,8.5,9.0,8.0,,,,10.01,10.0,ALFA (1° e 2° ano),0,7.5,2023,Pública,0,,,Sem risco,Alto,Alta,Médio,Alto
RA-693,ALFA,ALFA D - G2/G3,Aluno-693,,,Feminino,2022,Pública,Topázio,9.0112,2.0,10.0,9.4,6.89,Não informado,8.5,8.2,8.7,,,,10.01,10.0,ALFA (1° e 2° ano),0,7.5,2023,Pública,0,,,Sem risco,Alto,Alta,Médio,Alto
RA-675,ALFA,ALFA D - G2/G3,Aluno-675,,,Masculino,2022,Pública,Topázio,8.3577,2.0,10.0,8.0,7.52,Não informado,8.3,8.5,8.0,,,,8.34,10.0,ALFA (1° e 2° ano),0,6.875,2023,Pública,0,,,Sem risco,Médio,Alta,Alto,Alto
RA-850,ALFA,ALFA D - G2/G3,Aluno-850,,9.0,Masculino,2022,Pública,Ágata,6.06525,2.0,0.0,7.9,6.26,Não informado,7.3,6.8,7.7,,,,6.265,5.0,Fase 1 (3° e 4° ano),-1,6.5625,2023,Pública,0,,,Risco moderado,Médio,Baixa,Médio,Baixo
RA-897,ALFA,ALFA D - G2/G3,Aluno-897,,,Masculino,2023,Pública,Quartzo,5.48225,2.0,0.0,8.1,7.52,Não informado,6.5,7.2,5.7,,,,3.32,5.0,Fase 1 (3° e 4° ano),-1,6.5625,2023,Pública,0,,,Risco moderado,Médio,Baixa,Alto,Baixo
RA-842,ALFA,ALFA E - G2/G3,Aluno-842,,9.0,Feminino,2022,Pública,Ametista,7.2117,2.0,9.0,8.5,3.77,Não informado,7.9,8.2,7.5,,,,8.01,5.0,Fase 1 (3° e 4° ano),-1,5.625,2023,Pública,0,,,Risco moderado,Médio,Média,Baixo,Médio
RA-898,ALFA,ALFA E - G2/G3,Aluno-898,,,Masculino,2023,Pública,Topázio,8.4217,2.0,9.0,9.8,3.77,Não informado,9.4,9.7,9.0,,,,10.01,5.0,Fase 1 (3° e 4° ano),-1,8.125,2023,Pública,0,,,Risco moderado,Alto,Média,Baixo,Alto
RA-899,ALFA,ALFA E - G2/G3,Aluno-899,,8.0,Masculino,2023,Pública,Topázio,8.8452,2.0,10.0,9.8,3.77,Não informado,9.5,9.3,9.6,,,,9.34,10.0,ALFA (1° e 2° ano),0,7.5,2023,Pública,0,,,Sem risco,Alto,Alta,Baixo,Alto
RA-900,ALFA,ALFA E - G2/G3,Aluno-900,,8.0,Feminino,2023,Pública,Topázio,8.8947,2.0,9.0,9.8,9.38,Não informado,7.8,8.0,7.5,,,,8.67,10.0,ALFA (1° e 2° ano),0,8.125,2023,Pública,0,,,Sem risco,Alto,Média,Alto,Alto
RA-846,ALFA,ALFA E - G2/G3,Aluno-846,,8.0,Feminino,2022,Pública,Ametista,7.4637,2.0,9.5,8.2,3.77,Não informado,6.0,6.3,5.7,,,,8.67,10.0,ALFA (1° e 2° ano),0,5.625,2023,Pública,0,,,Sem risco,Médio,Alta,Baixo,Médio
RA-901,ALFA,ALFA E - G2/G3,Aluno-901,,10.0,Masculino,2023,Pública,Ametista,7.3112,2.0,8.5,8.7,3.77,Não informado,7.5,7.7,7.3,,,,8.595,5.0,Fase 2 (5° e 6° ano),-2,6.25,2023,Pública,0,,,Risco moderado,Médio,Média,Baixo,Médio
RA-743,ALFA,ALFA E - G2/G3,Aluno-743,,10.0,Feminino,2022,Pública,Ágata,6.659,2.0,0.0,9.1,3.77,Não informado,7.1,7.3,6.8,,,,9.01,5.0,Fase 2 (5° e 6° ano),-2,7.5,2023,Pública,0,,,Risco moderado,Médio,Baixa,Baixo,Baixo
RA-681,ALFA,ALFA E - G2/G3,Aluno-681,,10.0,Masculino,2022,Pública,Ágata,6.2955,2.0,0.0,7.8,3.77,Não informado,8.3,8.8,7.8,,,,8.18,5.0,Fase 2 (5° e 6° ano),-2,5.625,2023,Pública,0,,,Risco moderado,Baixo,Baixa,Baixo,Baixo
RA-902,ALFA,ALFA E - G2/G3,Aluno-902,,12.0,Masculino,2023,Pública,Quartzo,5.97345,2.0,10.0,9.3,2.52,Não informado,3.9,4.5,3.3,,,,6.5,2.5,Fase 3 (7° e 8° ano),-3,5.3125,2023,Pública,0,,,Alto risco,Alto,Alta,Baixo,Baixo
RA-903,ALFA,ALFA E - G2/G3,Aluno-903,,,Feminino,2023,Pública,Topázio,8.5242,2.0,10.0,9.6,5.02,Não informado,7.8,7.7,7.8,,,,9.01,10.0,ALFA (1° e 2° ano),0,7.5,2023,Pública,0,,,Sem risco,Alto,Alta,Baixo,Alto
RA-851,ALFA,ALFA E - G2/G3,Aluno-851,,,Masculino,2022,Pública,Ágata,6.1683,2.0,8.4,7.5,2.52,Não informado,6.6,6.8,6.3,,,,6.01,5.0,Fase 1 (3° e 4° ano),-1,5.625,2023,Pública,0,,,Risco moderado,Baixo,Média,Baixo,Baixo
RA-847,ALFA,ALFA E - G2/G3,Aluno-847,,10.0,Masculino,2022,Pública,Ágata,6.5418,2.0,7.9,9.1,2.52,Não informado,7.6,7.5,7.6,,,,5.84,5.0,Fase 2 (5° e 6° ano),-2,5.0,2023,Pública,0,,,Risco moderado,Médio,Baixa,Baixo,Baixo
RA-904,ALFA,ALFA F - G0/G1,Aluno-904,,,Feminino,2023,Pública,Topázio,8.140783333,2.0,9.0,9.3,7.52,Não informado,6.4,6.0,6.8,,,,7.836666667,10.0,ALFA (1° e 2° ano),0,7.8125,2023,Pública,0,,,Sem risco,Alto,Média,Alto,Alto
RA-858,ALFA,ALFA F - G0/G1,Aluno-858,,,Masculino,2022,Pública,Ametista,7.248833333,2.0,0.0,8.1,3.77,Não informado,9.3,9.3,9.2,,,,7.946666667,10.0,ALFA (1° e 2° ano),0,8.125,2023,Pública,0,,,Sem risco,Médio,Baixa,Baixo,Médio
RA-905,ALFA,ALFA F - G0/G1,Aluno-905,,9.0,Masculino,2023,Pública,Ametista,7.831033333,2.0,9.5,9.4,7.52,Não informado,8.3,7.5,9.0,,,,7.056666667,5.0,Fase 1 (3° e 4° ano),-1,6.875,2023,Pública,0,,,Risco moderado,Alto,Alta,Alto,Alto
RA-702,ALFA,ALFA F - G0/G1,Aluno-702,,,Feminino,2022,Pública,Topázio,8.239866667,2.0,10.0,10.0,5.63,Não informado,9.3,9.3,9.3,,,,7.833333333,5.0,Fase 1 (3° e 4° ano),-1,7.5,2023,Pública,0,,,Risco moderado,Alto,Alta,Baixo,Alto
RA-725,ALFA,ALFA F - G0/G1,Aluno-725,,9.0,Masculino,2022,Pública,Topázio,8.117366667,2.0,9.5,9.0,7.52,Não informado,8.4,8.1,8.7,,,,8.113333333,5.0,Fase 1 (3° e 4° ano),-1,8.125,2023,Pública,0,,,Risco moderado,Médio,Alta,Alto,Alto
RA-906,ALFA,ALFA F - G0/G1,Aluno-906,,,Masculino,2023,Pública,Topázio,8.1922,2.0,7.5,9.2,7.52,Não informado,8.6,7.7,9.4,,,,6.95,10.0,ALFA (1° e 2° ano),0,7.5,2023,Pública,0,,,Sem risco,Alto,Baixa,Alto,Alto
RA-907,ALFA,ALFA F - G0/G1,Aluno-907,,8.0,Feminino,2023,Privada,Topázio,8.962033333,2.0,9.5,9.6,7.52,Não informado,9.3,9.2,9.4,,,,8.336666667,10.0,ALFA (1° e 2° ano),0,8.125,2023,Privada,0,,,Sem risco,Alto,Alta,Alto,Alto
RA-908,ALFA,ALFA F - G0/G1,Aluno-908,,,Feminino,2023,Pública,Topázio,8.479366667,2.0,9.0,9.0,7.52,Não informado,7.9,6.7,9.0,,,,8.223333333,10.0,ALFA (1° e 2° ano),0,8.125,2023,Pública,0,,,Sem risco,Médio,Média,Alto,Alto
RA-909,ALFA,ALFA F - G0/G1,Aluno-909,,10.0,Feminino,2023,Pública,Topázio,8.486033333,2.0,10.0,9.9,7.52,Não informado,9.2,9.1,9.2,,,,8.056666667,5.0,Fase 2 (5° e 6° ano),-2,8.125,2023,Pública,0,,,Risco moderado,Alto,Alta,Alto,Alto
RA-708,ALFA,ALFA F - G0/G1,Aluno-708,,9.0,Masculino,2022,Pública,Ametista,7.5105,2.0,0.0,9.8,7.52,Não informado,9.2,8.8,9.5,,,,8.28,5.0,Fase 1 (3° e 4° ano),-1,8.125,2023,Pública,0,,,Risco moderado,Alto,Baixa,Alto,Médio
RA-910,ALFA,ALFA F - G0/G1,Aluno-910,,8.0,Masculino,2023,Pública,Ametista,7.801,2.0,0.0,8.8,7.52,Não informado,8.9,8.8,9.0,,,,8.17,10.0,ALFA (1° e 2° ano),0,8.75,2023,Pública,0,,,Sem risco,Médio,Baixa,Alto,Alto
RA-671,ALFA,ALFA G - G2/G3,Aluno-671,,,Masculino,2021,Pública,Ágata,6.5143,2.0,7.9,8.3,3.14,Não informado,7.8,8.0,7.5,,,,5.68,5.0,Fase 2 (5° e 6° ano),-2,5.625,2023,Pública,0,,,Risco moderado,Médio,Baixa,Baixo,Baixo
RA-836,ALFA,ALFA G - G2/G3,Aluno-836,,,Masculino,2022,Pública,Ametista,7.6417,2.0,9.5,9.6,6.27,Não informado,6.7,6.7,6.7,,,,8.085,5.0,Fase 2 (5° e 6° ano),-2,6.875,2023,Pública,0,,,Risco moderado,Alto,Alta,Médio,Médio
RA-911,ALFA,ALFA G - G2/G3,Aluno-911,,11.0,Masculino,2023,Pública,Quartzo,5.59545,2.0,9.0,6.7,2.52,Não informado,3.4,3.7,3.0,,,,7.01,5.0,Fase 2 (5° e 6° ano),-2,5.3125,2023,Pública,0,,,Risco moderado,Baixo,Média,Baixo,Baixo
RA-860,ALFA,ALFA G - G2/G3,Aluno-860,,,Masculino,2022,Pública,Topázio,8.2372,2.0,7.0,9.8,6.89,Não informado,7.4,7.2,7.5,,,,8.34,10.0,ALFA (1° e 2° ano),0,7.5,2023,Pública,0,,,Sem risco,Alto,Baixa,Médio,Alto
RA-727,ALFA,ALFA G - G2/G3,Aluno-727,,,Masculino,2022,Pública,Ametista,7.6802,2.0,9.5,8.8,2.52,Não informado,8.0,8.3,7.7,,,,9.34,5.0,Fase 1 (3° e 4° ano),-1,7.5,2023,Pública,0,,,Risco moderado,Médio,Alta,Baixo,Médio
RA-739,ALFA,ALFA G - G2/G3,Aluno-739,,9.0,Masculino,2022,Pública,Ametista,7.5972,2.0,9.0,8.3,7.52,Não informado,7.6,7.3,7.8,,,,8.25,5.0,Fase 1 (3° e 4° ano),-1,6.25,2023,Pública,0,,,Risco moderado,Médio,Média,Alto,Médio
RA-740,ALFA,ALFA G - G2/G3,Aluno-740,,10.0,Feminino,2022,Privada,Ametista,7.2845,2.0,0.0,8.7,7.52,Não informado,9.1,9.0,9.2,,,,8.925,5.0,Fase 2 (5° e 6° ano),-2,6.875,2023,Privada,0,,,Risco moderado,Médio,Baixa,Alto,Médio
RA-912,ALFA,ALFA G - G2/G3,Aluno-912,,9.0,Feminino,2023,Pública,Ametista,7.0797,2.0,7.0,9.4,7.52,Não informado,6.3,6.2,6.3,,,,7.175,5.0,Fase 1 (3° e 4° ano),-1,5.625,2023,Pública,0,,,Risco moderado,Alto,Baixa,Alto,Médio
RA-706,ALFA,ALFA G - G2/G3,Aluno-706,,,Feminino,2021,Pública,Ametista,7.1527,2.0,9.0,7.8,4.39,Não informado,7.3,6.7,7.8,,,,8.08,5.0,Fase 2 (5° e 6° ano),-2,6.875,2023,Pública,0,,,Risco moderado,Baixo,Média,Baixo,Médio
RA-840,ALFA,ALFA G - G2/G3,Aluno-840,,,Masculino,2022,Pública,Ametista,7.7862,2.0,9.5,9.0,4.38,Não informado,8.2,8.3,8.0,,,,8.59,5.0,Fase 1 (3° e 4° ano),-1,7.5,2023,Pública,0,,,Risco moderado,Médio,Alta,Baixo,Alto
RA-841,ALFA,ALFA G - G2/G3,Aluno-841,,11.0,Masculino,2022,Pública,Ágata,6.78,2.0,0.0,7.2,7.52,Não informado,6.9,6.7,7.0,,,,9.84,5.0,Fase 2 (5° e 6° ano),-2,7.5,2023,Pública,0,,,Risco moderado,Baixo,Baixa,Alto,Baixo
RA-709,ALFA,ALFA G - G2/G3,Aluno-709,,11.0,Feminino,2022,Pública,Ágata,6.6927,2.0,10.0,7.9,7.52,Não informado,4.9,5.5,4.3,,,,6.59,5.0,Fase 2 (5° e 6° ano),-2,5.625,2023,Pública,0,,,Risco moderado,Médio,Alta,Alto,Baixo
RA-913,ALFA,ALFA H - G0/G1,Aluno-913,,,Feminino,2023,Pública,Ametista,7.7432,2.0,8.0,8.5,6.89,Não informado,7.9,9.5,6.3,,,,9.245,5.0,Fase 2 (5° e 6° ano),-2,6.25,2023,Pública,0,,,Risco moderado,Médio,Baixa,Médio,Médio
RA-726,ALFA,ALFA H - G0/G1,Aluno-726,,8.0,Feminino,2022,Pública,Ametista,7.3687,2.0,10.0,6.1,7.52,Não informado,6.0,6.2,5.8,,,,8.17,10.0,ALFA (1° e 2° ano),0,5.625,2023,Pública,0,,,Sem risco,Baixo,Alta,Alto,Médio
RA-914,ALFA,ALFA H - G0/G1,Aluno-914,,8.0,Feminino,2023,Pública,Topázio,8.6912,2.0,10.0,9.2,7.52,Não informado,8.7,9.0,8.4,,,,8.67,10.0,ALFA (1° e 2° ano),0,6.25,2023,Pública,0,,,Sem risco,Alto,Alta,Alto,Alto
RA-915,ALFA,ALFA H - G0/G1,Aluno-915,,,Feminino,2023,Pública,Topázio,8.5962,2.0,10.0,8.4,7.52,Não informado,8.4,8.1,8.7,,,,8.67,10.0,ALFA (1° e 2° ano),0,7.5,2023,Pública,0,,,Sem risco,Médio,Alta,Alto,Alto
RA-916,ALFA,ALFA H - G0/G1,Aluno-916,,9.0,Feminino,2023,Pública,Ametista,7.3882,2.0,9.5,9.7,2.52,Não informado,6.6,7.7,5.5,,,,9.005,5.0,Fase 1 (3° e 4° ano),-1,6.25,2023,Pública,0,,,Risco moderado,Alto,Alta,Baixo,Médio
RA-917,ALFA,ALFA H - G0/G1,Aluno-917,,7.0,Feminino,2023,Pública,Quartzo,5.987,2.0,0.0,7.2,2.52,Não informado,7.0,5.3,8.7,,,,6.35,10.0,ALFA (1° e 2° ano),0,6.25,2023,Pública,0,,,Sem risco,Baixo,Baixa,Baixo,Baixo
RA-918,ALFA,ALFA H - G0/G1,Aluno-918,,7.0,Feminino,2023,Pública,Ametista,7.4967,2.0,10.0,8.7,2.52,Não informado,7.7,7.1,8.3,,,,7.01,10.0,ALFA (1° e 2° ano),0,5.625,2023,Pública,0,,,Sem risco,Médio,Alta,Baixo,Médio
RA-919,ALFA,ALFA H - G0/G1,Aluno-919,,9.0,Masculino,2023,Pública,Ágata,6.225,2.0,0.0,8.4,7.52,Não informado,5.3,5.5,5.0,,,,8.09,5.0,Fase 1 (3° e 4° ano),-1,6.25,2023,Pública,0,,,Risco moderado,Médio,Baixa,Alto,Baixo
RA-920,ALFA,ALFA H - G0/G1,Aluno-920,,8.0,Feminino,2023,Pública,Ágata,6.9647,2.0,9.0,6.3,7.52,Não informado,6.1,6.0,6.2,,,,6.35,10.0,ALFA (1° e 2° ano),0,5.625,2023,Pública,0,,,Sem risco,Baixo,Média,Alto,Médio
RA-921,ALFA,ALFA I - G2/G3,Aluno-921,,7.0,Feminino,2023,Pública,Ametista,7.7407,2.0,9.0,9.7,7.52,Não informado,6.3,6.5,6.0,,,,6.68,10.0,ALFA (1° e 2° ano),0,5.625,2023,Pública,0,,,Sem risco,Alto,Média,Alto,Médio
RA-922,ALFA,ALFA I - G2/G3,Aluno-922,,,Feminino,2023,Pública,Topázio,8.5262,2.0,8.5,9.7,3.14,Não informado,8.4,8.5,8.2,,,,10.01,10.0,ALFA (1° e 2° ano),0,7.5,2023,Pública,0,,,Sem risco,Alto,Média,Baixo,Alto
RA-715,ALFA,ALFA I - G2/G3,Aluno-715,,,Feminino,2022,Pública,Quartzo,5.8915,2.0,0.0,9.5,3.14,Não informado,5.4,4.5,6.3,,,,7.675,5.0,Fase 2 (5° e 6° ano),-2,5.625,2023,Pública,0,,,Risco moderado,Alto,Baixa,Baixo,Baixo
RA-822,ALFA,ALFA I - G2/G3,Aluno-822,,,Masculino,2022,Pública,Ágata,6.4497,2.0,8.5,8.4,2.52,Não informado,7.1,8.0,6.2,,,,5.925,5.0,Fase 2 (5° e 6° ano),-2,5.625,2023,Pública,0,,,Risco moderado,Médio,Média,Baixo,Baixo
RA-923,ALFA,ALFA I - G2/G3,Aluno-923,,,Feminino,2023,Pública,Topázio,8.8842,2.0,9.5,9.9,7.52,Não informado,7.3,7.5,7.0,,,,10.01,10.0,ALFA (1° e 2° ano),0,7.5,2023,Pública,0,,,Sem risco,Alto,Alta,Alto,Alto
RA-742,ALFA,ALFA I - G2/G3,Aluno-742,,10.0,Feminino,2022,Pública,Ametista,7.024,2.0,0.0,7.6,7.52,Não informado,7.5,6.2,8.8,,,,10.01,5.0,Fase 2 (5° e 6° ano),-2,7.5,2023,Pública,0,,,Risco moderado,Baixo,Baixa,Alto,Médio
RA-924,ALFA,ALFA I - G2/G3,Aluno-924,,,Masculino,2023,Pública,Ágata,6.5207,2.0,9.0,5.6,7.52,Não informado,5.0,5.0,5.0,,,,5.93,10.0,ALFA (1° e 2° ano),0,5.625,2023,Pública,0,,,Sem risco,Baixo,Média,Alto,Baixo
RA-925,ALFA,ALFA I - G2/G3,Aluno-925,,,Masculino,2023,Pública,Ametista,7.1837,2.0,9.0,8.9,7.52,Não informado,5.4,5.2,5.5,,,,5.595,10.0,ALFA (1° e 2° ano),0,5.625,2023,Pública,0,,,Sem risco,Médio,Média,Alto,Médio
RA-853,ALFA,ALFA J - G2/G3,Aluno-853,,9.0,Feminino,2022,Pública,Ametista,7.8402,2.0,10.0,9.5,3.77,Não informado,7.4,7.2,7.5,,,,9.84,5.0,Fase 1 (3° e 4° ano),-1,6.25,2023,Pública,0,,,Risco moderado,Alto,Alta,Baixo,Alto
RA-854,ALFA,ALFA J - G2/G3,Aluno-854,,,Feminino,2022,Pública,Ágata,6.6415,2.0,0.0,9.5,3.77,Não informado,6.0,7.5,4.5,,,,8.01,10.0,ALFA (1° e 2° ano),0,5.625,2023,Pública,0,,,Sem risco,Alto,Baixa,Baixo,Baixo
RA-700,ALFA,ALFA J - G2/G3,Aluno-700,,9.0,Feminino,2022,Pública,Topázio,8.2852,2.0,9.5,9.7,7.52,Não informado,7.8,7.5,8.0,,,,9.84,5.0,Fase 1 (3° e 4° ano),-1,6.25,2023,Pública,0,,,Risco moderado,Alto,Alta,Alto,Alto
RA-701,ALFA,ALFA J - G2/G3,Aluno-701,,,Masculino,2021,Pública,Ametista,7.3982,2.0,9.5,9.9,3.77,Não informado,7.2,7.3,7.0,,,,7.68,5.0,Fase 2 (5° e 6° ano),-2,6.25,2023,Pública,0,,,Risco moderado,Alto,Alta,Baixo,Médio
RA-856,ALFA,ALFA J - G2/G3,Aluno-856,,,Masculino,2022,Pública,Ametista,7.3355,2.0,0.0,9.6,7.52,Não informado,7.3,7.5,7.0,,,,8.255,10.0,ALFA (1° e 2° ano),0,5.625,2023,Pública,0,,,Sem risco,Alto,Baixa,Alto,Médio
RA-672,ALFA,ALFA J - G2/G3,Aluno-672,,10.0,Feminino,2021,Pública,Ágata,6.5623,2.0,7.9,9.5,2.52,Não informado,6.4,6.0,6.7,,,,6.43,5.0,Fase 2 (5° e 6° ano),-2,5.625,2023,Pública,0,,,Risco moderado,Alto,Baixa,Baixo,Baixo
RA-859,ALFA,ALFA J - G2/G3,Aluno-859,,8.0,Feminino,2022,Pública,Topázio,8.6042,2.0,8.0,9.2,7.52,Não informado,7.3,6.8,7.8,,,,10.01,10.0,ALFA (1° e 2° ano),0,7.5,2023,Pública,0,,,Sem risco,Alto,Baixa,Alto,Alto
RA-704,ALFA,ALFA J - G2/G3,Aluno-704,,,Masculino,2022,Pública,Ágata,6.8297,2.0,10.0,9.9,3.14,Não informado,6.1,6.5,5.7,,,,6.265,5.0,Fase 2 (5° e 6° ano),-2,5.625,2023,Pública,0,,,Risco moderado,Alto,Alta,Baixo,Baixo
RA-741,ALFA,ALFA J - G2/G3,Aluno-741,,11.0,Feminino,2022,Pública,Ágata,6.2707,2.0,9.5,6.9,4.39,Não informado,5.1,4.2,6.0,,,,7.095,5.0,Fase 2 (5° e 6° ano),-2,5.625,2023,Pública,0,,,Risco moderado,Baixo,Alta,Baixo,Baixo
RA-719,ALFA,ALFA J - G2/G3,Aluno-719,,,Masculino,2021,Pública,Ágata,6.4137,2.0,9.5,5.3,7.52,Não informado,5.9,7.0,4.7,,,,7.095,5.0,Fase 2 (5° e 6° ano),-2,5.625,2023,Pública,0,,,Risco moderado,Baixo,Alta,Alto,Baixo
RA-926,ALFA,ALFA J - G2/G3,Aluno-926,,9.0,Feminino,2023,Pública,Ametista,7.7792,2.0,9.0,10.0,3.77,Não informado,6.8,6.5,7.0,,,,9.51,5.0,Fase 1 (3° e 4° ano),-1,7.5,2023,Pública,0,,,Risco moderado,Alto,Média,Baixo,Alto
RA-927,ALFA,ALFA J - G2/G3,Aluno-927,,,Feminino,2023,Pública,Ametista,7.5982,2.0,9.0,9.7,3.77,Não informado,6.4,7.0,5.8,,,,9.255,5.0,Fase 1 (3° e 4° ano),-1,7.5,2023,Pública,0,,,Risco moderado,Alto,Média,Baixo,Médio
RA-928,ALFA,ALFA K - G0/G1,Aluno-928,,8.0,Feminino,2023,Pública,Topázio,9.3712,2.0,8.5,10.0,7.52,Não informado,9.8,9.8,9.8,,,,9.67,10.0,ALFA (1° e 2° ano),0,8.75,2023,Pública,0,,,Sem risco,Alto,Média,Alto,Alto
RA-929,ALFA,ALFA K - G0/G1,Aluno-929,,8.0,Feminino,2023,Pública,Topázio,9.1312,2.0,8.5,9.8,7.52,Não informado,8.8,8.7,8.9,,,,9.67,10.0,ALFA (1° e 2° ano),0,8.75,2023,Pública,0,,,Sem risco,Alto,Média,Alto,Alto
RA-930,ALFA,ALFA K - G0/G1,Aluno-930,,8.0,Masculino,2023,Pública,Topázio,8.8872,2.0,9.0,8.8,7.52,Não informado,9.0,8.7,9.3,,,,9.0,10.0,ALFA (1° e 2° ano),0,8.75,2023,Pública,0,,,Sem risco,Médio,Média,Alto,Alto
RA-931,ALFA,ALFA K - G0/G1,Aluno-931,,,Masculino,2023,Pública,Ametista,7.3747,2.0,8.5,8.2,2.52,Não informado,7.8,7.0,8.5,,,,7.6,10.0,ALFA (1° e 2° ano),0,5.625,2023,Pública,0,,,Sem risco,Médio,Média,Baixo,Médio
RA-932,ALFA,ALFA K - G0/G1,Aluno-932,,7.0,Feminino,2023,Pública,Topázio,8.3847,2.0,9.5,7.9,7.52,Não informado,7.5,6.5,8.4,,,,9.0,10.0,ALFA (1° e 2° ano),0,8.125,2023,Pública,0,,,Sem risco,Médio,Alta,Alto,Alto
RA-933,ALFA,ALFA K - G0/G1,Aluno-933,,8.0,Feminino,2023,Pública,Topázio,8.6712,2.0,9.0,8.4,7.52,Não informado,7.7,8.0,7.3,,,,9.67,10.0,ALFA (1° e 2° ano),0,8.75,2023,Pública,0,,,Sem risco,Médio,Média,Alto,Alto
RA-934,ALFA,ALFA K - G0/G1,Aluno-934,,8.0,Feminino,2023,Pública,Topázio,9.1737,2.0,9.0,9.6,7.52,Não informado,8.7,8.3,9.0,,,,9.67,10.0,ALFA (1° e 2° ano),0,9.375,2023,Pública,0,,,Sem risco,Alto,Média,Alto,Alto
RA-935,ALFA,ALFA K - G0/G1,Aluno-935,,9.0,Masculino,2023,Pública,Ametista,7.9535,2.0,0.0,9.8,7.52,Não informado,9.4,9.2,9.5,,,,9.67,5.0,Fase 1 (3° e 4° ano),-1,9.375,2023,Pública,0,,,Risco moderado,Alto,Baixa,Alto,Alto
RA-936,ALFA,ALFA K - G0/G1,Aluno-936,,,Feminino,2023,Pública,Topázio,8.5477,2.0,9.0,10.0,7.52,Não informado,6.5,5.0,8.0,,,,8.915,10.0,ALFA (1° e 2° ano),0,8.125,2023,Pública,0,,,Sem risco,Alto,Média,Alto,Alto
RA-937,ALFA,ALFA K - G0/G1,Aluno-937,,,Feminino,2023,Pública,Topázio,9.3237,2.0,9.5,9.6,7.52,Não informado,9.2,9.0,9.3,,,,9.67,10.0,ALFA (1° e 2° ano),0,9.375,2023,Pública,0,,,Sem risco,Alto,Alta,Alto,Alto
RA-756,ALFA,ALFA K - G0/G1,Aluno-756,,,Masculino,2022,Pública,Ametista,7.0927,2.0,10.0,8.7,7.52,Não informado,6.1,5.4,6.8,,,,6.59,5.0,Fase 2 (5° e 6° ano),-2,5.625,2023,Pública,0,,,Risco moderado,Médio,Alta,Alto,Médio
RA-938,ALFA,ALFA K - G0/G1,Aluno-938,,,Masculino,2023,Pública,Ágata,6.7372,2.0,8.5,8.4,7.52,Não informado,4.2,0.0,8.3,,,,7.5,5.0,Fase 1 (3° e 4° ano),-1,6.25,2023,Pública,0,,,Risco moderado,Médio,Média,Alto,Baixo
RA-939,ALFA,ALFA L - G2/G3,Aluno-939,,,Feminino,2023,Pública,Ametista,7.9742,2.0,9.0,10.0,7.52,Não informado,5.4,5.0,5.7,,,,10.01,5.0,Fase 2 (5° e 6° ano),-2,7.5,2023,Pública,0,,,Risco moderado,Alto,Média,Alto,Alto
RA-789,ALFA,ALFA L - G2/G3,Aluno-789,,8.0,Feminino,2022,Pública,Ametista,7.974,2.0,0.0,9.5,7.52,Não informado,7.9,8.5,7.2,,,,10.01,10.0,ALFA (1° e 2° ano),0,7.5,2023,Pública,0,,,Sem risco,Alto,Baixa,Alto,Alto
RA-792,ALFA,ALFA L - G2/G3,Aluno-792,,10.0,Feminino,2022,Pública,Ametista,7.6267,2.0,9.0,7.7,7.52,Não informado,7.2,6.8,7.5,,,,9.085,5.0,Fase 2 (5° e 6° ano),-2,6.875,2023,Pública,0,,,Risco moderado,Baixo,Média,Alto,Médio
RA-940,ALFA,ALFA L - G2/G3,Aluno-940,,,Masculino,2023,Pública,Ágata,6.6112,2.0,9.0,8.4,2.52,Não informado,6.3,6.8,5.7,,,,7.02,5.0,Fase 2 (5° e 6° ano),-2,6.25,2023,Pública,0,,,Risco moderado,Médio,Média,Baixo,Baixo
RA-941,ALFA,ALFA L - G2/G3,Aluno-941,,,Feminino,2023,Pública,Ametista,7.6872,2.0,8.0,10.0,7.52,Não informado,5.0,5.0,5.0,,,,8.175,10.0,ALFA (1° e 2° ano),0,5.0,2023,Pública,0,,,Sem risco,Alto,Baixa,Alto,Médio
RA-942,ALFA,ALFA L - G2/G3,Aluno-942,,10.0,Feminino,2023,Pública,Ágata,6.8547,2.0,9.5,8.9,2.52,Não informado,7.1,7.3,6.8,,,,7.0,5.0,Fase 2 (5° e 6° ano),-2,5.625,2023,Pública,0,,,Risco moderado,Médio,Alta,Baixo,Baixo
RA-943,ALFA,ALFA L - G2/G3,Aluno-943,,,Feminino,2023,Pública,Topázio,8.9172,2.0,9.5,9.4,7.52,Não informado,8.0,8.0,8.0,,,,9.925,10.0,ALFA (1° e 2° ano),0,7.5,2023,Pública,0,,,Sem risco,Alto,Alta,Alto,Alto
RA-782,ALFA,ALFA L - G2/G3,Aluno-782,,9.0,Masculino,2022,Pública,Ametista,7.6812,2.0,8.5,9.8,2.52,Não informado,7.5,8.3,6.7,,,,9.345,5.0,Fase 1 (3° e 4° ano),-1,7.5,2023,Pública,0,,,Risco moderado,Alto,Média,Baixo,Médio
RA-768,ALFA,ALFA L - G2/G3,Aluno-768,,,Feminino,2021,Pública,Topázio,8.4042,2.0,10.0,9.1,7.52,Não informado,7.9,8.0,7.8,,,,10.01,5.0,Fase 2 (5° e 6° ano),-2,7.5,2023,Pública,0,,,Risco moderado,Médio,Alta,Alto,Alto
RA-794,ALFA,ALFA L - G2/G3,Aluno-794,,,Feminino,2022,Pública,Ametista,7.9842,2.0,9.0,9.2,7.52,Não informado,6.2,5.2,7.2,,,,10.01,5.0,Fase 1 (3° e 4° ano),-1,7.5,2023,Pública,0,,,Risco moderado,Alto,Média,Alto,Alto
RA-795,ALFA,ALFA L - G2/G3,Aluno-795,,9.0,Feminino,2022,Pública,Topázio,8.4642,2.0,9.0,9.6,7.52,Não informado,8.2,8.7,7.7,,,,10.01,5.0,Fase 1 (3° e 4° ano),-1,7.5,2023,Pública,0,,,Risco moderado,Alto,Média,Alto,Alto
RA-944,ALFA,ALFA M - G0/G1,Aluno-944,,9.0,Feminino,2023,Pública,Ametista,7.0687,2.0,9.0,7.6,7.52,Não informado,7.5,9.2,5.8,,,,6.67,5.0,Fase 1 (3° e 4° ano),-1,5.625,2023,Pública,0,,,Risco moderado,Baixo,Média,Alto,Médio
RA-945,ALFA,ALFA M - G0/G1,Aluno-945,,,Masculino,2023,Pública,Topázio,8.0777,2.0,8.5,9.2,7.52,Não informado,7.9,8.0,7.8,,,,6.84,10.0,ALFA (1° e 2° ano),0,6.875,2023,Pública,0,,,Sem risco,Alto,Média,Alto,Alto
RA-946,ALFA,ALFA M - G0/G1,Aluno-946,,,Masculino,2023,Pública,Topázio,8.5822,2.0,9.5,9.4,7.52,Não informado,9.3,9.0,9.5,,,,7.0,10.0,ALFA (1° e 2° ano),0,7.5,2023,Pública,0,,,Sem risco,Alto,Alta,Alto,Alto
RA-754,ALFA,ALFA M - G0/G1,Aluno-754,,,Masculino,2022,Pública,Ágata,6.0537,2.0,9.5,6.1,2.52,Não informado,5.6,5.7,5.4,,,,6.67,5.0,Fase 2 (5° e 6° ano),-2,6.875,2023,Pública,0,,,Risco moderado,Baixo,Alta,Baixo,Baixo
RA-947,ALFA,ALFA M - G0/G1,Aluno-947,,,Masculino,2023,Pública,Ágata,6.3457,2.0,9.0,7.9,7.52,Não informado,3.3,1.7,4.9,,,,5.08,10.0,ALFA (1° e 2° ano),0,4.375,2023,Pública,0,,,Sem risco,Médio,Média,Alto,Baixo
RA-948,ALFA,ALFA M - G0/G1,Aluno-948,,8.0,Feminino,2023,Pública,Ágata,6.5277,2.0,9.0,7.6,7.52,Não informado,0.0,0.0,0.0,,,,8.34,10.0,ALFA (1° e 2° ano),0,6.875,2023,Pública,0,,,Sem risco,Baixo,Média,Alto,Baixo
RA-949,ALFA,ALFA M - G0/G1,Aluno-949,,,Feminino,2023,Pública,Topázio,8.0172,2.0,9.5,8.1,7.52,Não informado,8.9,9.1,8.6,,,,6.5,10.0,ALFA (1° e 2° ano),0,6.25,2023,Pública,0,,,Sem risco,Médio,Alta,Alto,Alto
RA-950,ALFA,ALFA M - G0/G1,Aluno-950,,8.0,Feminino,2023,Pública,Topázio,8.8862,2.0,9.0,10.0,7.52,Não informado,9.3,9.5,9.0,,,,8.17,10.0,ALFA (1° e 2° ano),0,7.5,2023,Pública,0,,,Sem risco,Alto,Média,Alto,Alto
RA-773,ALFA,ALFA M - G0/G1,Aluno-773,,9.0,Feminino,2022,Pública,Ágata,6.9287,2.0,10.0,7.5,2.52,Não informado,7.9,8.0,7.8,,,,7.67,5.0,Fase 1 (3° e 4° ano),-1,5.625,2023,Pública,0,,,Risco moderado,Baixo,Alta,Baixo,Médio
RA-951,ALFA,ALFA M - G0/G1,Aluno-951,,7.0,Feminino,2023,Pública,Topázio,8.8902,2.0,9.5,9.7,7.52,Não informado,8.4,8.5,8.3,,,,9.09,10.0,ALFA (1° e 2° ano),0,7.5,2023,Pública,0,,,Sem risco,Alto,Alta,Alto,Alto
RA-769,ALFA,ALFA N - G2/G3,Aluno-769,,10.0,Feminino,2022,Pública,Ametista,7.85345,2.0,10.0,9.3,3.77,Não informado,8.0,8.2,7.8,,,,8.675,5.0,Fase 2 (5° e 6° ano),-2,7.8125,2023,Pública,0,,,Risco moderado,Alto,Alta,Baixo,Alto
RA-952,ALFA,ALFA N - G2/G3,Aluno-952,,8.0,Masculino,2023,Pública,Topázio,8.37095,2.0,9.5,9.2,3.77,Não informado,9.0,8.8,9.2,,,,8.425,10.0,ALFA (1° e 2° ano),0,7.1875,2023,Pública,0,,,Sem risco,Alto,Alta,Baixo,Alto
RA-826,ALFA,ALFA N - G2/G3,Aluno-826,,,Masculino,2022,Pública,Ametista,7.77645,2.0,10.0,10.0,3.77,Não informado,7.3,7.0,7.5,,,,8.34,5.0,Fase 1 (3° e 4° ano),-1,7.8125,2023,Pública,0,,,Risco moderado,Alto,Alta,Baixo,Médio
RA-953,ALFA,ALFA N - G2/G3,Aluno-953,,,Feminino,2023,Pública,Ametista,7.54005,2.0,7.4,8.8,3.14,Não informado,8.3,8.5,8.0,,,,7.09,10.0,ALFA (1° e 2° ano),0,6.5625,2023,Pública,0,,,Sem risco,Médio,Baixa,Baixo,Médio
RA-954,ALFA,ALFA N - G2/G3,Aluno-954,,8.0,Feminino,2023,Pública,Ágata,6.82375,2.0,0.0,8.3,3.14,Não informado,7.7,7.8,7.5,,,,8.005,10.0,ALFA (1° e 2° ano),0,7.1875,2023,Pública,0,,,Sem risco,Médio,Baixa,Baixo,Baixo
RA-780,ALFA,ALFA N - G2/G3,Aluno-780,,10.0,Feminino,2022,Pública,Ametista,7.7842,2.0,9.5,8.8,3.14,Não informado,8.3,8.0,8.5,,,,8.675,5.0,Fase 2 (5° e 6° ano),-2,8.75,2023,Pública,0,,,Risco moderado,Médio,Alta,Baixo,Alto
RA-955,ALFA,ALFA N - G2/G3,Aluno-955,,10.0,Feminino,2023,Pública,Ametista,7.1297,2.0,9.0,8.8,3.14,Não informado,7.8,8.0,7.5,,,,7.09,5.0,Fase 2 (5° e 6° ano),-2,6.875,2023,Pública,0,,,Risco moderado,Médio,Média,Baixo,Médio
RA-831,ALFA,ALFA N - G2/G3,Aluno-831,,9.0,Masculino,2022,Pública,Ametista,7.71645,2.0,8.0,9.4,3.77,Não informado,8.3,8.8,7.8,,,,8.59,5.0,Fase 1 (3° e 4° ano),-1,7.8125,2023,Pública,0,,,Risco moderado,Alto,Baixa,Baixo,Médio
RA-783,ALFA,ALFA N - G2/G3,Aluno-783,,,Masculino,2021,Pública,Ametista,7.2922,2.0,9.5,6.8,3.77,Não informado,8.9,9.0,8.7,,,,7.925,5.0,Fase 1 (3° e 4° ano),-1,7.5,2023,Pública,0,,,Risco moderado,Baixo,Alta,Baixo,Médio
RA-774,ALFA,ALFA N - G2/G3,Aluno-774,,,Feminino,2022,Pública,Quartzo,5.852,2.0,0.0,9.5,3.14,Não informado,6.9,7.7,6.0,,,,6.34,5.0,Fase 1 (3° e 4° ano),-1,5.0,2023,Pública,0,,,Risco moderado,Alto,Baixa,Baixo,Baixo
RA-748,ALFA,ALFA O - G2/G3,Aluno-748,,,Masculino,2022,Pública,Topázio,8.7142,2.0,9.5,9.7,7.52,Não informado,9.1,9.0,9.2,,,,10.01,5.0,Fase 2 (5° e 6° ano),-2,7.5,2023,Pública,0,,,Risco moderado,Alto,Alta,Alto,Alto
RA-749,ALFA,ALFA O - G2/G3,Aluno-749,,9.0,Masculino,2022,Pública,Ametista,7.7597,2.0,10.0,9.0,7.52,Não informado,7.3,7.3,7.3,,,,8.425,5.0,Fase 1 (3° e 4° ano),-1,5.625,2023,Pública,0,,,Risco moderado,Médio,Alta,Alto,Médio
RA-956,ALFA,ALFA O - G2/G3,Aluno-956,,11.0,Masculino,2023,Pública,Ametista,7.7312,2.0,8.0,7.5,7.52,Não informado,7.8,7.8,7.8,,,,9.345,5.0,Fase 2 (5° e 6° ano),-2,7.5,2023,Pública,0,,,Risco moderado,Baixo,Baixa,Alto,Médio
RA-787,ALFA,ALFA O - G2/G3,Aluno-787,,,Masculino,2022,Pública,Ametista,7.5227,2.0,9.0,9.8,7.52,Não informado,5.9,6.0,5.8,,,,8.34,5.0,Fase 1 (3° e 4° ano),-1,5.625,2023,Pública,0,,,Risco moderado,Alto,Média,Alto,Médio
RA-957,ALFA,ALFA O - G2/G3,Aluno-957,,,Feminino,2023,Pública,Topázio,9.1672,2.0,10.0,9.3,7.52,Não informado,9.1,9.0,9.2,,,,9.925,10.0,ALFA (1° e 2° ano),0,7.5,2023,Pública,0,,,Sem risco,Alto,Alta,Alto,Alto
RA-753,ALFA,ALFA O - G2/G3,Aluno-753,,,Feminino,2022,Pública,Topázio,8.6672,2.0,9.0,9.9,7.52,Não informado,9.0,9.0,9.0,,,,9.925,5.0,Fase 1 (3° e 4° ano),-1,7.5,2023,Pública,0,,,Risco moderado,Alto,Média,Alto,Alto
RA-958,ALFA,ALFA O - G2/G3,Aluno-958,,,Feminino,2023,Pública,Topázio,9.2902,2.0,10.0,9.8,7.52,Não informado,9.3,9.3,9.3,,,,9.84,10.0,ALFA (1° e 2° ano),0,7.5,2023,Pública,0,,,Sem risco,Alto,Alta,Alto,Alto
RA-755,ALFA,ALFA O - G2/G3,Aluno-755,,9.0,Masculino,2022,Pública,Topázio,8.7442,2.0,10.0,9.5,7.52,Não informado,9.2,9.2,9.2,,,,10.01,5.0,Fase 1 (3° e 4° ano),-1,7.5,2023,Pública,0,,,Risco moderado,Alto,Alta,Alto,Alto
RA-763,ALFA,ALFA O - G2/G3,Aluno-763,,10.0,Feminino,2021,Pública,Ágata,6.7215,2.0,0.0,9.2,3.14,Não informado,7.9,7.8,8.0,,,,9.0,5.0,Fase 2 (5° e 6° ano),-2,6.875,2023,Pública,0,,,Risco moderado,Alto,Baixa,Baixo,Baixo
RA-757,ALFA,ALFA O - G2/G3,Aluno-757,,10.0,Feminino,2022,Pública,Topázio,8.6742,2.0,9.0,9.6,7.52,Não informado,9.3,9.5,9.0,,,,10.01,5.0,Fase 2 (5° e 6° ano),-2,7.5,2023,Pública,0,,,Risco moderado,Alto,Média,Alto,Alto
RA-959,ALFA,ALFA O - G2/G3,Aluno-959,,8.0,Masculino,2023,Pública,Topázio,8.6677,2.0,10.0,9.6,7.52,Não informado,7.7,7.7,7.7,,,,8.84,10.0,ALFA (1° e 2° ano),0,6.875,2023,Pública,0,,,Sem risco,Alto,Alta,Alto,Alto
RA-960,ALFA,ALFA O - G2/G3,Aluno-960,,10.0,Masculino,2023,Pública,Ametista,7.0847,2.0,8.5,10.0,7.52,Não informado,6.3,6.5,6.0,,,,5.85,5.0,Fase 2 (5° e 6° ano),-2,5.625,2023,Pública,0,,,Risco moderado,Alto,Média,Alto,Médio
RA-961,ALFA,ALFA O - G2/G3,Aluno-961,,9.0,Masculino,2023,Pública,Quartzo,5.99625,2.0,0.0,8.7,2.52,Não informado,6.2,6.2,6.2,,,,8.665,5.0,Fase 1 (3° e 4° ano),-1,5.3125,2023,Pública,0,,,Risco moderado,Médio,Baixa,Baixo,Baixo
RA-962,ALFA,ALFA Q - G2/G3,Aluno-962,,,Feminino,2023,Pública,Topázio,8.4742,2.0,9.0,9.2,7.52,Não informado,8.7,9.5,7.8,,,,10.01,5.0,Fase 1 (3° e 4° ano),-1,7.5,2023,Pública,0,,,Risco moderado,Alto,Média,Alto,Alto
RA-805,ALFA,ALFA Q - G2/G3,Aluno-805,,9.0,Masculino,2021,Pública,Ágata,6.492,2.0,0.0,9.1,7.52,Não informado,6.8,6.8,6.8,,,,7.175,5.0,Fase 1 (3° e 4° ano),-1,6.25,2023,Pública,0,,,Risco moderado,Médio,Baixa,Alto,Baixo
RA-806,ALFA,ALFA Q - G2/G3,Aluno-806,,9.0,Masculino,2022,Pública,Ametista,7.2937,2.0,8.5,8.3,6.27,Não informado,7.8,7.8,7.7,,,,7.095,5.0,Fase 1 (3° e 4° ano),-1,6.875,2023,Pública,0,,,Risco moderado,Médio,Média,Médio,Médio
RA-807,ALFA,ALFA Q - G2/G3,Aluno-807,,9.0,Masculino,2022,Pública,Ametista,7.8632,2.0,9.5,9.1,7.52,Não informado,8.0,8.3,7.7,,,,8.08,5.0,Fase 1 (3° e 4° ano),-1,6.25,2023,Pública,0,,,Risco moderado,Médio,Alta,Alto,Alto
RA-963,ALFA,ALFA Q - G2/G3,Aluno-963,,,Feminino,2023,Pública,Topázio,8.6142,2.0,9.5,9.8,7.52,Não informado,8.5,8.3,8.7,,,,10.01,5.0,Fase 1 (3° e 4° ano),-1,7.5,2023,Pública,0,,,Risco moderado,Alto,Alta,Alto,Alto
RA-964,ALFA,ALFA Q - G2/G3,Aluno-964,,9.0,Masculino,2023,Pública,Ametista,7.7997,2.0,8.5,9.4,7.52,Não informado,7.2,7.3,7.0,,,,8.5,5.0,Fase 1 (3° e 4° ano),-1,6.875,2023,Pública,0,,,Risco moderado,Alto,Média,Alto,Alto
RA-965,ALFA,ALFA Q - G2/G3,Aluno-965,,9.0,Feminino,2023,Pública,Ágata,6.4832,2.0,8.5,8.2,6.27,Não informado,4.7,5.3,4.0,,,,7.18,5.0,Fase 1 (3° e 4° ano),-1,5.0,2023,Pública,0,,,Risco moderado,Médio,Média,Médio,Baixo
RA-966,ALFA,ALFA Q - G2/G3,Aluno-966,,,Masculino,2023,Pública,Ametista,7.44345,2.0,10.0,10.0,7.52,Não informado,5.0,5.0,5.0,,,,7.675,5.0,Fase 1 (3° e 4° ano),-1,6.5625,2023,Pública,0,,,Risco moderado,Alto,Alta,Alto,Médio
RA-967,ALFA,ALFA Q - G2/G3,Aluno-967,,,Masculino,2023,Pública,Ametista,7.1347,2.0,9.5,8.0,7.52,Não informado,6.5,6.5,6.5,,,,7.35,5.0,Fase 2 (5° e 6° ano),-2,5.625,2023,Pública,0,,,Risco moderado,Médio,Alta,Alto,Médio
RA-968,ALFA,ALFA Q - G2/G3,Aluno-968,,,Feminino,2023,Pública,Topázio,8.4942,2.0,9.0,9.7,7.52,Não informado,8.3,8.0,8.5,,,,10.01,5.0,Fase 1 (3° e 4° ano),-1,7.5,2023,Pública,0,,,Risco moderado,Alto,Média,Alto,Alto
RA-812,ALFA,ALFA Q - G2/G3,Aluno-812,,8.0,Masculino,2022,Pública,Topázio,8.0357,2.0,9.5,9.1,7.52,Não informado,5.8,6.3,5.3,,,,8.33,10.0,ALFA (1° e 2° ano),0,6.875,2023,Pública,0,,,Sem risco,Médio,Alta,Alto,Alto
RA-969,ALFA,ALFA Q - G2/G3,Aluno-969,,8.0,Masculino,2023,Pública,Ametista,7.7692,2.0,8.5,9.7,7.52,Não informado,5.5,6.0,5.0,,,,7.51,10.0,ALFA (1° e 2° ano),0,6.25,2023,Pública,0,,,Sem risco,Alto,Média,Alto,Médio
RA-970,ALFA,ALFA R - G0/G1,Aluno-970,,,Feminino,2023,Pública,Topázio,8.9977,2.0,8.5,8.1,7.52,Não informado,9.4,9.2,9.5,,,,9.84,10.0,ALFA (1° e 2° ano),0,9.375,2023,Pública,0,,,Sem risco,Médio,Média,Alto,Alto
RA-971,ALFA,ALFA R - G0/G1,Aluno-971,,,Masculino,2023,Pública,Ametista,7.0169,2.0,7.8,6.4,3.77,Não informado,6.9,5.5,8.3,,,,8.17,10.0,ALFA (1° e 2° ano),0,5.625,2023,Pública,0,,,Sem risco,Baixo,Baixa,Baixo,Médio
RA-972,ALFA,ALFA R - G0/G1,Aluno-972,,8.0,Masculino,2023,Pública,Ametista,7.5427,2.0,9.0,9.1,3.77,Não informado,6.0,6.2,5.7,,,,7.84,10.0,ALFA (1° e 2° ano),0,6.875,2023,Pública,0,,,Sem risco,Médio,Média,Baixo,Médio
RA-973,ALFA,ALFA R - G0/G1,Aluno-973,,,Masculino,2023,Pública,Quartzo,5.82875,2.0,0.0,8.6,3.77,Não informado,5.2,6.2,4.1,,,,7.415,5.0,Fase 1 (3° e 4° ano),-1,7.1875,2023,Pública,0,,,Risco moderado,Médio,Baixa,Baixo,Baixo
RA-974,ALFA,ALFA R - G0/G1,Aluno-974,,,Masculino,2023,Pública,Topázio,8.4752,2.0,9.0,9.1,3.77,Não informado,8.8,8.8,8.8,,,,9.34,10.0,ALFA (1° e 2° ano),0,7.5,2023,Pública,0,,,Sem risco,Médio,Média,Baixo,Alto
RA-975,ALFA,ALFA R - G0/G1,Aluno-975,,,Feminino,2023,Pública,Ametista,7.7803,2.0,7.9,9.2,7.52,Não informado,6.5,7.2,5.8,,,,7.67,10.0,ALFA (1° e 2° ano),0,5.625,2023,Pública,0,,,Sem risco,Alto,Baixa,Alto,Alto
RA-976,ALFA,ALFA R - G0/G1,Aluno-976,,,Masculino,2023,Pública,Topázio,8.39895,2.0,9.5,9.2,6.27,Não informado,8.6,9.0,8.2,,,,8.34,10.0,ALFA (1° e 2° ano),0,5.9375,2023,Pública,0,,,Sem risco,Alto,Alta,Médio,Alto
RA-977,ALFA,ALFA R - G0/G1,Aluno-977,,7.0,Feminino,2023,Pública,Ametista,7.1717,2.0,8.5,7.4,5.02,Não informado,5.8,5.7,5.9,,,,8.085,10.0,ALFA (1° e 2° ano),0,5.625,2023,Pública,0,,,Sem risco,Baixo,Média,Baixo,Médio
RA-978,ALFA,ALFA R - G0/G1,Aluno-978,,,Feminino,2023,Pública,Topázio,8.3877,2.0,9.0,9.8,3.77,Não informado,8.6,8.7,8.5,,,,9.34,10.0,ALFA (1° e 2° ano),0,5.625,2023,Pública,0,,,Sem risco,Alto,Média,Baixo,Alto
RA-979,ALFA,ALFA S - G2/G3,Aluno-979,,8.0,Masculino,2023,Pública,Topázio,8.1617,2.0,9.5,9.6,6.27,Não informado,6.0,6.0,6.0,,,,9.51,10.0,ALFA (1° e 2° ano),0,5.625,2023,Pública,0,,,Sem risco,Alto,Alta,Médio,Alto
RA-980,ALFA,ALFA S - G2/G3,Aluno-980,,8.0,Feminino,2023,Pública,Ametista,7.1425,2.0,0.0,9.8,5.02,Não informado,6.3,6.5,6.0,,,,9.34,10.0,ALFA (1° e 2° ano),0,5.625,2023,Pública,0,,,Sem risco,Alto,Baixa,Baixo,Médio
RA-808,ALFA,ALFA S - G2/G3,Aluno-808,,9.0,Masculino,2022,Pública,Topázio,8.1932,2.0,10.0,10.0,2.52,Não informado,8.7,8.7,8.7,,,,9.755,5.0,Fase 1 (3° e 4° ano),-1,7.5,2023,Pública,0,,,Risco moderado,Alto,Alta,Baixo,Alto
RA-981,ALFA,ALFA S - G2/G3,Aluno-981,,7.0,Feminino,2023,Pública,Ametista,7.5367,2.0,9.5,9.1,2.52,Não informado,5.8,5.7,5.8,,,,9.01,10.0,ALFA (1° e 2° ano),0,5.625,2023,Pública,0,,,Sem risco,Médio,Alta,Baixo,Médio
RA-982,ALFA,ALFA S - G2/G3,Aluno-982,,7.0,Masculino,2023,Pública,Ametista,7.1215,2.0,0.0,9.1,2.52,Não informado,8.6,8.7,8.5,,,,8.835,10.0,ALFA (1° e 2° ano),0,5.625,2023,Pública,0,,,Sem risco,Médio,Baixa,Baixo,Médio
RA-983,ALFA,ALFA S - G2/G3,Aluno-983,,8.0,Masculino,2023,Pública,Topázio,8.3502,2.0,8.5,9.9,2.52,Não informado,8.8,8.8,8.8,,,,9.415,10.0,ALFA (1° e 2° ano),0,6.25,2023,Pública,0,,,Sem risco,Alto,Média,Baixo,Alto
RA-984,ALFA,ALFA S - G2/G3,Aluno-984,,8.0,Feminino,2023,Pública,Topázio,8.8177,2.0,8.0,9.8,7.52,Não informado,8.3,8.3,8.2,,,,9.84,10.0,ALFA (1° e 2° ano),0,6.875,2023,Pública,0,,,Sem risco,Alto,Baixa,Alto,Alto
RA-985,ALFA,ALFA S - G2/G3,Aluno-985,,8.0,Masculino,2023,Pública,Ametista,7.6247,2.0,9.0,9.3,2.52,Não informado,6.8,7.3,6.2,,,,8.5,10.0,ALFA (1° e 2° ano),0,5.625,2023,Pública,0,,,Sem risco,Alto,Média,Baixo,Médio
RA-986,ALFA,ALFA S - G2/G3,Aluno-986,,8.0,Feminino,2023,Pública,Topázio,8.0107,2.0,9.5,9.1,2.52,Não informado,8.3,8.3,8.3,,,,8.83,10.0,ALFA (1° e 2° ano),0,5.625,2023,Pública,0,,,Sem risco,Médio,Alta,Baixo,Alto
RA-987,ALFA,ALFA S - G2/G3,Aluno-987,,8.0,Masculino,2023,Pública,Ametista,7.6765,2.0,0.0,9.8,6.27,Não informado,7.3,7.5,7.0,,,,9.76,10.0,ALFA (1° e 2° ano),0,6.875,2023,Pública,0,,,Sem risco,Alto,Baixa,Médio,Médio
RA-988,ALFA,ALFA S - G2/G3,Aluno-988,,,Feminino,2023,Pública,Ametista,7.9568,2.0,7.9,8.1,7.52,Não informado,8.5,8.5,8.5,,,,9.84,5.0,Fase 1 (3° e 4° ano),-1,6.25,2023,Pública,0,,,Risco moderado,Médio,Baixa,Alto,Alto
RA-989,ALFA,ALFA S - G2/G3,Aluno-989,,9.0,Masculino,2023,Pública,Ametista,7.7242,2.0,9.5,8.1,2.52,Não informado,8.3,8.7,7.8,,,,10.01,5.0,Fase 1 (3° e 4° ano),-1,7.5,2023,Pública,0,,,Risco moderado,Médio,Alta,Baixo,Médio
RA-677,ALFA,ALFA T - G2/G3,Aluno-677,,9.0,Feminino,2021,Pública,Topázio,8.5257,2.0,10.0,8.2,10.0,Não informado,8.7,9.0,8.3,,,,9.84,5.0,Fase 1 (3° e 4° ano),-1,6.875,2023,Pública,0,,,Risco moderado,Médio,Alta,Alto,Alto
RA-990,ALFA,ALFA T - G2/G3,Aluno-990,,,Masculino,2023,Pública,Ametista,7.254,2.0,0.0,8.5,7.52,Não informado,7.8,8.3,7.2,,,,10.01,5.0,Fase 1 (3° e 4° ano),-1,7.5,2023,Pública,0,,,Risco moderado,Médio,Baixa,Alto,Médio
RA-991,ALFA,ALFA T - G2/G3,Aluno-991,,9.0,Feminino,2023,Pública,Ametista,7.7687,2.0,10.0,9.1,3.14,Não informado,7.7,8.0,7.3,,,,9.585,5.0,Fase 1 (3° e 4° ano),-1,6.875,2023,Pública,0,,,Risco moderado,Médio,Alta,Baixo,Médio
RA-992,ALFA,ALFA T - G2/G3,Aluno-992,,10.0,Masculino,2023,Pública,Ametista,7.2722,2.0,9.5,8.2,3.14,Não informado,8.0,8.2,7.8,,,,8.84,5.0,Fase 2 (5° e 6° ano),-2,5.0,2023,Pública,0,,,Risco moderado,Médio,Alta,Baixo,Médio
RA-703,ALFA,ALFA T - G2/G3,Aluno-703,,11.0,Masculino,2021,Pública,Ágata,6.2737,2.0,9.5,8.4,3.14,Não informado,4.6,4.8,4.3,,,,6.16,5.0,Fase 2 (5° e 6° ano),-2,6.875,2023,Pública,0,,,Risco moderado,Médio,Alta,Baixo,Baixo
RA-993,ALFA,ALFA T - G2/G3,Aluno-993,,8.0,Feminino,2023,Pública,Topázio,8.7592,2.0,9.5,9.8,3.77,Não informado,8.6,8.5,8.7,,,,10.01,10.0,ALFA (1° e 2° ano),0,7.5,2023,Pública,0,,,Sem risco,Alto,Alta,Baixo,Alto
RA-674,ALFA,ALFA T - G2/G3,Aluno-674,,9.0,Masculino,2022,Pública,Ágata,6.6328,2.0,7.9,8.5,3.77,Não informado,5.2,5.3,5.0,,,,8.67,5.0,Fase 1 (3° e 4° ano),-1,5.0,2023,Pública,0,,,Risco moderado,Médio,Baixa,Baixo,Baixo
RA-994,ALFA,ALFA T - G2/G3,Aluno-994,,8.0,Feminino,2023,Pública,Ametista,7.4127,2.0,9.5,9.4,3.77,Não informado,6.0,6.2,5.7,,,,7.265,10.0,ALFA (1° e 2° ano),0,5.625,2023,Pública,0,,,Sem risco,Alto,Alta,Baixo,Médio
RA-995,ALFA,ALFA T - G2/G3,Aluno-995,,,Feminino,2023,Pública,Ágata,6.4782,2.0,9.5,7.9,3.77,Não informado,5.1,5.3,4.8,,,,7.18,5.0,Fase 2 (5° e 6° ano),-2,6.25,2023,Pública,0,,,Risco moderado,Médio,Alta,Baixo,Baixo
RA-996,ALFA,ALFA T - G2/G3,Aluno-996,,9.0,Masculino,2023,Pública,Topázio,8.1892,2.0,10.0,9.2,3.77,Não informado,8.6,8.7,8.5,,,,10.01,5.0,Fase 1 (3° e 4° ano),-1,7.5,2023,Pública,0,,,Risco moderado,Alto,Alta,Baixo,Alto
RA-997,ALFA,ALFA T - G2/G3,Aluno-997,,8.0,Masculino,2023,Pública,Ametista,7.5687,2.0,7.5,8.7,3.77,Não informado,7.1,7.2,7.0,,,,8.595,10.0,ALFA (1° e 2° ano),0,5.625,2023,Pública,0,,,Sem risco,Médio,Baixa,Baixo,Médio
RA-998,ALFA,ALFA U - G2/G3,Aluno-998,,11.0,Feminino,2023,Pública,Ametista,7.9752,2.0,9.5,9.3,3.77,Não informado,7.9,8.0,7.7,,,,9.84,5.0,Fase 2 (5° e 6° ano),-2,7.5,2023,Pública,0,,,Risco moderado,Alto,Alta,Baixo,Alto
RA-999,ALFA,ALFA U - G2/G3,Aluno-999,,,Masculino,2023,Pública,Topázio,8.0352,2.0,9.0,9.4,3.77,Não informado,8.3,8.3,8.3,,,,9.84,5.0,Fase 1 (3° e 4° ano),-1,7.5,2023,Pública,0,,,Risco moderado,Alto,Média,Baixo,Alto
RA-750,ALFA,ALFA U - G2/G3,Aluno-750,,,Masculino,2019,Pública,Quartzo,5.6857,2.0,9.5,7.7,3.14,Não informado,3.4,3.3,3.5,,,,6.32,5.0,Fase 2 (5° e 6° ano),-2,4.375,2023,Pública,0,,,Risco moderado,Baixo,Alta,Baixo,Baixo
RA-770,ALFA,ALFA U - G2/G3,Aluno-770,,,Masculino,2022,Pública,Ágata,6.6785,2.0,0.0,8.3,3.77,Não informado,5.9,6.0,5.7,,,,8.92,10.0,ALFA (1° e 2° ano),0,6.875,2023,Pública,0,,,Sem risco,Médio,Baixa,Baixo,Baixo
RA-771,ALFA,ALFA U - G2/G3,Aluno-771,,,Feminino,2022,Pública,Ametista,7.056,2.0,0.0,8.8,3.14,Não informado,8.2,8.2,8.2,,,,8.585,10.0,ALFA (1° e 2° ano),0,6.25,2023,Pública,0,,,Sem risco,Médio,Baixa,Baixo,Médio
RA-1000,ALFA,ALFA U - G2/G3,Aluno-1000,,8.0,Feminino,2023,Pública,Ametista,7.9162,2.0,8.5,9.4,3.77,Não informado,7.0,7.0,7.0,,,,8.92,10.0,ALFA (1° e 2° ano),0,6.25,2023,Pública,0,,,Sem risco,Alto,Média,Baixo,Alto
RA-830,ALFA,ALFA U - G2/G3,Aluno-830,,9.0,Feminino,2022,Pública,Ágata,6.78,2.0,0.0,8.9,3.14,Não informado,8.3,8.3,8.3,,,,9.505,5.0,Fase 1 (3° e 4° ano),-1,6.25,2023,Pública,0,,,Risco moderado,Médio,Baixa,Baixo,Baixo
RA-1001,ALFA,ALFA U - G2/G3,Aluno-1001,,9.0,Feminino,2023,Pública,Topázio,8.1162,2.0,9.0,9.1,7.52,Não informado,7.8,8.3,7.3,,,,9.17,5.0,Fase 1 (3° e 4° ano),-1,7.5,2023,Pública,0,,,Risco moderado,Médio,Média,Alto,Alto
RA-1002,ALFA,ALFA U - G2/G3,Aluno-1002,,9.0,Feminino,2023,Pública,Ametista,7.9012,2.0,9.0,9.7,7.52,Não informado,7.0,7.0,7.0,,,,8.92,5.0,Fase 1 (3° e 4° ano),-1,6.25,2023,Pública,0,,,Risco moderado,Alto,Média,Alto,Alto
RA-1003,ALFA,ALFA V - G0/G1,Aluno-1003,,8.0,Masculino,2023,Pública,Ametista,7.6522,2.0,9.0,8.5,7.52,Não informado,4.0,8.0,0.0,,,,8.75,10.0,ALFA (1° e 2° ano),0,7.5,2023,Pública,0,,,Sem risco,Médio,Média,Alto,Médio
RA-835,ALFA,ALFA V - G0/G1,Aluno-835,,8.0,Masculino,2022,Pública,Topázio,8.2467,2.0,8.0,8.5,7.52,Não informado,8.7,8.5,8.9,,,,7.835,10.0,ALFA (1° e 2° ano),0,6.875,2023,Pública,0,,,Sem risco,Médio,Baixa,Alto,Alto
RA-1004,ALFA,ALFA V - G0/G1,Aluno-1004,,8.0,Feminino,2023,Pública,Topázio,8.3137,2.0,9.0,9.6,7.52,Não informado,7.9,6.5,9.2,,,,7.42,10.0,ALFA (1° e 2° ano),0,6.875,2023,Pública,0,,,Sem risco,Alto,Média,Alto,Alto
RA-1005,ALFA,ALFA V - G0/G1,Aluno-1005,,8.0,Masculino,2023,Pública,Topázio,8.4252,2.0,9.5,7.9,7.52,Não informado,8.8,8.4,9.2,,,,8.165,10.0,ALFA (1° e 2° ano),0,7.5,2023,Pública,0,,,Sem risco,Médio,Alta,Alto,Alto
RA-1006,ALFA,ALFA V - G0/G1,Aluno-1006,,8.0,Feminino,2023,Pública,Topázio,8.5922,2.0,9.0,9.3,7.52,Não informado,8.7,8.7,8.6,,,,8.0,10.0,ALFA (1° e 2° ano),0,7.5,2023,Pública,0,,,Sem risco,Alto,Média,Alto,Alto
RA-705,ALFA,ALFA V - G0/G1,Aluno-705,,10.0,Masculino,2022,Pública,Ágata,6.982,2.0,0.0,8.3,6.89,Não informado,8.8,8.9,8.6,,,,8.165,5.0,Fase 2 (5° e 6° ano),-2,7.5,2023,Pública,0,,,Risco moderado,Médio,Baixa,Médio,Médio
RA-1007,ALFA,ALFA V - G0/G1,Aluno-1007,,,Masculino,2023,Pública,Topázio,8.0782,2.0,9.0,7.4,7.52,Não informado,8.3,8.1,8.5,,,,7.68,10.0,ALFA (1° e 2° ano),0,7.5,2023,Pública,0,,,Sem risco,Baixo,Média,Alto,Alto
RA-1008,ALFA,ALFA V - G0/G1,Aluno-1008,,8.0,Masculino,2023,Pública,Topázio,8.13595,2.0,9.0,8.6,7.52,Não informado,8.4,7.5,9.2,,,,7.5,10.0,ALFA (1° e 2° ano),0,5.9375,2023,Pública,0,,,Sem risco,Médio,Média,Alto,Alto
RA-729,ALFA,ALFA V - G0/G1,Aluno-729,,,Feminino,2022,Pública,Ametista,7.26545,2.0,8.0,9.1,3.77,Não informado,8.6,8.2,8.9,,,,7.01,5.0,Fase 1 (3° e 4° ano),-1,6.5625,2023,Pública,0,,,Risco moderado,Médio,Baixa,Baixo,Médio
RA-1009,ALFA,ALFA Y - G0/G1,Aluno-1009,,8.0,Masculino,2023,Pública,Ametista,7.245,2.0,0.0,9.0,3.77,Não informado,8.8,8.3,9.2,,,,7.84,10.0,ALFA (1° e 2° ano),0,7.5,2023,Pública,0,,,Sem risco,Médio,Baixa,Baixo,Médio
RA-1010,ALFA,ALFA Y - G0/G1,Aluno-1010,,8.0,Masculino,2023,Pública,Topázio,8.70645,2.0,9.5,10.0,3.77,Não informado,9.4,9.0,9.8,,,,8.59,10.0,ALFA (1° e 2° ano),0,7.8125,2023,Pública,0,,,Sem risco,Alto,Alta,Baixo,Alto
RA-1011,ALFA,ALFA Y - G0/G1,Aluno-1011,,,Masculino,2023,Pública,Ametista,7.33095,2.0,9.5,8.6,3.77,Não informado,5.2,5.5,4.8,,,,7.675,10.0,ALFA (1° e 2° ano),0,7.1875,2023,Pública,0,,,Sem risco,Médio,Alta,Baixo,Médio
RA-1012,ALFA,ALFA Y - G0/G1,Aluno-1012,,8.0,Feminino,2023,Pública,Ametista,7.96495,2.0,10.0,9.9,3.77,Não informado,6.6,7.0,6.2,,,,7.845,10.0,ALFA (1° e 2° ano),0,7.1875,2023,Pública,0,,,Sem risco,Alto,Alta,Baixo,Alto
RA-1013,ALFA,ALFA Y - G0/G1,Aluno-1013,,7.0,Masculino,2023,Pública,Ametista,7.6237,2.0,9.0,9.6,4.39,Não informado,8.3,7.0,9.5,,,,5.76,10.0,ALFA (1° e 2° ano),0,5.625,2023,Pública,0,,,Sem risco,Alto,Média,Baixo,Médio
RA-1014,ALFA,ALFA Y - G0/G1,Aluno-1014,,,Feminino,2023,Pública,Topázio,8.2582,2.0,9.0,9.7,3.77,Não informado,8.2,7.7,8.7,,,,8.255,10.0,ALFA (1° e 2° ano),0,7.5,2023,Pública,0,,,Sem risco,Alto,Média,Baixo,Alto
RA-1015,FASE 1,1A,Aluno-1015,,10.0,Feminino,2023,Pública,Ametista,7.538908333,3.0,10.0,9.3,6.27,Não informado,6.3,5.0,7.6,,,,7.786666667,5.0,Fase 2 (5° e 6° ano),-1,7.34375,2023,Pública,1,,,Risco moderado,Alto,Alta,Médio,Médio
RA-734,FASE 1,1A,Aluno-734,,11.0,Feminino,2022,Pública,Ametista,7.305908333,3.0,8.5,8.0,7.52,Não informado,6.9,6.8,7.0,,,,7.446666667,5.0,Fase 2 (5° e 6° ano),-1,7.34375,2023,Pública,1,,,Risco moderado,Médio,Média,Alto,Médio
RA-687,FASE 1,1A,Aluno-687,,10.0,Masculino,2022,Pública,Ametista,7.617533333,3.0,8.0,9.0,7.52,Não informado,6.9,6.7,7.0,,,,8.226666667,5.0,Fase 2 (5° e 6° ano),-1,7.5,2023,Pública,1,,,Risco moderado,Médio,Baixa,Alto,Médio
RA-1016,FASE 1,1A,Aluno-1016,,10.0,Feminino,2023,Pública,Ametista,7.762575,3.0,10.0,9.5,7.52,Não informado,6.7,5.8,7.5,,,,7.73,5.0,Fase 2 (5° e 6° ano),-1,7.34375,2023,Pública,1,,,Risco moderado,Alto,Alta,Alto,Médio
RA-1017,FASE 1,1A,Aluno-1017,,,Masculino,2023,Pública,Ágata,6.505333333,3.0,0.0,8.0,5.02,Não informado,7.7,7.0,8.3,,,,8.116666667,5.0,Fase 2 (5° e 6° ano),-1,7.5,2023,Pública,1,,,Risco moderado,Médio,Baixa,Baixo,Baixo
RA-688,FASE 1,1A,Aluno-688,,10.0,Masculino,2022,Pública,Topázio,8.0442,3.0,8.5,9.3,7.52,Não informado,8.6,8.2,9.0,,,,8.06,5.0,Fase 2 (5° e 6° ano),-1,7.5,2023,Pública,1,,,Risco moderado,Alto,Média,Alto,Alto
RA-1018,FASE 1,1A,Aluno-1018,,,Masculino,2023,Pública,Ágata,6.824,3.0,0.0,8.5,5.02,Não informado,6.3,5.8,6.8,,,,8.06,10.0,Fase 1 (3° e 4° ano),0,7.5,2023,Pública,1,,,Sem risco,Médio,Baixa,Baixo,Baixo
RA-696,FASE 1,1A,Aluno-696,,,Feminino,2021,Pública,Ametista,7.172666667,3.0,0.0,9.4,5.02,Não informado,6.7,5.2,8.2,,,,8.503333333,10.0,Fase 1 (3° e 4° ano),0,7.5,2023,Pública,1,,,Sem risco,Alto,Baixa,Baixo,Médio
RA-1019,FASE 1,1A,Aluno-1019,,8.0,Feminino,2023,Pública,Ametista,7.177033333,3.0,7.5,9.1,5.02,Não informado,4.3,0.5,8.0,,,,7.836666667,10.0,ALFA (1° e 2° ano),1,6.875,2023,Pública,1,,,Sem risco,Médio,Baixa,Baixo,Médio
RA-514,FASE 1,1A,Aluno-514,,,Feminino,2022,Pública,Quartzo,5.823133333,3.0,7.9,7.5,2.52,Não informado,5.5,4.2,6.8,,,,5.896666667,5.0,Fase 2 (5° e 6° ano),-1,5.0,2023,Pública,1,,,Risco moderado,Baixo,Baixa,Baixo,Baixo
RA-1020,FASE 1,1A,Aluno-1020,,9.0,Feminino,2023,Pública,Ametista,7.612283333,3.0,10.0,9.1,2.52,Não informado,6.1,4.3,7.8,,,,8.056666667,10.0,Fase 1 (3° e 4° ano),0,7.1875,2023,Pública,1,,,Sem risco,Médio,Alta,Baixo,Médio
RA-1021,FASE 1,1A,Aluno-1021,,,Masculino,2023,Pública,Ágata,6.964616667,3.0,8.0,9.2,3.77,Não informado,3.3,2.5,4.0,,,,7.893333333,10.0,Fase 1 (3° e 4° ano),0,7.1875,2023,Pública,1,,,Sem risco,Alto,Baixa,Baixo,Médio
RA-1022,FASE 1,1A,Aluno-1022,,9.0,Masculino,2023,Pública,Ametista,7.164616667,3.0,8.5,8.5,3.77,Não informado,4.7,4.7,4.7,,,,7.893333333,10.0,Fase 1 (3° e 4° ano),0,7.1875,2023,Pública,1,,,Sem risco,Médio,Média,Baixo,Médio
RA-1023,FASE 1,1A,Aluno-1023,,,Feminino,2023,Pública,Topázio,9.1342,3.0,10.0,10.0,6.27,Não informado,9.1,8.5,9.7,,,,9.06,10.0,Fase 1 (3° e 4° ano),0,8.75,2023,Pública,1,,,Sem risco,Alto,Alta,Médio,Alto
RA-699,FASE 1,1A,Aluno-699,,10.0,Masculino,2022,Pública,Ágata,6.389991667,3.0,8.5,8.3,3.77,Não informado,6.0,5.7,6.2,,,,6.173333333,5.0,Fase 2 (5° e 6° ano),-1,5.78125,2023,Pública,1,,,Risco moderado,Médio,Média,Baixo,Baixo
RA-480,FASE 1,1B,Aluno-480,,11.0,Feminino,2021,Pública,Topázio,8.226408333,3.0,10.0,9.7,7.52,Não informado,7.9,7.2,8.5,,,,8.336666667,5.0,Fase 2 (5° e 6° ano),-1,7.96875,2023,Pública,1,,,Risco moderado,Alto,Alta,Alto,Alto
RA-678,FASE 1,1B,Aluno-678,,10.0,Masculino,2022,Pública,Ametista,7.570158333,3.0,8.0,8.8,6.27,Não informado,7.3,6.8,7.7,,,,8.336666667,5.0,Fase 2 (5° e 6° ano),-1,7.65625,2023,Pública,1,,,Risco moderado,Médio,Baixa,Médio,Médio
RA-1024,FASE 1,1B,Aluno-1024,,10.0,Feminino,2023,Pública,Ametista,7.788875,3.0,0.0,10.0,6.27,Não informado,9.8,10.0,9.5,,,,8.95,5.0,Fase 2 (5° e 6° ano),-1,9.21875,2023,Pública,1,,,Risco moderado,Alto,Baixa,Médio,Alto
RA-502,FASE 1,1B,Aluno-502,,9.0,Feminino,2021,Privada - Programa de Apadrinhamento,Topázio,8.749075,3.0,8.5,9.8,7.52,Não informado,8.0,6.7,9.3,,,,8.95,10.0,Fase 1 (3° e 4° ano),0,7.96875,2023,Privada,1,,,Sem risco,Alto,Média,Alto,Alto
RA-1025,FASE 1,1B,Aluno-1025,,9.0,Masculino,2023,Pública,Topázio,8.215158333,3.0,8.5,8.9,7.52,Não informado,7.5,7.5,7.5,,,,7.836666667,10.0,Fase 1 (3° e 4° ano),0,7.65625,2023,Pública,1,,,Sem risco,Médio,Média,Alto,Alto
RA-680,FASE 1,1B,Aluno-680,,,Feminino,2019,Pública,Ágata,6.5855,3.0,0.0,9.1,7.52,Não informado,6.4,5.2,7.5,,,,7.78,5.0,Fase 2 (5° e 6° ano),-1,6.875,2023,Pública,1,,,Risco moderado,Médio,Baixa,Alto,Baixo
RA-1026,FASE 1,1B,Aluno-1026,,,Feminino,2023,Pública,Ágata,6.494825,3.0,8.5,9.8,7.52,Não informado,3.2,2.3,4.0,,,,7.06,2.5,Fase 4 (9° ano),-3,6.40625,2023,Pública,1,,,Alto risco,Alto,Média,Alto,Baixo
RA-698,FASE 1,1B,Aluno-698,,9.0,Masculino,2021,Pública,Ametista,7.553616667,3.0,8.5,9.9,2.52,Não informado,5.7,4.3,7.0,,,,8.113333333,10.0,Fase 1 (3° e 4° ano),0,7.1875,2023,Pública,1,,,Sem risco,Alto,Média,Baixo,Médio
RA-533,FASE 1,1B,Aluno-533,,,Masculino,2022,Pública,Ametista,7.434866667,3.0,9.0,9.3,7.52,Não informado,5.8,4.8,6.7,,,,7.613333333,5.0,Fase 2 (5° e 6° ano),-1,7.5,2023,Pública,1,,,Risco moderado,Alto,Média,Alto,Médio
RA-504,FASE 1,1B,Aluno-504,,9.0,Feminino,2021,Pública,Topázio,8.299533333,3.0,8.0,8.3,7.52,Não informado,7.9,6.5,9.2,,,,8.836666667,10.0,Fase 1 (3° e 4° ano),0,7.5,2023,Pública,1,,,Sem risco,Médio,Baixa,Alto,Alto
RA-1027,FASE 1,1B,Aluno-1027,,10.0,Feminino,2023,Pública,Ametista,7.748866667,3.0,9.5,9.7,7.52,Não informado,6.0,4.2,7.7,,,,8.333333333,5.0,Fase 2 (5° e 6° ano),-1,7.5,2023,Pública,1,,,Risco moderado,Alto,Alta,Alto,Médio
RA-529,FASE 1,1B,Aluno-529,,,Masculino,2020,Pública,Ametista,7.278991667,3.0,8.0,9.6,7.52,Não informado,6.8,4.8,8.7,,,,6.893333333,5.0,Fase 3 (7° e 8° ano),-2,5.78125,2023,Pública,1,,,Risco moderado,Alto,Baixa,Alto,Médio
RA-1028,FASE 1,1B,Aluno-1028,,11.0,Masculino,2023,Pública,Ágata,6.415708333,3.0,0.0,9.2,7.52,Não informado,5.0,5.0,5.0,,,,7.946666667,5.0,Fase 2 (5° e 6° ano),-1,7.34375,2023,Pública,1,,,Risco moderado,Alto,Baixa,Alto,Baixo
RA-686,FASE 1,1C,Aluno-686,,10.0,Feminino,2022,Pública,Ametista,7.9642,3.0,8.5,9.0,7.52,Não informado,8.0,7.3,8.7,,,,8.56,5.0,Fase 2 (5° e 6° ano),-1,7.5,2023,Pública,1,,,Risco moderado,Médio,Média,Alto,Alto
RA-1029,FASE 1,1C,Aluno-1029,,9.0,Feminino,2023,Pública,Ametista,7.058533333,3.0,10.0,6.3,3.77,Não informado,5.4,3.5,7.2,,,,8.006666667,10.0,Fase 1 (3° e 4° ano),0,7.5,2023,Pública,1,,,Sem risco,Baixo,Alta,Baixo,Médio
RA-1030,FASE 1,1C,Aluno-1030,,,Masculino,2023,Pública,Ametista,7.4027,3.0,8.5,9.7,3.77,Não informado,6.9,6.2,7.5,,,,8.39,5.0,Fase 2 (5° e 6° ano),-1,6.875,2023,Pública,1,,,Risco moderado,Alto,Média,Baixo,Médio
RA-522,FASE 1,1C,Aluno-522,,,Masculino,2021,Pública,Ametista,7.890533333,3.0,7.5,9.2,7.52,Não informado,8.3,8.3,8.2,,,,8.45,5.0,Fase 2 (5° e 6° ano),-1,7.083333333,2023,Pública,1,,,Risco moderado,Alto,Baixa,Alto,Alto
RA-501,FASE 1,1C,Aluno-501,,10.0,Masculino,2021,Pública,Topázio,8.1357,3.0,7.0,8.4,7.52,Não informado,8.9,9.2,8.5,,,,9.396666667,5.0,Fase 2 (5° e 6° ano),-1,8.541666667,2023,Pública,1,,,Risco moderado,Médio,Baixa,Alto,Alto
RA-692,FASE 1,1C,Aluno-692,,10.0,Feminino,2021,Privada,Ágata,6.588466667,3.0,7.4,7.7,7.52,Não informado,4.6,2.8,6.3,,,,7.39,5.0,Fase 2 (5° e 6° ano),-1,6.666666667,2023,Privada,1,,,Risco moderado,Baixo,Baixa,Alto,Baixo
RA-527,FASE 1,1C,Aluno-527,,,Feminino,2022,Pública,Ametista,7.5682,3.0,9.0,9.1,7.52,Não informado,6.5,5.7,7.2,,,,7.78,5.0,Fase 2 (5° e 6° ano),-1,7.5,2023,Pública,1,,,Risco moderado,Médio,Média,Alto,Médio
RA-1031,FASE 1,1D,Aluno-1031,,10.0,Masculino,2023,Pública,Ametista,7.0602,3.0,8.0,8.8,7.52,Não informado,5.9,4.8,7.0,,,,7.006666667,5.0,Fase 2 (5° e 6° ano),-1,6.666666667,2023,Pública,1,,,Risco moderado,Médio,Baixa,Alto,Médio
RA-1032,FASE 1,1D,Aluno-1032,,,Masculino,2023,Pública,Ametista,7.434033333,3.0,8.5,9.5,7.52,Não informado,6.0,5.7,6.2,,,,7.563333333,5.0,Fase 2 (5° e 6° ano),-1,7.291666667,2023,Pública,1,,,Risco moderado,Alto,Média,Alto,Médio
RA-1033,FASE 1,1D,Aluno-1033,,,Feminino,2023,Pública,Topázio,8.126033333,3.0,9.0,8.9,7.52,Não informado,7.9,7.0,8.8,,,,9.006666667,5.0,Fase 2 (5° e 6° ano),-1,8.125,2023,Pública,1,,,Risco moderado,Médio,Média,Alto,Alto
RA-1034,FASE 1,1D,Aluno-1034,,10.0,Masculino,2023,Pública,Ametista,7.9642,3.0,7.5,9.0,7.52,Não informado,8.3,7.8,8.7,,,,8.393333333,5.0,Fase 2 (5° e 6° ano),-1,8.333333333,2023,Pública,1,,,Risco moderado,Médio,Baixa,Alto,Alto
RA-1035,FASE 1,1D,Aluno-1035,,9.0,Masculino,2023,Pública,Ágata,6.888833333,3.0,0.0,8.3,7.52,Não informado,5.8,4.0,7.5,,,,7.78,10.0,Fase 1 (3° e 4° ano),0,7.708333333,2023,Pública,1,,,Sem risco,Médio,Baixa,Alto,Baixo
RA-730,FASE 1,1F,Aluno-730,,10.0,Feminino,2021,Privada,Ametista,7.979325,3.0,10.0,8.7,5.02,Não informado,7.8,7.8,7.7,,,,8.67,5.0,Fase 2 (5° e 6° ano),-1,9.53125,2023,Privada,1,,,Risco moderado,Médio,Alta,Baixo,Alto
RA-855,FASE 1,1F,Aluno-855,,9.0,Feminino,2022,Pública,Topázio,8.62995,3.0,9.5,10.0,7.52,Não informado,6.8,5.2,8.3,,,,8.67,10.0,Fase 1 (3° e 4° ano),0,8.4375,2023,Pública,1,,,Sem risco,Alto,Alta,Alto,Alto
RA-820,FASE 1,1F,Aluno-820,,10.0,Masculino,2022,Pública,Ametista,7.85605,3.0,7.9,7.4,7.52,Não informado,8.9,9.2,8.5,,,,8.28,5.0,Fase 2 (5° e 6° ano),-1,9.0625,2023,Pública,1,,,Risco moderado,Baixo,Baixa,Alto,Alto
RA-738,FASE 1,1F,Aluno-738,,,Feminino,2022,Pública,Topázio,8.123283333,3.0,8.0,9.3,7.52,Não informado,6.0,4.2,7.8,,,,8.336666667,10.0,Fase 1 (3° e 4° ano),0,8.4375,2023,Pública,1,,,Sem risco,Alto,Baixa,Alto,Alto
RA-1036,FASE 1,1F,Aluno-1036,,11.0,Feminino,2023,Pública,Ágata,6.970583333,3.0,0.0,9.6,3.77,Não informado,8.0,9.0,7.0,,,,8.336666667,5.0,Fase 2 (5° e 6° ano),-1,9.0625,2023,Pública,1,,,Risco moderado,Alto,Baixa,Baixo,Médio
RA-1037,FASE 1,1F,Aluno-1037,,10.0,Masculino,2023,Pública,Ametista,7.655575,3.0,9.0,8.4,7.52,Não informado,6.7,5.0,8.3,,,,8.17,5.0,Fase 2 (5° e 6° ano),-1,8.59375,2023,Pública,1,,,Risco moderado,Médio,Média,Alto,Médio
RA-576,FASE 1,1F,Aluno-576,,11.0,Feminino,2022,Pública,Ametista,7.984741667,3.0,9.0,9.3,5.02,Não informado,8.0,6.5,9.5,,,,8.503333333,5.0,Fase 2 (5° e 6° ano),-1,9.21875,2023,Pública,1,,,Risco moderado,Alto,Média,Baixo,Alto
RA-1038,FASE 1,1F,Aluno-1038,,10.0,Feminino,2023,Privada,Ametista,7.736825,3.0,8.0,9.3,7.52,Não informado,6.5,7.5,5.5,,,,8.17,5.0,Fase 2 (5° e 6° ano),-1,8.90625,2023,Privada,1,,,Risco moderado,Alto,Baixa,Alto,Médio
RA-1039,FASE 1,1F,Aluno-1039,,,Masculino,2023,Pública,Ametista,7.686033333,3.0,8.0,9.9,7.52,Não informado,6.2,6.0,6.3,,,,8.056666667,5.0,Fase 3 (7° e 8° ano),-2,8.125,2023,Pública,1,,,Risco moderado,Alto,Baixa,Alto,Médio
RA-1040,FASE 1,1F,Aluno-1040,,,Masculino,2023,Pública,Ametista,7.81545,3.0,10.0,9.3,7.52,Não informado,6.6,5.8,7.3,,,,8.06,5.0,Fase 2 (5° e 6° ano),-1,7.8125,2023,Pública,1,,,Risco moderado,Alto,Alta,Alto,Alto
RA-1041,FASE 1,1F,Aluno-1041,,10.0,Feminino,2023,Pública,Ágata,6.724116667,3.0,10.0,7.2,7.52,Não informado,3.3,1.8,4.7,,,,8.003333333,5.0,Fase 2 (5° e 6° ano),-1,7.8125,2023,Pública,1,,,Risco moderado,Baixo,Alta,Alto,Baixo
RA-733,FASE 1,1G,Aluno-733,,9.0,Feminino,2022,Pública,Topázio,8.3342,3.0,10.0,8.7,7.52,Não informado,6.2,4.3,8.0,,,,8.893333333,10.0,Fase 1 (3° e 4° ano),0,8.333333333,2023,Pública,1,,,Sem risco,Médio,Alta,Alto,Alto
RA-837,FASE 1,1G,Aluno-837,,,Masculino,2022,Pública,Topázio,8.2712,3.0,9.0,9.3,7.52,Não informado,7.0,6.3,7.7,,,,7.836666667,10.0,Fase 1 (3° e 4° ano),0,7.916666667,2023,Pública,1,,,Sem risco,Alto,Média,Alto,Alto
RA-519,FASE 1,1G,Aluno-519,,10.0,Masculino,2022,Pública,Topázio,8.0177,3.0,9.0,9.9,7.52,Não informado,7.4,7.5,7.2,,,,8.223333333,5.0,Fase 2 (5° e 6° ano),-1,7.708333333,2023,Pública,1,,,Risco moderado,Alto,Média,Alto,Alto
RA-521,FASE 1,1G,Aluno-521,,,Masculino,2022,Pública,Ágata,6.768666667,3.0,0.0,9.9,3.77,Não informado,7.9,7.0,8.7,,,,8.166666667,5.0,Fase 2 (5° e 6° ano),-1,7.083333333,2023,Pública,1,,,Risco moderado,Alto,Baixa,Baixo,Baixo
RA-1042,FASE 1,1G,Aluno-1042,,,Masculino,2023,Pública,Quartzo,5.331166667,3.0,0.0,6.5,3.77,Não informado,4.3,4.0,4.5,,,,7.666666667,5.0,Fase 2 (5° e 6° ano),-1,7.708333333,2023,Pública,1,,,Risco moderado,Baixo,Baixa,Baixo,Baixo
RA-713,FASE 1,1G,Aluno-713,,10.0,Masculino,2021,Pública,Ametista,7.408033333,3.0,8.0,9.6,3.77,Não informado,7.5,6.7,8.2,,,,8.166666667,5.0,Fase 2 (5° e 6° ano),-1,6.875,2023,Pública,1,,,Risco moderado,Alto,Baixa,Baixo,Médio
RA-736,FASE 1,1G,Aluno-736,,10.0,Masculino,2022,Pública,Ametista,7.600033333,3.0,8.5,9.5,6.27,Não informado,6.7,4.8,8.5,,,,8.11,5.0,Fase 2 (5° e 6° ano),-1,7.708333333,2023,Pública,1,,,Risco moderado,Alto,Média,Médio,Médio
RA-1043,FASE 1,1G,Aluno-1043,,10.0,Masculino,2023,Pública,Ágata,6.5447,3.0,10.0,7.9,6.27,Não informado,2.5,2.0,3.0,,,,7.833333333,5.0,Fase 2 (5° e 6° ano),-1,7.708333333,2023,Pública,1,,,Risco moderado,Médio,Alta,Médio,Baixo
RA-716,FASE 1,1G,Aluno-716,,10.0,Masculino,2022,Pública,Ágata,6.813366667,3.0,9.0,8.7,3.77,Não informado,5.6,5.0,6.2,,,,7.443333333,5.0,Fase 2 (5° e 6° ano),-1,6.875,2023,Pública,1,,,Risco moderado,Médio,Média,Baixo,Baixo
RA-1044,FASE 1,1G,Aluno-1044,,10.0,Feminino,2023,Pública,Ametista,7.629533333,3.0,8.0,9.7,7.52,Não informado,6.1,4.5,7.7,,,,8.336666667,5.0,Fase 2 (5° e 6° ano),-1,7.5,2023,Pública,1,,,Risco moderado,Alto,Baixa,Alto,Médio
RA-745,FASE 1,1G,Aluno-745,,,Masculino,2021,Privada - Programa de Apadrinhamento,Ametista,7.668366667,3.0,9.5,9.3,3.77,Não informado,7.0,5.7,8.2,,,,8.893333333,5.0,Fase 2 (5° e 6° ano),-1,8.125,2023,Privada,1,,,Risco moderado,Alto,Alta,Baixo,Médio
RA-717,FASE 1,1G,Aluno-717,,11.0,Feminino,2021,Pública,Ágata,6.633833333,3.0,0.0,8.5,7.52,Não informado,5.9,5.5,6.3,,,,8.446666667,5.0,Fase 2 (5° e 6° ano),-1,8.125,2023,Pública,1,,,Risco moderado,Médio,Baixa,Alto,Baixo
RA-718,FASE 1,1G,Aluno-718,,,Feminino,2022,Pública,Topázio,8.166866667,3.0,9.5,9.1,3.77,Não informado,7.8,6.3,9.2,,,,8.39,10.0,Fase 1 (3° e 4° ano),0,7.916666667,2023,Pública,1,,,Sem risco,Médio,Alta,Baixo,Alto
RA-721,FASE 1,1G,Aluno-721,,9.0,Feminino,2021,Pública,Topázio,8.683366667,3.0,8.5,9.5,7.52,Não informado,8.4,7.5,9.3,,,,8.443333333,10.0,Fase 1 (3° e 4° ano),0,8.125,2023,Pública,1,,,Sem risco,Alto,Média,Alto,Alto
RA-746,FASE 1,1G,Aluno-746,,,Masculino,2022,Pública,Ágata,6.517166667,3.0,0.0,8.0,3.77,Não informado,7.2,6.0,8.3,,,,7.113333333,10.0,Fase 1 (3° e 4° ano),0,6.875,2023,Pública,1,,,Sem risco,Médio,Baixa,Baixo,Baixo
RA-1045,FASE 1,1H,Aluno-1045,,11.0,Feminino,2023,Pública,Topázio,8.089033333,3.0,9.5,9.4,7.52,Não informado,7.9,6.8,9.0,,,,8.28,5.0,Fase 2 (5° e 6° ano),-1,7.708333333,2023,Pública,1,,,Risco moderado,Alto,Alta,Alto,Alto
RA-483,FASE 1,1H,Aluno-483,,12.0,Feminino,2019,Pública,Ágata,6.3972,3.0,9.0,6.0,2.52,Não informado,5.6,5.0,6.2,,,,8.166666667,5.0,Fase 3 (7° e 8° ano),-2,7.916666667,2023,Pública,1,,,Risco moderado,Baixo,Média,Baixo,Baixo
RA-1046,FASE 1,1H,Aluno-1046,,9.0,Masculino,2023,Pública,Ágata,6.835833333,3.0,0.0,8.5,3.77,Não informado,6.3,6.3,6.3,,,,8.223333333,10.0,Fase 1 (3° e 4° ano),0,8.541666667,2023,Pública,1,,,Sem risco,Médio,Baixa,Baixo,Baixo
RA-1047,FASE 1,1H,Aluno-1047,,9.0,Masculino,2023,Pública,Ametista,7.848366667,3.0,10.0,8.5,3.77,Não informado,6.9,5.8,8.0,,,,7.893333333,10.0,Fase 1 (3° e 4° ano),0,8.125,2023,Pública,1,,,Sem risco,Médio,Alta,Baixo,Alto
RA-570,FASE 1,1H,Aluno-570,,,Feminino,2019,Pública,Ágata,6.781033333,3.0,8.5,7.3,3.77,Não informado,5.9,5.7,6.0,,,,8.056666667,5.0,Fase 2 (5° e 6° ano),-1,8.125,2023,Pública,1,,,Risco moderado,Baixo,Média,Baixo,Baixo
RA-1048,FASE 1,1H,Aluno-1048,,10.0,Feminino,2023,Privada,Ametista,7.811366667,3.0,8.5,9.5,3.77,Não informado,8.2,7.5,8.8,,,,8.5,5.0,Fase 2 (5° e 6° ano),-1,8.541666667,2023,Privada,1,,,Risco moderado,Alto,Média,Baixo,Alto
RA-1049,FASE 1,1H,Aluno-1049,,10.0,Masculino,2023,Pública,Ametista,7.443366667,3.0,10.0,7.7,7.52,Não informado,6.3,5.5,7.0,,,,7.943333333,5.0,Fase 2 (5° e 6° ano),-1,8.125,2023,Pública,1,,,Risco moderado,Baixo,Alta,Alto,Médio
RA-1050,FASE 1,1H,Aluno-1050,,11.0,Masculino,2023,Pública,Ametista,7.764366667,3.0,9.0,9.2,6.27,Não informado,7.2,6.2,8.2,,,,8.223333333,5.0,Fase 2 (5° e 6° ano),-1,8.125,2023,Pública,1,,,Risco moderado,Alto,Média,Médio,Médio
RA-1051,FASE 1,1H,Aluno-1051,,9.0,Feminino,2023,Pública,Topázio,8.534866667,3.0,8.5,8.9,6.27,Não informado,8.4,7.0,9.8,,,,8.613333333,10.0,Fase 1 (3° e 4° ano),0,8.75,2023,Pública,1,,,Sem risco,Médio,Média,Médio,Alto
RA-707,FASE 1,1H,Aluno-707,,,Feminino,2020,Pública,Ágata,6.518,3.0,0.0,9.8,3.77,Não informado,6.5,5.5,7.5,,,,7.946666667,5.0,Fase 2 (5° e 6° ano),-1,7.916666667,2023,Pública,1,,,Risco moderado,Alto,Baixa,Baixo,Baixo
RA-1052,FASE 1,1H,Aluno-1052,,,Masculino,2023,Pública,Ágata,6.960333333,3.0,0.0,9.0,7.52,Não informado,5.3,5.0,5.5,,,,7.833333333,10.0,Fase 1 (3° e 4° ano),0,7.916666667,2023,Pública,1,,,Sem risco,Médio,Baixa,Alto,Médio
RA-580,FASE 1,1H,Aluno-580,,11.0,Feminino,2020,Pública,Topázio,8.4712,3.0,8.5,9.8,7.52,Não informado,9.0,8.7,9.3,,,,8.67,5.0,Fase 2 (5° e 6° ano),-1,8.75,2023,Pública,1,,,Risco moderado,Alto,Média,Alto,Alto
RA-581,FASE 1,1H,Aluno-581,,11.0,Masculino,2019,Pública,Ametista,7.7167,3.0,8.0,9.8,7.52,Não informado,7.9,7.0,8.8,,,,7.393333333,5.0,Fase 2 (5° e 6° ano),-1,6.458333333,2023,Pública,1,,,Risco moderado,Alto,Baixa,Alto,Médio
RA-735,FASE 1,1J,Aluno-735,,11.0,Feminino,2021,Pública,Ametista,7.184,3.0,0.0,9.0,7.52,Não informado,8.1,7.7,8.5,,,,8.393333333,5.0,Fase 2 (5° e 6° ano),-1,8.333333333,2023,Pública,1,,,Risco moderado,Médio,Baixa,Alto,Médio
RA-710,FASE 1,1J,Aluno-710,,,Masculino,2020,Pública,Ametista,7.0582,3.0,9.5,9.0,3.77,Não informado,6.5,5.7,7.3,,,,7.113333333,5.0,Fase 2 (5° e 6° ano),-1,7.083333333,2023,Pública,1,,,Risco moderado,Médio,Alta,Baixo,Médio
RA-712,FASE 1,1J,Aluno-712,,12.0,Masculino,2019,Pública,Ágata,6.331533333,3.0,9.5,5.6,3.14,Não informado,6.7,5.5,7.8,,,,6.836666667,5.0,Fase 3 (7° e 8° ano),-2,7.5,2023,Pública,1,,,Risco moderado,Baixo,Alta,Baixo,Baixo
RA-549,FASE 1,1J,Aluno-549,,,Masculino,2021,Pública,Ametista,7.0297,3.0,9.5,8.1,5.02,Não informado,6.4,5.5,7.2,,,,7.5,5.0,Fase 2 (5° e 6° ano),-1,6.875,2023,Pública,1,,,Risco moderado,Médio,Alta,Baixo,Médio
RA-679,FASE 1,1J,Aluno-679,,11.0,Masculino,2020,Pública,Ágata,6.138366667,3.0,7.5,7.5,5.02,Não informado,3.6,2.0,5.2,,,,7.393333333,5.0,Fase 2 (5° e 6° ano),-1,6.875,2023,Pública,1,,,Risco moderado,Baixo,Baixa,Baixo,Baixo
RA-571,FASE 1,1J,Aluno-571,,12.0,Feminino,2019,Privada,Ágata,6.6097,3.0,9.0,7.9,3.77,Não informado,5.0,3.8,6.2,,,,7.616666667,5.0,Fase 3 (7° e 8° ano),-2,7.291666667,2023,Privada,1,,,Risco moderado,Médio,Média,Baixo,Baixo
RA-714,FASE 1,1J,Aluno-714,,12.0,Masculino,2019,Pública,Ágata,6.078666667,3.0,0.0,8.0,3.14,Não informado,7.4,6.7,8.0,,,,7.223333333,5.0,Fase 3 (7° e 8° ano),-2,7.5,2023,Pública,1,,,Risco moderado,Médio,Baixa,Baixo,Baixo
RA-737,FASE 1,1J,Aluno-737,,9.0,Feminino,2022,Pública,Topázio,8.048033333,3.0,9.5,7.8,7.52,Não informado,7.5,7.0,8.0,,,,7.783333333,10.0,Fase 1 (3° e 4° ano),0,7.291666667,2023,Pública,1,,,Sem risco,Baixo,Alta,Alto,Alto
RA-577,FASE 1,1J,Aluno-577,,11.0,Feminino,2022,Pública,Ametista,7.219366667,3.0,10.0,8.2,3.77,Não informado,7.4,6.5,8.3,,,,7.673333333,5.0,Fase 2 (5° e 6° ano),-1,6.875,2023,Pública,1,,,Risco moderado,Médio,Alta,Baixo,Médio
RA-1053,FASE 1,1J,Aluno-1053,,9.0,Masculino,2023,Pública,Ametista,7.776166667,3.0,0.0,9.1,6.27,Não informado,8.6,7.8,9.3,,,,8.616666667,10.0,Fase 1 (3° e 4° ano),0,8.958333333,2023,Pública,1,,,Sem risco,Médio,Baixa,Médio,Médio
RA-731,FASE 1,1J,Aluno-731,,11.0,Feminino,2019,Pública,Ágata,6.7742,3.0,8.5,7.6,3.14,Não informado,6.8,6.2,7.3,,,,7.45,5.0,Fase 2 (5° e 6° ano),-1,7.5,2023,Pública,1,,,Risco moderado,Baixo,Média,Baixo,Baixo
RA-552,FASE 1,1J,Aluno-552,,,Masculino,2022,Pública,Quartzo,5.248666667,3.0,0.0,5.6,3.14,Não informado,6.4,6.5,6.2,,,,6.89,5.0,Fase 3 (7° e 8° ano),-2,6.666666667,2023,Pública,1,,,Risco moderado,Baixo,Baixa,Baixo,Baixo
RA-1054,FASE 1,1J,Aluno-1054,,,Masculino,2023,Pública,Ametista,7.459533333,3.0,8.5,8.6,7.52,Não informado,6.6,5.0,8.2,,,,7.836666667,5.0,Fase 3 (7° e 8° ano),-2,7.5,2023,Pública,1,,,Risco moderado,Médio,Média,Alto,Médio
RA-1055,FASE 1,1J,Aluno-1055,,11.0,Masculino,2023,Pública,Quartzo,5.9765,3.0,0.0,7.2,7.52,Não informado,5.5,6.0,5.0,,,,7.276666667,5.0,Fase 2 (5° e 6° ano),-1,7.291666667,2023,Pública,1,,,Risco moderado,Baixo,Baixa,Alto,Baixo
RA-597,FASE 1,1K,Aluno-597,,10.0,Masculino,2022,Pública,Topázio,8.49045,3.0,10.0,9.6,7.52,Não informado,8.5,7.8,9.2,,,,8.56,5.0,Fase 2 (5° e 6° ano),-1,9.0625,2023,Pública,1,,,Risco moderado,Alto,Alta,Alto,Alto
RA-624,FASE 1,1K,Aluno-624,,,Masculino,2022,Pública,Topázio,8.270825,3.0,9.0,9.2,7.52,Não informado,8.6,8.3,8.8,,,,8.39,5.0,Fase 2 (5° e 6° ano),-1,8.90625,2023,Pública,1,,,Risco moderado,Alto,Média,Alto,Alto
RA-776,FASE 1,1K,Aluno-776,,,Feminino,2022,Privada - Programa de Apadrinhamento,Quartzo,5.567916667,3.0,0.0,7.0,7.52,Não informado,3.5,4.2,2.7,,,,7.223333333,5.0,Fase 2 (5° e 6° ano),-1,7.8125,2023,Privada,1,,,Risco moderado,Baixo,Baixa,Alto,Baixo
RA-600,FASE 1,1K,Aluno-600,,10.0,Feminino,2021,Pública,Ametista,7.651658333,3.0,8.5,8.4,7.52,Não informado,7.2,6.5,7.8,,,,8.056666667,5.0,Fase 2 (5° e 6° ano),-1,8.28125,2023,Pública,1,,,Risco moderado,Médio,Média,Alto,Médio
RA-1056,FASE 1,1K,Aluno-1056,,9.0,Masculino,2023,Pública,Topázio,8.551741667,3.0,8.5,9.6,7.52,Não informado,8.1,7.8,8.3,,,,8.113333333,10.0,Fase 1 (3° e 4° ano),0,7.96875,2023,Pública,1,,,Sem risco,Alto,Média,Alto,Alto
RA-791,FASE 1,1K,Aluno-791,,,Feminino,2022,Pública,Ágata,6.247916667,3.0,0.0,8.1,7.52,Não informado,5.3,6.0,4.5,,,,7.723333333,5.0,Fase 3 (7° e 8° ano),-2,7.8125,2023,Pública,1,,,Risco moderado,Médio,Baixa,Alto,Baixo
RA-601,FASE 1,1K,Aluno-601,,9.0,Masculino,2021,Pública,Topázio,8.955783333,3.0,9.0,10.0,7.52,Não informado,8.7,8.0,9.3,,,,8.336666667,10.0,Fase 1 (3° e 4° ano),0,9.0625,2023,Pública,1,,,Sem risco,Alto,Média,Alto,Alto
RA-762,FASE 1,1K,Aluno-762,,13.0,Masculino,2022,Pública,Ametista,7.09945,3.0,10.0,9.1,3.14,Não informado,5.8,6.2,5.3,,,,7.67,5.0,Fase 3 (7° e 8° ano),-2,7.8125,2023,Pública,1,,,Risco moderado,Médio,Alta,Baixo,Médio
RA-778,FASE 1,1K,Aluno-778,,,Feminino,2021,Pública,Ametista,7.926825,3.0,8.5,7.9,7.52,Não informado,8.2,7.3,9.0,,,,8.62,5.0,Fase 2 (5° e 6° ano),-1,8.90625,2023,Pública,1,,,Risco moderado,Médio,Média,Alto,Alto
RA-628,FASE 1,1K,Aluno-628,,12.0,Masculino,2022,Pública,Topázio,8.370325,3.0,9.5,8.9,7.52,Não informado,9.4,9.0,9.7,,,,8.45,5.0,Fase 3 (7° e 8° ano),-2,8.28125,2023,Pública,1,,,Risco moderado,Médio,Alta,Alto,Alto
RA-606,FASE 1,1K,Aluno-606,,10.0,Masculino,2022,Pública,Ametista,7.402491667,3.0,8.5,8.5,7.52,Não informado,6.0,4.7,7.2,,,,8.223333333,5.0,Fase 2 (5° e 6° ano),-1,7.65625,2023,Pública,1,,,Risco moderado,Médio,Média,Alto,Médio
RA-766,FASE 1,1K,Aluno-766,,11.0,Feminino,2020,Pública,Topázio,8.008408333,3.0,10.0,8.7,4.39,Não informado,8.7,9.2,8.2,,,,8.336666667,5.0,Fase 2 (5° e 6° ano),-1,9.21875,2023,Pública,1,,,Risco moderado,Médio,Alta,Baixo,Alto
RA-607,FASE 1,1K,Aluno-607,,11.0,Masculino,2022,Pública,Ametista,7.333075,3.0,8.0,7.5,7.52,Não informado,6.8,4.8,8.7,,,,8.17,5.0,Fase 2 (5° e 6° ano),-1,7.96875,2023,Pública,1,,,Risco moderado,Baixo,Baixa,Alto,Médio
RA-608,FASE 1,1K,Aluno-608,,10.0,Masculino,2022,Pública,Ametista,7.401741667,3.0,10.0,7.5,7.52,Não informado,6.2,6.0,6.3,,,,8.113333333,5.0,Fase 2 (5° e 6° ano),-1,7.96875,2023,Pública,1,,,Risco moderado,Baixo,Alta,Alto,Médio
RA-788,FASE 1,1K,Aluno-788,,,Masculino,2021,Pública,Ametista,7.806091667,3.0,7.9,9.8,2.52,Não informado,6.9,6.0,7.8,,,,8.283333333,10.0,Fase 1 (3° e 4° ano),0,7.65625,2023,Pública,1,,,Sem risco,Alto,Baixa,Baixo,Alto
RA-784,FASE 1,1L,Aluno-784,,10.0,Feminino,2022,Pública,Topázio,8.171366667,3.0,10.0,9.5,7.52,Não informado,7.3,6.5,8.0,,,,8.783333333,5.0,Fase 2 (5° e 6° ano),-1,8.125,2023,Pública,1,,,Risco moderado,Alto,Alta,Alto,Alto
RA-785,FASE 1,1L,Aluno-785,,10.0,Feminino,2022,Pública,Topázio,8.137866667,3.0,9.0,8.5,7.52,Não informado,8.8,8.2,9.4,,,,8.67,5.0,Fase 2 (5° e 6° ano),-1,7.916666667,2023,Pública,1,,,Risco moderado,Médio,Média,Alto,Alto
RA-587,FASE 1,1L,Aluno-587,,,Masculino,2022,Pública,Ágata,6.032033333,3.0,8.5,7.0,7.52,Não informado,2.7,2.2,3.2,,,,6.72,5.0,Fase 2 (5° e 6° ano),-1,6.458333333,2023,Pública,1,,,Risco moderado,Baixo,Média,Alto,Baixo
RA-790,FASE 1,1L,Aluno-790,,,Masculino,2022,Pública,Ágata,6.707666667,3.0,0.0,8.1,7.52,Não informado,7.4,7.2,7.5,,,,8.286666667,5.0,Fase 3 (7° e 8° ano),-2,7.083333333,2023,Pública,1,,,Risco moderado,Médio,Baixa,Alto,Baixo
RA-663,FASE 1,1L,Aluno-663,,11.0,Masculino,2022,Pública,Ágata,6.969133333,3.0,6.9,7.4,7.52,Não informado,7.0,6.7,7.3,,,,7.393333333,5.0,Fase 2 (5° e 6° ano),-1,6.666666667,2023,Pública,1,,,Risco moderado,Baixo,Baixa,Alto,Médio
RA-664,FASE 1,1L,Aluno-664,,11.0,Feminino,2022,Pública,Topázio,8.0872,3.0,9.0,9.6,7.52,Não informado,8.0,8.0,8.0,,,,8.116666667,5.0,Fase 2 (5° e 6° ano),-1,7.916666667,2023,Pública,1,,,Risco moderado,Alto,Média,Alto,Alto
RA-761,FASE 1,1L,Aluno-761,,10.0,Masculino,2022,Pública,Topázio,8.219533333,3.0,9.0,9.7,7.52,Não informado,8.4,8.7,8.0,,,,8.12,5.0,Fase 2 (5° e 6° ano),-1,8.333333333,2023,Pública,1,,,Risco moderado,Alto,Média,Alto,Alto
RA-1057,FASE 1,1L,Aluno-1057,,9.0,Feminino,2023,Pública,Topázio,8.4827,3.0,10.0,10.0,7.52,Não informado,6.3,6.5,6.0,,,,8.34,10.0,Fase 1 (3° e 4° ano),0,8.125,2023,Pública,1,,,Sem risco,Alto,Alta,Alto,Alto
RA-629,FASE 1,1L,Aluno-629,,10.0,Feminino,2022,Pública,Topázio,8.013866667,3.0,10.0,9.4,7.52,Não informado,7.5,7.0,8.0,,,,7.95,5.0,Fase 2 (5° e 6° ano),-1,7.916666667,2023,Pública,1,,,Risco moderado,Alto,Alta,Alto,Alto
RA-832,FASE 1,1L,Aluno-832,,10.0,Masculino,2022,Pública,Topázio,8.2697,3.0,10.0,9.5,7.52,Não informado,8.5,9.2,7.7,,,,8.283333333,5.0,Fase 2 (5° e 6° ano),-1,7.708333333,2023,Pública,1,,,Risco moderado,Alto,Alta,Alto,Alto
RA-594,FASE 1,1L,Aluno-594,,11.0,Masculino,2022,Pública,Ágata,6.702033333,3.0,8.5,7.1,6.27,Não informado,5.8,6.2,5.3,,,,7.336666667,5.0,Fase 2 (5° e 6° ano),-1,6.875,2023,Pública,1,,,Risco moderado,Baixo,Média,Médio,Baixo
RA-617,FASE 1,1L,Aluno-617,,11.0,Feminino,2021,Pública,Ágata,6.816166667,3.0,0.0,9.0,7.52,Não informado,6.9,5.5,8.2,,,,8.116666667,5.0,Fase 2 (5° e 6° ano),-1,7.708333333,2023,Pública,1,,,Risco moderado,Médio,Baixa,Alto,Baixo
RA-767,FASE 1,1L,Aluno-767,,11.0,Masculino,2021,Pública,Ametista,7.3807,3.0,10.0,8.3,7.52,Não informado,6.3,6.5,6.0,,,,7.446666667,5.0,Fase 2 (5° e 6° ano),-1,7.291666667,2023,Pública,1,,,Risco moderado,Médio,Alta,Alto,Médio
RA-1058,FASE 1,1L,Aluno-1058,,,Feminino,2023,Pública,Ametista,7.356533333,3.0,10.0,8.7,3.14,Não informado,5.4,4.0,6.7,,,,7.62,10.0,Fase 1 (3° e 4° ano),0,7.083333333,2023,Pública,1,,,Sem risco,Médio,Alta,Baixo,Médio
RA-747,FASE 1,1L,Aluno-747,,11.0,Feminino,2022,Pública,Ágata,6.026366667,3.0,10.0,8.0,3.14,Não informado,3.1,1.2,5.0,,,,6.94,5.0,Fase 2 (5° e 6° ano),-1,6.041666667,2023,Pública,1,,,Risco moderado,Médio,Alta,Baixo,Baixo
RA-827,FASE 1,1M,Aluno-827,,,Feminino,2022,Pública,Ametista,7.419925,3.0,7.9,8.1,3.14,Não informado,8.1,7.7,8.5,,,,8.73,5.0,Fase 2 (5° e 6° ano),-1,8.28125,2023,Pública,1,,,Risco moderado,Médio,Baixa,Baixo,Médio
RA-1059,FASE 1,1M,Aluno-1059,,,Masculino,2023,Pública,Ametista,7.763741667,3.0,10.0,9.8,2.52,Não informado,7.6,6.2,9.0,,,,8.673333333,5.0,Fase 2 (5° e 6° ano),-1,7.96875,2023,Pública,1,,,Risco moderado,Alto,Alta,Baixo,Médio
RA-612,FASE 1,1M,Aluno-612,,11.0,Feminino,2021,Privada - Programa de Apadrinhamento,Topázio,8.410783333,3.0,9.0,9.7,3.77,Não informado,9.7,9.3,10.0,,,,9.286666667,5.0,Fase 2 (5° e 6° ano),-1,9.0625,2023,Privada,1,,,Risco moderado,Alto,Média,Baixo,Alto
RA-1060,FASE 1,1M,Aluno-1060,,,Masculino,2023,Pública,Ametista,7.095741667,3.0,9.0,8.6,3.14,Não informado,5.7,4.3,7.0,,,,8.673333333,5.0,Fase 2 (5° e 6° ano),-1,7.96875,2023,Pública,1,,,Risco moderado,Médio,Média,Baixo,Médio
RA-665,FASE 1,1M,Aluno-665,,,Feminino,2022,Pública,Ágata,6.185658333,3.0,9.5,4.9,2.52,Não informado,5.2,5.0,5.3,,,,8.226666667,5.0,Fase 2 (5° e 6° ano),-1,8.28125,2023,Pública,1,,,Risco moderado,Baixo,Alta,Baixo,Baixo
RA-829,FASE 1,1M,Aluno-829,,9.0,Feminino,2022,Pública,Topázio,8.532075,3.0,9.0,9.4,3.14,Não informado,8.4,7.5,9.2,,,,9.23,10.0,Fase 1 (3° e 4° ano),0,9.21875,2023,Pública,1,,,Sem risco,Alto,Média,Baixo,Alto
RA-1061,FASE 1,1M,Aluno-1061,,10.0,Masculino,2023,Pública,Topázio,8.196533333,3.0,9.5,9.7,3.14,Não informado,9.3,8.8,9.7,,,,8.836666667,5.0,Fase 2 (5° e 6° ano),-1,8.75,2023,Pública,1,,,Risco moderado,Alto,Alta,Baixo,Alto
RA-1062,FASE 1,1M,Aluno-1062,,,Masculino,2023,Pública,Ametista,7.448841667,3.0,7.4,7.7,3.77,Não informado,6.2,4.8,7.5,,,,8.503333333,10.0,Fase 1 (3° e 4° ano),0,8.59375,2023,Pública,1,,,Sem risco,Baixo,Baixa,Baixo,Médio
RA-615,FASE 1,1M,Aluno-615,,,Feminino,2020,Pública,Ametista,7.815658333,3.0,10.0,9.7,3.14,Não informado,7.6,6.8,8.3,,,,8.616666667,5.0,Fase 2 (5° e 6° ano),-1,8.28125,2023,Pública,1,,,Risco moderado,Alto,Alta,Baixo,Alto
RA-833,FASE 1,1M,Aluno-833,,,Masculino,2022,Pública,Ametista,7.81295,3.0,10.0,9.5,3.77,Não informado,7.4,7.3,7.5,,,,8.56,5.0,Fase 2 (5° e 6° ano),-1,8.4375,2023,Pública,1,,,Risco moderado,Alto,Alta,Baixo,Alto
RA-630,FASE 1,1M,Aluno-630,,10.0,Masculino,2022,Pública,Ametista,7.199991667,3.0,9.0,8.6,3.77,Não informado,5.7,4.2,7.2,,,,8.673333333,5.0,Fase 2 (5° e 6° ano),-1,8.28125,2023,Pública,1,,,Risco moderado,Médio,Média,Baixo,Médio
RA-752,FASE 1,1N,Aluno-752,,11.0,Feminino,2022,Pública,Topázio,8.073825,3.0,9.5,9.9,7.52,Não informado,6.4,4.8,8.0,,,,9.23,5.0,Fase 2 (5° e 6° ano),-1,7.65625,2023,Pública,1,,,Risco moderado,Alto,Alta,Alto,Alto
RA-777,FASE 1,1N,Aluno-777,,,Feminino,2022,Pública,Ametista,7.468125,3.0,0.0,9.3,7.52,Não informado,6.3,5.3,7.3,,,,8.84,10.0,Fase 1 (3° e 4° ano),0,8.28125,2023,Pública,1,,,Sem risco,Alto,Baixa,Alto,Médio
RA-1063,FASE 1,1N,Aluno-1063,,,Masculino,2023,Privada - Programa de Apadrinhamento,Ametista,7.490825,3.0,9.5,9.5,7.52,Não informado,5.9,4.7,7.0,,,,7.89,5.0,Fase 2 (5° e 6° ano),-1,6.40625,2023,Privada,1,,,Risco moderado,Alto,Alta,Alto,Médio
RA-764,FASE 1,1N,Aluno-764,,,Masculino,2022,Pública,Ametista,7.682125,3.0,0.0,9.2,7.52,Não informado,7.8,6.0,9.5,,,,8.56,10.0,Fase 1 (3° e 4° ano),0,8.28125,2023,Pública,1,,,Sem risco,Alto,Baixa,Alto,Médio
RA-1064,FASE 1,1N,Aluno-1064,,10.0,Masculino,2023,Pública,Topázio,8.4777,3.0,8.5,9.8,7.52,Não informado,8.6,8.3,8.8,,,,8.84,5.0,Fase 2 (5° e 6° ano),-1,9.375,2023,Pública,1,,,Risco moderado,Alto,Média,Alto,Alto
RA-1065,FASE 1,1N,Aluno-1065,,,Feminino,2023,Pública,Topázio,8.03395,3.0,8.5,9.6,7.52,Não informado,7.0,7.7,6.3,,,,8.84,5.0,Fase 2 (5° e 6° ano),-1,8.4375,2023,Pública,1,,,Risco moderado,Alto,Média,Alto,Alto
RA-772,FASE 1,1N,Aluno-772,,12.0,Masculino,2021,Pública,Quartzo,5.930166667,3.0,0.0,7.2,7.52,Não informado,4.8,5.2,4.3,,,,8.003333333,5.0,Fase 3 (7° e 8° ano),-2,6.875,2023,Pública,1,,,Risco moderado,Baixo,Baixa,Alto,Baixo
RA-781,FASE 1,1N,Aluno-781,,10.0,Feminino,2021,Pública,Topázio,8.209283333,3.0,7.5,9.8,7.52,Não informado,7.9,7.0,8.8,,,,9.116666667,5.0,Fase 2 (5° e 6° ano),-1,8.4375,2023,Pública,1,,,Risco moderado,Alto,Baixa,Alto,Alto
RA-1066,FASE 1,1N,Aluno-1066,,10.0,Feminino,2023,Pública,Ametista,7.262616667,3.0,8.5,6.6,7.52,Não informado,6.2,4.2,8.2,,,,8.783333333,5.0,Fase 2 (5° e 6° ano),-1,8.4375,2023,Pública,1,,,Risco moderado,Baixo,Média,Alto,Médio
RA-1067,FASE 1,1N,Aluno-1067,,10.0,Masculino,2023,Pública,Ágata,6.541458333,3.0,0.0,7.9,7.52,Não informado,5.4,4.5,6.3,,,,9.006666667,5.0,Fase 2 (5° e 6° ano),-1,8.28125,2023,Pública,1,,,Risco moderado,Médio,Baixa,Alto,Baixo
RA-834,FASE 1,1N,Aluno-834,,,Masculino,2022,Pública,Topázio,8.662616667,3.0,9.0,9.9,6.27,Não informado,9.2,9.0,9.3,,,,9.283333333,5.0,Fase 2 (5° e 6° ano),-1,9.6875,2023,Pública,1,,,Risco moderado,Alto,Média,Médio,Alto
RA-722,FASE 1,1N,Aluno-722,,,Feminino,2021,Pública,Ametista,7.3387,3.0,8.5,9.6,2.52,Não informado,6.4,4.5,8.2,,,,8.67,5.0,Fase 2 (5° e 6° ano),-1,8.125,2023,Pública,1,,,Risco moderado,Alto,Média,Baixo,Médio
RA-1068,FASE 1,1P,Aluno-1068,,,Masculino,2023,Pública,Topázio,8.472533333,3.0,8.5,9.3,6.89,Não informado,9.0,8.3,9.7,,,,9.283333333,5.0,Fase 2 (5° e 6° ano),-1,9.166666667,2023,Pública,1,,,Risco moderado,Alto,Média,Médio,Alto
RA-796,FASE 1,1P,Aluno-796,,11.0,Feminino,2022,Pública,Ametista,7.462866667,3.0,9.0,9.8,6.27,Não informado,5.5,5.0,6.0,,,,8.336666667,5.0,Fase 2 (5° e 6° ano),-1,7.083333333,2023,Pública,1,,,Risco moderado,Alto,Média,Médio,Médio
RA-1069,FASE 1,1P,Aluno-1069,,11.0,Masculino,2023,Pública,Ametista,7.590033333,3.0,9.0,7.8,7.52,Não informado,7.1,7.5,6.7,,,,8.226666667,5.0,Fase 2 (5° e 6° ano),-1,8.125,2023,Pública,1,,,Risco moderado,Baixo,Média,Alto,Médio
RA-797,FASE 1,1P,Aluno-797,,11.0,Masculino,2021,Pública,Ametista,7.373033333,3.0,8.5,8.6,7.52,Não informado,7.5,7.0,8.0,,,,7.233333333,5.0,Fase 2 (5° e 6° ano),-1,6.041666667,2023,Pública,1,,,Risco moderado,Médio,Média,Alto,Médio
RA-647,FASE 1,1P,Aluno-647,,,Feminino,2022,Privada - Programa de Apadrinhamento,Ametista,7.100566667,3.0,7.3,8.7,6.27,Não informado,5.2,4.7,5.7,,,,8.446666667,5.0,Fase 2 (5° e 6° ano),-1,7.708333333,2023,Privada,1,,,Risco moderado,Médio,Baixa,Médio,Médio
RA-814,FASE 1,1P,Aluno-814,,10.0,Masculino,2022,Pública,Topázio,8.367866667,3.0,9.5,9.6,6.89,Não informado,8.2,7.8,8.5,,,,9.226666667,5.0,Fase 2 (5° e 6° ano),-1,8.333333333,2023,Pública,1,,,Risco moderado,Alto,Alta,Médio,Alto
RA-652,FASE 1,1P,Aluno-652,,,Feminino,2022,Pública,Ametista,7.871033333,3.0,9.0,9.4,6.89,Não informado,7.0,6.2,7.8,,,,8.446666667,5.0,Fase 2 (5° e 6° ano),-1,8.125,2023,Pública,1,,,Risco moderado,Alto,Média,Médio,Alto
RA-816,FASE 1,1P,Aluno-816,,,Feminino,2022,Pública,Topázio,8.5572,3.0,7.5,9.8,7.52,Não informado,8.9,7.8,10.0,,,,9.283333333,5.0,Fase 2 (5° e 6° ano),-1,9.583333333,2023,Pública,1,,,Risco moderado,Alto,Baixa,Alto,Alto
RA-640,FASE 1,1P,Aluno-640,,12.0,Feminino,2022,Pública,Ágata,6.1105,3.0,0.0,7.3,7.52,Não informado,4.9,4.0,5.8,,,,8.446666667,5.0,Fase 3 (7° e 8° ano),-2,7.291666667,2023,Pública,1,,,Risco moderado,Baixo,Baixa,Alto,Baixo
RA-810,FASE 1,1P,Aluno-810,,9.0,Masculino,2021,Pública,Ametista,7.782866667,3.0,8.0,8.5,7.52,Não informado,6.9,6.3,7.5,,,,7.836666667,10.0,Fase 1 (3° e 4° ano),0,5.833333333,2023,Pública,1,,,Sem risco,Médio,Baixa,Alto,Alto
RA-643,FASE 1,1P,Aluno-643,,,Masculino,2022,Pública,Ametista,7.389033333,3.0,9.5,8.2,7.52,Não informado,7.1,7.0,7.2,,,,7.613333333,5.0,Fase 2 (5° e 6° ano),-1,6.041666667,2023,Pública,1,,,Risco moderado,Médio,Alta,Alto,Médio
RA-819,FASE 1,1P,Aluno-819,,9.0,Masculino,2022,Pública,Ametista,7.944833333,3.0,0.0,8.3,7.52,Não informado,9.5,9.7,9.3,,,,8.893333333,10.0,Fase 1 (3° e 4° ano),0,8.541666667,2023,Pública,1,,,Sem risco,Médio,Baixa,Alto,Alto
RA-1070,FASE 1,1P,Aluno-1070,,11.0,Masculino,2023,Pública,Ágata,6.939033333,3.0,9.0,7.8,3.14,Não informado,5.8,5.3,6.3,,,,8.67,5.0,Fase 2 (5° e 6° ano),-1,7.708333333,2023,Pública,1,,,Risco moderado,Baixo,Média,Baixo,Médio
RA-813,FASE 1,1R,Aluno-813,,,Masculino,2022,Pública,Ametista,7.5867,3.0,9.5,8.4,7.52,Não informado,3.9,2.3,5.5,,,,8.06,10.0,Fase 1 (3° e 4° ano),0,8.125,2023,Pública,1,,,Sem risco,Médio,Alta,Alto,Médio
RA-636,FASE 1,1R,Aluno-636,,11.0,Masculino,2022,Pública,Ágata,6.836666667,3.0,0.0,8.3,5.64,Não informado,9.0,9.2,8.7,,,,7.446666667,5.0,Fase 2 (5° e 6° ano),-1,8.333333333,2023,Pública,1,,,Risco moderado,Médio,Baixa,Baixo,Baixo
RA-798,FASE 1,1R,Aluno-798,,,Masculino,2022,Privada - Programa de Apadrinhamento,Ametista,7.018033333,3.0,9.0,8.1,7.52,Não informado,6.1,4.3,7.8,,,,6.95,5.0,Fase 2 (5° e 6° ano),-1,6.458333333,2023,Privada,1,,,Risco moderado,Médio,Média,Alto,Médio
RA-799,FASE 1,1R,Aluno-799,,,Feminino,2022,Pública,Topázio,8.061533333,3.0,9.5,9.6,5.64,Não informado,8.3,7.8,8.8,,,,8.17,5.0,Fase 2 (5° e 6° ano),-1,8.333333333,2023,Pública,1,,,Risco moderado,Alto,Alta,Baixo,Alto
RA-815,FASE 1,1R,Aluno-815,,,Masculino,2022,Pública,Ágata,6.122166667,3.0,0.0,8.6,5.02,Não informado,6.5,7.0,6.0,,,,7.063333333,5.0,Fase 2 (5° e 6° ano),-1,6.875,2023,Pública,1,,,Risco moderado,Médio,Baixa,Baixo,Baixo
RA-637,FASE 1,1R,Aluno-637,,11.0,Feminino,2021,Pública,Topázio,8.109533333,3.0,8.0,9.5,7.52,Não informado,8.5,8.7,8.2,,,,8.17,5.0,Fase 2 (5° e 6° ano),-1,8.333333333,2023,Pública,1,,,Risco moderado,Alto,Baixa,Alto,Alto
RA-638,FASE 1,1R,Aluno-638,,,Feminino,2020,Pública,Ametista,7.754866667,3.0,9.0,9.4,7.52,Não informado,6.5,6.8,6.2,,,,7.946666667,5.0,Fase 2 (5° e 6° ano),-1,8.333333333,2023,Pública,1,,,Risco moderado,Alto,Média,Alto,Médio
RA-801,FASE 1,1R,Aluno-801,,,Masculino,2022,Pública,Ágata,6.8735,3.0,0.0,7.5,7.52,Não informado,7.6,6.8,8.3,,,,7.12,10.0,Fase 1 (3° e 4° ano),0,6.875,2023,Pública,1,,,Sem risco,Baixo,Baixa,Alto,Baixo
RA-802,FASE 1,1R,Aluno-802,,10.0,Masculino,2021,Pública,Topázio,8.126866667,3.0,8.0,9.3,7.52,Não informado,9.4,9.3,9.5,,,,7.506666667,5.0,Fase 2 (5° e 6° ano),-1,8.333333333,2023,Pública,1,,,Risco moderado,Alto,Baixa,Alto,Alto
RA-1071,FASE 1,1R,Aluno-1071,,11.0,Masculino,2023,Pública,Ágata,6.414033333,3.0,9.0,8.6,7.52,Não informado,3.5,1.7,5.3,,,,6.396666667,5.0,Fase 2 (5° e 6° ano),-1,5.625,2023,Pública,1,,,Risco moderado,Médio,Média,Alto,Baixo
RA-817,FASE 1,1R,Aluno-817,,,Feminino,2022,Pública,Ametista,7.8597,3.0,9.5,8.8,6.89,Não informado,5.4,5.0,5.7,,,,7.89,10.0,Fase 1 (3° e 4° ano),0,8.125,2023,Pública,1,,,Sem risco,Médio,Alta,Médio,Alto
RA-818,FASE 1,1R,Aluno-818,,,Masculino,2022,Pública,Ametista,7.997366667,3.0,10.0,8.4,7.52,Não informado,6.2,5.5,6.8,,,,7.613333333,10.0,ALFA (1° e 2° ano),1,8.125,2023,Pública,1,,,Sem risco,Médio,Alta,Alto,Alto
RA-804,FASE 1,1R,Aluno-804,,11.0,Masculino,2022,Pública,Ametista,7.2352,3.0,10.0,8.6,6.27,Não informado,6.9,6.2,7.5,,,,7.173333333,5.0,Fase 2 (5° e 6° ano),-1,5.833333333,2023,Pública,1,,,Risco moderado,Médio,Alta,Médio,Médio
RA-645,FASE 1,1R,Aluno-645,,11.0,Feminino,2022,Pública,Ametista,7.613033333,3.0,9.0,8.5,6.27,Não informado,7.3,6.5,8.0,,,,8.116666667,5.0,Fase 2 (5° e 6° ano),-1,8.125,2023,Pública,1,,,Risco moderado,Médio,Média,Médio,Médio
RA-479,FASE 2,2A,Aluno-479,,,Masculino,2020,Privada - Programa de Apadrinhamento,Topázio,8.988866667,3.0,9.0,10.0,2.52,Não informado,9.7,9.3,10.0,,,,9.6375,10.0,Fase 2 (5° e 6° ano),0,9.791666667,2023,Privada,2,,,Sem risco,Alto,Média,Baixo,Alto
RA-493,FASE 2,2A,Aluno-493,,10.0,Feminino,2020,Pública,Ametista,7.934366667,3.0,9.5,9.6,2.52,Não informado,6.0,4.7,7.2,,,,8.84,10.0,Fase 2 (5° e 6° ano),0,8.541666667,2023,Pública,2,,,Sem risco,Alto,Alta,Baixo,Alto
RA-1072,FASE 2,2A,Aluno-1072,,11.0,Masculino,2023,Pública,Topázio,8.0152,3.0,9.0,8.6,5.0,Não informado,6.7,5.2,8.2,,,,8.7125,10.0,Fase 2 (5° e 6° ano),0,8.125,2023,Pública,2,,,Sem risco,Médio,Média,Baixo,Alto
RA-536,FASE 2,2A,Aluno-536,,10.0,Feminino,2020,Pública,Ametista,7.759533333,3.0,8.0,9.3,2.52,Não informado,5.9,5.0,6.8,,,,9.17,10.0,Fase 2 (5° e 6° ano),0,8.333333333,2023,Pública,2,,,Sem risco,Alto,Baixa,Baixo,Médio
RA-1073,FASE 2,2A,Aluno-1073,,,Feminino,2023,Pública,Ágata,6.384333333,3.0,0.0,8.8,2.52,Não informado,6.2,4.8,7.5,,,,9.045,5.0,Fase 3 (7° e 8° ano),-1,8.333333333,2023,Pública,2,,,Risco moderado,Médio,Baixa,Baixo,Baixo
RA-494,FASE 2,2A,Aluno-494,,12.0,Feminino,2022,Privada,Ametista,7.116633333,3.0,6.9,9.0,2.52,Não informado,6.8,6.3,7.3,,,,8.71,5.0,Fase 3 (7° e 8° ano),-1,7.708333333,2023,Privada,2,,,Risco moderado,Médio,Baixa,Baixo,Médio
RA-496,FASE 2,2A,Aluno-496,,,Masculino,2018,Privada,Ágata,6.603666667,3.0,0.0,7.1,5.0,Não informado,8.3,7.5,9.0,,,,8.71,5.0,Fase 3 (7° e 8° ano),-1,7.916666667,2023,Privada,2,,,Risco moderado,Baixo,Baixa,Baixo,Baixo
RA-497,FASE 2,2A,Aluno-497,,,Feminino,2016,Privada - Programa de apadrinhamento,Quartzo,5.7191,3.0,5.3,8.7,2.52,Não informado,3.5,1.7,5.3,,,,6.885,5.0,Fase 4 (9° ano),-2,6.25,2023,Privada,2,,,Risco moderado,Médio,Baixa,Baixo,Baixo
RA-1074,FASE 2,2A,Aluno-1074,,12.0,Feminino,2023,Pública,Ágata,6.195833333,3.0,0.0,9.8,2.52,Não informado,6.0,8.0,4.0,,,,7.8775,5.0,Fase 3 (7° e 8° ano),-1,7.083333333,2023,Pública,2,,,Risco moderado,Alto,Baixa,Baixo,Baixo
RA-486,FASE 2,2A,Aluno-486,,11.0,Feminino,2020,Privada,Ametista,7.1043,3.0,8.4,6.4,2.52,Não informado,6.2,3.3,9.0,,,,8.7525,10.0,Fase 2 (5° e 6° ano),0,7.5,2023,Privada,2,,,Sem risco,Baixo,Média,Baixo,Médio
RA-1075,FASE 2,2A,Aluno-1075,,12.0,Feminino,2023,Pública,Ágata,6.591333333,3.0,0.0,9.6,5.0,Não informado,5.5,5.0,6.0,,,,9.0025,5.0,Fase 3 (7° e 8° ano),-1,7.708333333,2023,Pública,2,,,Risco moderado,Alto,Baixa,Baixo,Baixo
RA-578,FASE 2,2A,Aluno-578,,11.0,Masculino,2019,Privada - Programa de Apadrinhamento,Topázio,9.013866667,3.0,9.0,10.0,2.52,Não informado,9.7,9.8,9.5,,,,9.7625,10.0,Fase 2 (5° e 6° ano),0,9.791666667,2023,Privada,2,,,Sem risco,Alto,Média,Baixo,Alto
RA-513,FASE 2,2A,Aluno-513,,10.0,Masculino,2021,Privada,Topázio,8.297866667,3.0,9.5,9.7,2.52,Não informado,7.5,7.2,7.8,,,,9.0075,10.0,Fase 2 (5° e 6° ano),0,8.541666667,2023,Privada,2,,,Sem risco,Alto,Alta,Baixo,Alto
RA-487,FASE 2,2A,Aluno-487,,11.0,Feminino,2019,Privada - Programa de Apadrinhamento,Topázio,8.988866667,3.0,8.5,9.9,5.0,Não informado,9.5,9.2,9.7,,,,9.26,10.0,Fase 2 (5° e 6° ano),0,9.166666667,2023,Privada,2,,,Sem risco,Alto,Média,Baixo,Alto
RA-1076,FASE 2,2A,Aluno-1076,,,Feminino,2023,Pública,Ametista,7.901033333,3.0,9.0,9.7,2.52,Não informado,8.5,9.0,8.0,,,,8.8775,5.0,Fase 3 (7° e 8° ano),-1,8.333333333,2023,Pública,2,,,Risco moderado,Alto,Média,Baixo,Alto
RA-490,FASE 2,2A,Aluno-490,,,Feminino,2022,Privada,Ametista,7.429466667,3.0,7.9,7.9,2.52,Não informado,5.8,2.8,8.7,,,,9.0075,10.0,Fase 2 (5° e 6° ano),0,8.541666667,2023,Privada,2,,,Sem risco,Médio,Baixa,Baixo,Médio
RA-491,FASE 2,2A,Aluno-491,,,Masculino,2022,Pública,Ametista,7.560533333,3.0,9.5,9.6,2.52,Não informado,5.0,3.3,6.7,,,,8.3375,10.0,Fase 2 (5° e 6° ano),0,7.708333333,2023,Pública,2,,,Sem risco,Alto,Alta,Baixo,Médio
RA-1077,FASE 2,2B,Aluno-1077,,,Masculino,2023,Pública,Ametista,7.2115,3.0,0.0,9.7,2.52,Não informado,7.3,6.8,7.8,,,,8.4225,10.0,Fase 2 (5° e 6° ano),0,8.75,2023,Pública,2,,,Sem risco,Alto,Baixa,Baixo,Médio
RA-484,FASE 2,2B,Aluno-484,,12.0,Masculino,2022,Pública,Quartzo,5.515466667,3.0,6.4,7.5,2.52,Não informado,3.6,3.2,4.0,,,,6.8,5.0,Fase 3 (7° e 8° ano),-1,5.416666667,2023,Pública,2,,,Risco moderado,Baixo,Baixa,Baixo,Baixo
RA-508,FASE 2,2B,Aluno-508,,10.0,Masculino,2022,Pública,Ametista,7.671633333,3.0,6.4,8.6,2.52,Não informado,7.5,6.2,8.7,,,,8.6725,10.0,Fase 2 (5° e 6° ano),0,8.333333333,2023,Pública,2,,,Sem risco,Médio,Baixa,Baixo,Médio
RA-495,FASE 2,2B,Aluno-495,,,Masculino,2022,Privada,Ametista,7.417366667,3.0,9.0,8.4,2.52,Não informado,7.4,6.0,8.8,,,,8.755,5.0,Fase 3 (7° e 8° ano),-1,8.541666667,2023,Privada,2,,,Risco moderado,Médio,Média,Baixo,Médio
RA-1078,FASE 2,2B,Aluno-1078,,14.0,Masculino,2023,Pública,Ágata,6.472333333,3.0,5.3,6.8,2.52,Não informado,6.4,4.3,8.5,,,,8.2975,5.0,Fase 4 (9° ano),-2,8.958333333,2023,Pública,2,,,Risco moderado,Baixo,Baixa,Baixo,Baixo
RA-340,FASE 2,2B,Aluno-340,,,Masculino,2017,Pública,Ametista,7.059666667,3.0,0.0,9.6,2.52,Não informado,8.9,9.0,8.7,,,,8.505,5.0,Fase 3 (7° e 8° ano),-1,9.166666667,2023,Pública,2,,,Risco moderado,Alto,Baixa,Baixo,Médio
RA-1079,FASE 2,2B,Aluno-1079,,,Masculino,2023,Pública,Ágata,6.916533333,3.0,9.0,8.1,2.52,Não informado,7.6,7.3,7.8,,,,7.13,5.0,Fase 3 (7° e 8° ano),-1,7.083333333,2023,Pública,2,,,Risco moderado,Médio,Média,Baixo,Médio
RA-1080,FASE 2,2B,Aluno-1080,,12.0,Masculino,2023,Pública,Ágata,6.571966667,3.0,7.9,10.0,5.0,Não informado,1.5,0.0,3.0,,,,8.13,5.0,Fase 3 (7° e 8° ano),-1,8.541666667,2023,Pública,2,,,Risco moderado,Alto,Baixa,Baixo,Baixo
RA-1081,FASE 2,2B,Aluno-1081,,14.0,Feminino,2023,Pública,Ametista,7.666033333,3.0,10.0,10.0,2.52,Não informado,6.5,8.0,5.0,,,,8.59,5.0,Fase 4 (9° ano),-2,8.958333333,2023,Pública,2,,,Risco moderado,Alto,Alta,Baixo,Médio
RA-1082,FASE 2,2B,Aluno-1082,,,Feminino,2023,Pública,Ametista,7.1617,3.0,9.5,9.5,2.52,Não informado,5.0,3.5,6.5,,,,8.4225,5.0,Fase 3 (7° e 8° ano),-1,8.75,2023,Pública,2,,,Risco moderado,Alto,Alta,Baixo,Médio
RA-1083,FASE 2,2B,Aluno-1083,,10.0,Feminino,2023,Pública,Topázio,8.2345,3.0,6.8,10.0,5.0,Não informado,7.5,7.0,8.0,,,,8.38,10.0,Fase 2 (5° e 6° ano),0,8.75,2023,Pública,2,,,Sem risco,Alto,Baixa,Baixo,Alto
RA-531,FASE 2,2B,Aluno-531,,11.0,Masculino,2022,Pública,Topázio,8.3252,3.0,9.5,10.0,2.52,Não informado,7.7,6.3,9.0,,,,8.59,10.0,Fase 2 (5° e 6° ano),0,8.75,2023,Pública,2,,,Sem risco,Alto,Alta,Baixo,Alto
RA-1084,FASE 2,2B,Aluno-1084,,11.0,Feminino,2023,Pública,Ametista,7.9948,3.0,8.4,10.0,2.52,Não informado,6.8,5.0,8.5,,,,8.38,10.0,Fase 2 (5° e 6° ano),0,8.75,2023,Pública,2,,,Sem risco,Alto,Média,Baixo,Alto
RA-516,FASE 2,2B,Aluno-516,,10.0,Masculino,2019,Privada - Programa de Apadrinhamento,Topázio,8.6807,3.0,10.0,9.8,2.52,Não informado,9.3,9.0,9.5,,,,8.7175,10.0,Fase 2 (5° e 6° ano),0,8.75,2023,Privada,2,,,Sem risco,Alto,Alta,Baixo,Alto
RA-348,FASE 2,2B,Aluno-348,,,Masculino,2022,Pública,Ágata,6.817866667,3.0,10.0,8.7,2.52,Não informado,4.4,2.0,6.7,,,,8.0075,5.0,Fase 3 (7° e 8° ano),-1,8.541666667,2023,Pública,2,,,Risco moderado,Médio,Alta,Baixo,Baixo
RA-1085,FASE 2,2C,Aluno-1085,,12.0,Feminino,2023,Pública,Ágata,6.563833333,3.0,0.0,9.8,2.52,Não informado,6.7,6.0,7.3,,,,8.13,5.0,Fase 3 (7° e 8° ano),-1,8.958333333,2023,Pública,2,,,Risco moderado,Alto,Baixa,Baixo,Baixo
RA-1086,FASE 2,2C,Aluno-1086,,12.0,Feminino,2023,Pública,Ametista,7.2382,3.0,8.5,9.4,2.52,Não informado,5.7,6.0,5.3,,,,8.755,5.0,Fase 3 (7° e 8° ano),-1,8.75,2023,Pública,2,,,Risco moderado,Alto,Média,Baixo,Médio
RA-1087,FASE 2,2C,Aluno-1087,,12.0,Feminino,2023,Pública,Ametista,7.2067,3.0,10.0,9.5,2.52,Não informado,5.4,3.7,7.0,,,,8.0475,5.0,Fase 3 (7° e 8° ano),-1,8.75,2023,Pública,2,,,Risco moderado,Alto,Alta,Baixo,Médio
RA-509,FASE 2,2C,Aluno-509,,12.0,Feminino,2018,Pública,Ametista,7.606033333,3.0,8.5,8.1,2.52,Não informado,8.6,8.2,9.0,,,,8.84,5.0,Fase 3 (7° e 8° ano),-1,8.958333333,2023,Pública,2,,,Risco moderado,Médio,Média,Baixo,Médio
RA-499,FASE 2,2C,Aluno-499,,11.0,Masculino,2020,Pública,Ametista,7.8883,3.0,7.9,10.0,2.52,Não informado,6.6,5.3,7.8,,,,8.2975,10.0,Fase 2 (5° e 6° ano),0,8.75,2023,Pública,2,,,Sem risco,Alto,Baixa,Baixo,Alto
RA-500,FASE 2,2C,Aluno-500,,11.0,Feminino,2020,Pública,Topázio,8.427533333,3.0,9.5,10.0,2.52,Não informado,7.9,8.5,7.2,,,,8.7975,10.0,Fase 2 (5° e 6° ano),0,8.958333333,2023,Pública,2,,,Sem risco,Alto,Alta,Baixo,Alto
RA-1088,FASE 2,2C,Aluno-1088,,13.0,Masculino,2023,Pública,Ametista,7.4717,3.0,9.5,9.8,2.52,Não informado,6.8,6.0,7.5,,,,7.9225,5.0,Fase 3 (7° e 8° ano),-1,8.75,2023,Pública,2,,,Risco moderado,Alto,Alta,Baixo,Médio
RA-1089,FASE 2,2C,Aluno-1089,,,Feminino,2023,Pública,Ametista,7.9947,3.0,9.0,9.5,2.52,Não informado,7.0,6.0,8.0,,,,8.3375,10.0,Fase 2 (5° e 6° ano),0,8.75,2023,Pública,2,,,Sem risco,Alto,Média,Baixo,Alto
RA-1090,FASE 2,2C,Aluno-1090,,13.0,Masculino,2023,Pública,Ametista,7.844033333,3.0,9.0,9.6,2.52,Não informado,9.0,8.7,9.3,,,,7.88,5.0,Fase 3 (7° e 8° ano),-1,8.958333333,2023,Pública,2,,,Risco moderado,Alto,Média,Baixo,Alto
RA-503,FASE 2,2C,Aluno-503,,,Masculino,2020,Pública,Topázio,8.4682,3.0,9.5,10.0,2.52,Não informado,8.7,8.7,8.7,,,,8.255,10.0,Fase 2 (5° e 6° ano),0,8.75,2023,Pública,2,,,Sem risco,Alto,Alta,Baixo,Alto
RA-1091,FASE 2,2C,Aluno-1091,,12.0,Masculino,2023,Pública,Topázio,8.032533333,3.0,8.5,9.0,2.52,Não informado,9.5,9.3,9.7,,,,9.1725,5.0,Fase 3 (7° e 8° ano),-1,8.958333333,2023,Pública,2,,,Risco moderado,Médio,Média,Baixo,Alto
RA-1092,FASE 2,2C,Aluno-1092,,12.0,Masculino,2023,Pública,Ametista,7.41,3.0,7.8,9.8,2.52,Não informado,6.9,6.0,7.8,,,,8.2975,5.0,Fase 3 (7° e 8° ano),-1,8.75,2023,Pública,2,,,Risco moderado,Alto,Baixa,Baixo,Médio
RA-1093,FASE 2,2C,Aluno-1093,,11.0,Masculino,2023,Pública,Topázio,8.197533333,3.0,7.0,9.3,2.52,Não informado,9.2,9.3,9.0,,,,8.2975,10.0,Fase 2 (5° e 6° ano),0,8.958333333,2023,Pública,2,,,Sem risco,Alto,Baixa,Baixo,Alto
RA-1094,FASE 2,2C,Aluno-1094,,11.0,Feminino,2023,Pública,Topázio,8.1779,3.0,7.8,9.5,2.52,Não informado,8.5,7.8,9.2,,,,8.3375,10.0,Fase 2 (5° e 6° ano),0,8.75,2023,Pública,2,,,Sem risco,Alto,Baixa,Baixo,Alto
RA-1095,FASE 2,2C,Aluno-1095,,,Masculino,2023,Pública,Ágata,6.238,3.0,0.0,9.8,2.52,Não informado,5.3,5.8,4.7,,,,8.005,5.0,Fase 3 (7° e 8° ano),-1,8.75,2023,Pública,2,,,Risco moderado,Alto,Baixa,Baixo,Baixo
RA-324,FASE 2,2D,Aluno-324,,,Feminino,2022,Pública,Ametista,7.6354,3.0,5.8,9.0,2.52,Não informado,8.4,8.0,8.7,,,,7.5875,10.0,Fase 2 (5° e 6° ano),0,8.125,2023,Pública,2,,,Sem risco,Médio,Baixa,Baixo,Médio
RA-350,FASE 2,2D,Aluno-350,,,Feminino,2022,Pública,Ametista,7.972033333,3.0,10.0,9.7,2.52,Não informado,9.0,8.8,9.2,,,,7.92,5.0,Fase 3 (7° e 8° ano),-1,8.958333333,2023,Pública,2,,,Risco moderado,Alto,Alta,Baixo,Alto
RA-517,FASE 2,2D,Aluno-517,,13.0,Feminino,2017,Pública,Ágata,6.3104,3.0,4.1,9.0,2.52,Não informado,6.6,4.5,8.7,,,,6.7125,5.0,Fase 3 (7° e 8° ano),-1,6.875,2023,Pública,2,,,Risco moderado,Médio,Baixa,Baixo,Baixo
RA-325,FASE 2,2D,Aluno-325,,11.0,Masculino,2022,Pública,Ágata,6.243,3.0,0.0,7.1,5.0,Não informado,5.6,3.8,7.3,,,,7.0025,10.0,Fase 2 (5° e 6° ano),0,8.125,2023,Pública,2,,,Sem risco,Baixo,Baixa,Baixo,Baixo
RA-518,FASE 2,2D,Aluno-518,,11.0,Masculino,2022,Pública,Ametista,7.5762,3.0,8.5,8.5,5.0,Não informado,6.7,5.5,7.8,,,,6.9175,10.0,Fase 2 (5° e 6° ano),0,8.125,2023,Pública,2,,,Sem risco,Médio,Média,Baixo,Médio
RA-530,FASE 2,2D,Aluno-530,,11.0,Masculino,2019,Pública,Ametista,7.653033333,3.0,10.0,8.8,5.0,Não informado,5.7,5.8,5.5,,,,7.46,10.0,Fase 2 (5° e 6° ano),0,7.708333333,2023,Pública,2,,,Sem risco,Médio,Alta,Baixo,Médio
RA-524,FASE 2,2D,Aluno-524,,,Masculino,2019,Pública,Ametista,7.331133333,3.0,6.4,9.2,2.52,Não informado,8.9,9.0,8.8,,,,7.42,5.0,Fase 3 (7° e 8° ano),-1,8.333333333,2023,Pública,2,,,Risco moderado,Alto,Baixa,Baixo,Médio
RA-1096,FASE 2,2D,Aluno-1096,,,Feminino,2023,Pública,Topázio,8.615533333,3.0,9.5,9.9,2.52,Não informado,9.6,9.5,9.7,,,,8.0875,10.0,Fase 2 (5° e 6° ano),0,8.958333333,2023,Pública,2,,,Sem risco,Alto,Alta,Baixo,Alto
RA-526,FASE 2,2D,Aluno-526,,,Masculino,2022,Pública,Topázio,8.0957,3.0,9.5,9.8,5.0,Não informado,8.8,8.3,9.3,,,,7.7525,5.0,Fase 3 (7° e 8° ano),-1,8.75,2023,Pública,2,,,Risco moderado,Alto,Alta,Baixo,Alto
RA-528,FASE 2,2D,Aluno-528,,,Masculino,2021,Pública,Ametista,7.6892,3.0,9.0,8.5,5.0,Não informado,8.2,7.5,8.8,,,,7.92,5.0,Fase 3 (7° e 8° ano),-1,8.75,2023,Pública,2,,,Risco moderado,Médio,Média,Baixo,Médio
RA-534,FASE 2,2D,Aluno-534,,13.0,Masculino,2021,Pública,Quartzo,5.8385,3.0,0.0,8.1,2.52,Não informado,5.4,3.7,7.0,,,,7.92,5.0,Fase 3 (7° e 8° ano),-1,8.125,2023,Pública,2,,,Risco moderado,Médio,Baixa,Baixo,Baixo
RA-1097,FASE 2,2D,Aluno-1097,,,Masculino,2023,Pública,Ágata,6.9547,3.0,9.5,8.6,5.0,Não informado,5.4,4.3,6.5,,,,6.96,5.0,Fase 4 (9° ano),-2,8.125,2023,Pública,2,,,Risco moderado,Médio,Alta,Baixo,Médio
RA-1098,FASE 2,2D,Aluno-1098,,13.0,Feminino,2023,Pública,Ametista,7.2787,3.0,9.5,9.5,2.52,Não informado,6.4,6.3,6.5,,,,7.92,5.0,Fase 3 (7° e 8° ano),-1,8.125,2023,Pública,2,,,Risco moderado,Alto,Alta,Baixo,Médio
RA-506,FASE 2,2D,Aluno-506,,13.0,Masculino,2020,Pública,Ametista,7.750033333,3.0,9.5,8.1,5.0,Não informado,8.5,7.3,9.7,,,,7.92,5.0,Fase 3 (7° e 8° ano),-1,8.958333333,2023,Pública,2,,,Risco moderado,Médio,Alta,Baixo,Médio
RA-1099,FASE 2,2F,Aluno-1099,,13.0,Feminino,2023,Pública,Ametista,7.113533333,3.0,9.0,9.6,2.52,Não informado,5.2,5.7,4.7,,,,8.34,5.0,Fase 3 (7° e 8° ano),-1,8.333333333,2023,Pública,2,,,Risco moderado,Alto,Média,Baixo,Médio
RA-1100,FASE 2,2F,Aluno-1100,,,Masculino,2023,Pública,Topázio,8.261033333,3.0,10.0,9.2,5.0,Não informado,7.1,6.3,7.8,,,,8.283333333,10.0,Fase 2 (5° e 6° ano),0,8.541666667,2023,Pública,2,,,Sem risco,Alto,Alta,Baixo,Alto
RA-1101,FASE 2,2F,Aluno-1101,,,Masculino,2023,Pública,Ágata,6.446666667,3.0,0.0,7.2,5.0,Não informado,5.3,4.2,6.3,,,,8.116666667,10.0,Fase 2 (5° e 6° ano),0,8.333333333,2023,Pública,2,,,Sem risco,Baixo,Baixa,Baixo,Baixo
RA-1102,FASE 2,2F,Aluno-1102,,,Masculino,2023,Pública,Topázio,8.123033333,3.0,9.5,9.5,5.0,Não informado,7.5,5.7,9.2,,,,7.56,10.0,Fase 2 (5° e 6° ano),0,7.708333333,2023,Pública,2,,,Sem risco,Alto,Alta,Baixo,Alto
RA-363,FASE 2,2F,Aluno-363,,13.0,Masculino,2022,Pública,Ágata,6.680833333,3.0,0.0,9.9,2.52,Não informado,6.8,6.8,6.8,,,,8.673333333,5.0,Fase 3 (7° e 8° ano),-1,8.541666667,2023,Pública,2,,,Risco moderado,Alto,Baixa,Baixo,Baixo
RA-1103,FASE 2,2F,Aluno-1103,,10.0,Masculino,2023,Pública,Ametista,7.574866667,3.0,9.0,8.7,5.0,Não informado,5.0,4.5,5.5,,,,8.006666667,10.0,Fase 2 (5° e 6° ano),0,8.333333333,2023,Pública,2,,,Sem risco,Médio,Média,Baixo,Médio
RA-539,FASE 2,2F,Aluno-539,,,Feminino,2022,Pública,Ametista,7.796866667,3.0,9.5,8.6,2.52,Não informado,8.5,7.2,9.7,,,,8.84,5.0,Fase 3 (7° e 8° ano),-1,9.166666667,2023,Pública,2,,,Risco moderado,Médio,Alta,Baixo,Alto
RA-540,FASE 2,2F,Aluno-540,,,Feminino,2019,Pública,Topázio,8.216033333,3.0,8.5,8.8,5.0,Não informado,7.1,6.5,7.7,,,,8.95,10.0,Fase 2 (5° e 6° ano),0,8.958333333,2023,Pública,2,,,Sem risco,Médio,Média,Baixo,Alto
RA-574,FASE 2,2F,Aluno-574,,,Masculino,2022,Pública,Ametista,7.878133333,3.0,6.9,8.2,5.0,Não informado,8.1,7.7,8.5,,,,8.173333333,10.0,Fase 2 (5° e 6° ano),0,7.916666667,2023,Pública,2,,,Sem risco,Médio,Baixa,Baixo,Alto
RA-369,FASE 2,2F,Aluno-369,,,Masculino,2022,Pública,Ágata,6.0197,3.0,10.0,4.1,5.0,Não informado,4.0,5.0,3.0,,,,7.726666667,5.0,Fase 3 (7° e 8° ano),-1,8.541666667,2023,Pública,2,,,Risco moderado,Baixo,Alta,Baixo,Baixo
RA-375,FASE 2,2F,Aluno-375,,12.0,Masculino,2019,Pública,Ametista,7.070833333,3.0,0.0,9.9,5.0,Não informado,7.9,6.8,9.0,,,,8.283333333,5.0,Fase 3 (7° e 8° ano),-1,8.541666667,2023,Pública,2,,,Risco moderado,Alto,Baixa,Baixo,Médio
RA-376,FASE 2,2F,Aluno-376,,,Feminino,2019,Pública,Ametista,7.1392,3.0,8.5,9.6,2.52,Não informado,5.9,4.3,7.5,,,,8.226666667,5.0,Fase 3 (7° e 8° ano),-1,7.916666667,2023,Pública,2,,,Risco moderado,Alto,Média,Baixo,Médio
RA-535,FASE 2,2G,Aluno-535,,,Feminino,2019,Pública,Topázio,8.0027,3.0,9.0,9.4,5.0,Não informado,5.6,4.7,6.5,,,,8.95,10.0,Fase 2 (5° e 6° ano),0,8.125,2023,Pública,2,,,Sem risco,Alto,Média,Baixo,Alto
RA-547,FASE 2,2G,Aluno-547,,12.0,Feminino,2019,Pública,Ágata,6.467,3.0,0.0,9.1,2.52,Não informado,6.2,5.0,7.3,,,,8.95,5.0,Fase 3 (7° e 8° ano),-1,8.75,2023,Pública,2,,,Risco moderado,Médio,Baixa,Baixo,Baixo
RA-548,FASE 2,2G,Aluno-548,,12.0,Masculino,2019,Pública,Ametista,7.4322,3.0,9.0,9.1,2.52,Não informado,7.4,6.2,8.5,,,,8.283333333,5.0,Fase 3 (7° e 8° ano),-1,8.333333333,2023,Pública,2,,,Risco moderado,Médio,Média,Baixo,Médio
RA-538,FASE 2,2G,Aluno-538,,13.0,Masculino,2022,Pública,Ágata,6.413466667,3.0,7.4,8.6,2.52,Não informado,4.7,3.5,5.8,,,,7.39,5.0,Fase 3 (7° e 8° ano),-1,7.916666667,2023,Pública,2,,,Risco moderado,Médio,Baixa,Baixo,Baixo
RA-365,FASE 2,2G,Aluno-365,,10.0,Feminino,2022,Pública,Topázio,8.6587,3.0,10.0,9.9,2.52,Não informado,8.7,8.2,9.2,,,,8.953333333,10.0,Fase 2 (5° e 6° ano),0,8.958333333,2023,Pública,2,,,Sem risco,Alto,Alta,Baixo,Alto
RA-559,FASE 2,2G,Aluno-559,,,Masculino,2021,Pública,Ametista,7.947366667,3.0,10.0,9.4,5.0,Não informado,7.4,6.5,8.2,,,,8.506666667,5.0,Fase 3 (7° e 8° ano),-1,8.958333333,2023,Pública,2,,,Risco moderado,Alto,Alta,Baixo,Alto
RA-1104,FASE 2,2G,Aluno-1104,,13.0,Feminino,2023,Pública,Ametista,7.265533333,3.0,5.7,10.0,2.52,Não informado,6.4,5.5,7.3,,,,9.063333333,5.0,Fase 3 (7° e 8° ano),-1,8.541666667,2023,Pública,2,,,Risco moderado,Alto,Baixa,Baixo,Médio
RA-563,FASE 2,2G,Aluno-563,,11.0,Feminino,2020,Pública,Ametista,7.684133333,3.0,6.4,9.7,2.52,Não informado,6.2,6.0,6.3,,,,8.726666667,10.0,Fase 2 (5° e 6° ano),0,8.75,2023,Pública,2,,,Sem risco,Alto,Baixa,Baixo,Médio
RA-573,FASE 2,2G,Aluno-573,,,Masculino,2020,Pública,Ametista,7.774366667,3.0,9.5,9.8,5.0,Não informado,6.6,5.7,7.5,,,,8.45,5.0,Fase 3 (7° e 8° ano),-1,8.541666667,2023,Pública,2,,,Risco moderado,Alto,Alta,Baixo,Médio
RA-551,FASE 2,2G,Aluno-551,,,Feminino,2018,Pública,Ametista,7.075033333,3.0,10.0,8.6,2.52,Não informado,5.4,4.5,6.2,,,,8.393333333,5.0,Fase 3 (7° e 8° ano),-1,8.541666667,2023,Pública,2,,,Risco moderado,Médio,Alta,Baixo,Médio
RA-566,FASE 2,2G,Aluno-566,,12.0,Feminino,2022,Pública,Ametista,7.7227,3.0,9.0,8.8,2.52,Não informado,8.4,8.8,8.0,,,,8.673333333,5.0,Fase 3 (7° e 8° ano),-1,8.958333333,2023,Pública,2,,,Risco moderado,Médio,Média,Baixo,Médio
RA-555,FASE 2,2G,Aluno-555,,,Masculino,2019,Pública,Quartzo,5.898133333,3.0,7.4,8.1,2.52,Não informado,3.9,1.5,6.2,,,,6.946666667,5.0,Fase 3 (7° e 8° ano),-1,6.25,2023,Pública,2,,,Risco moderado,Médio,Baixa,Baixo,Baixo
RA-373,FASE 2,2G,Aluno-373,,,Masculino,2022,Pública,Ágata,6.805,3.0,0.0,9.7,2.52,Não informado,8.4,7.7,9.0,,,,7.84,5.0,Fase 3 (7° e 8° ano),-1,8.75,2023,Pública,2,,,Risco moderado,Alto,Baixa,Baixo,Baixo
RA-1105,FASE 2,2G,Aluno-1105,,13.0,Feminino,2023,Pública,Ágata,6.299166667,3.0,0.0,9.0,2.52,Não informado,6.0,5.0,7.0,,,,8.673333333,5.0,Fase 3 (7° e 8° ano),-1,8.125,2023,Pública,2,,,Risco moderado,Médio,Baixa,Baixo,Baixo
RA-546,FASE 2,2H,Aluno-546,,,Feminino,2021,Pública,Ágata,6.031666667,3.0,0.0,7.2,2.52,Não informado,5.7,3.5,7.8,,,,9.173333333,5.0,Fase 3 (7° e 8° ano),-1,8.75,2023,Pública,2,,,Risco moderado,Baixo,Baixa,Baixo,Baixo
RA-557,FASE 2,2H,Aluno-557,,,Masculino,2019,Pública,Topázio,8.7717,3.0,10.0,8.2,5.0,Não informado,8.9,8.0,9.7,,,,9.62,10.0,Fase 2 (5° e 6° ano),0,9.375,2023,Pública,2,,,Sem risco,Médio,Alta,Baixo,Alto
RA-1106,FASE 2,2H,Aluno-1106,,12.0,Masculino,2023,Pública,Ametista,7.1642,3.0,8.5,9.3,5.0,Não informado,5.1,5.2,5.0,,,,8.003333333,5.0,Fase 3 (7° e 8° ano),-1,8.333333333,2023,Pública,2,,,Risco moderado,Alto,Média,Baixo,Médio
RA-558,FASE 2,2H,Aluno-558,,,Masculino,2022,Pública,Ágata,6.615333333,3.0,7.8,9.4,5.0,Não informado,6.0,5.7,6.3,,,,6.78,2.5,Fase 5 (1° EM),-3,6.458333333,2023,Pública,2,,,Alto risco,Alto,Baixa,Baixo,Baixo
RA-560,FASE 2,2H,Aluno-560,,,Masculino,2020,Pública,Quartzo,4.932,3.0,0.0,8.4,2.52,Não informado,4.0,2.3,5.7,,,,6.0,5.0,Fase 3 (7° e 8° ano),-1,5.0,2023,Pública,2,,,Risco moderado,Médio,Baixa,Baixo,Baixo
RA-1107,FASE 2,2H,Aluno-1107,,12.0,Feminino,2023,Pública,Ametista,7.9327,3.0,9.0,9.4,5.0,Não informado,7.5,8.0,7.0,,,,8.783333333,5.0,Fase 3 (7° e 8° ano),-1,8.958333333,2023,Pública,2,,,Risco moderado,Alto,Média,Baixo,Alto
RA-1108,FASE 2,2H,Aluno-1108,,12.0,Masculino,2023,Pública,Ágata,6.310833333,3.0,0.0,9.3,5.0,Não informado,4.7,3.7,5.7,,,,8.283333333,5.0,Fase 3 (7° e 8° ano),-1,8.541666667,2023,Pública,2,,,Risco moderado,Alto,Baixa,Baixo,Baixo
RA-542,FASE 2,2H,Aluno-542,,12.0,Feminino,2019,Pública,Ametista,7.816533333,3.0,9.5,9.7,5.0,Não informado,6.3,5.2,7.3,,,,9.006666667,5.0,Fase 3 (7° e 8° ano),-1,8.75,2023,Pública,2,,,Risco moderado,Alto,Alta,Baixo,Alto
RA-543,FASE 2,2H,Aluno-543,,11.0,Feminino,2022,Pública,Ametista,7.971833333,3.0,7.8,9.8,2.52,Não informado,6.5,5.5,7.5,,,,9.006666667,10.0,Fase 2 (5° e 6° ano),0,8.75,2023,Pública,2,,,Sem risco,Alto,Baixa,Baixo,Alto
RA-556,FASE 2,2H,Aluno-556,,,Feminino,2018,Pública,Ametista,7.7482,3.0,8.5,9.6,2.52,Não informado,7.2,6.5,7.8,,,,9.396666667,5.0,Fase 3 (7° e 8° ano),-1,9.166666667,2023,Pública,2,,,Risco moderado,Alto,Média,Baixo,Médio
RA-1109,FASE 2,2H,Aluno-1109,,14.0,Masculino,2023,Pública,Ágata,6.277533333,3.0,10.0,6.4,5.0,Não informado,3.4,3.5,3.3,,,,7.836666667,5.0,Fase 4 (9° ano),-2,7.5,2023,Pública,2,,,Risco moderado,Baixo,Alta,Baixo,Baixo
RA-389,FASE 2,2H,Aluno-389,,,Masculino,2019,Pública,Ágata,6.687,3.0,0.0,8.2,2.52,Não informado,8.2,6.8,9.5,,,,8.95,5.0,Fase 3 (7° e 8° ano),-1,8.75,2023,Pública,2,,,Risco moderado,Médio,Baixa,Baixo,Baixo
RA-1110,FASE 2,2H,Aluno-1110,,12.0,Feminino,2023,Pública,Ametista,7.248566667,3.0,4.6,9.2,5.0,Não informado,6.8,6.5,7.0,,,,8.73,5.0,Fase 3 (7° e 8° ano),-1,8.541666667,2023,Pública,2,,,Risco moderado,Alto,Baixa,Baixo,Médio
RA-568,FASE 2,2I,Aluno-568,,,Masculino,2018,Pública,Ágata,6.9647,3.0,7.0,7.9,5.0,Não informado,7.6,8.5,6.7,,,,8.01,2.5,Fase 5 (1° EM),-3,8.125,2023,Pública,2,,,Alto risco,Médio,Baixa,Baixo,Médio
RA-562,FASE 2,2I,Aluno-562,,12.0,Feminino,2021,Pública,Ágata,6.824833333,3.0,0.0,8.5,2.52,Não informado,8.7,7.7,9.7,,,,8.893333333,5.0,Fase 3 (7° e 8° ano),-1,8.541666667,2023,Pública,2,,,Risco moderado,Médio,Baixa,Baixo,Baixo
RA-1111,FASE 2,2I,Aluno-1111,,,Feminino,2023,Pública,Ágata,6.559166667,3.0,0.0,8.9,2.52,Não informado,5.4,4.8,6.0,,,,8.173333333,10.0,Fase 2 (5° e 6° ano),0,8.125,2023,Pública,2,,,Sem risco,Médio,Baixa,Baixo,Baixo
RA-1112,FASE 2,2I,Aluno-1112,,12.0,Masculino,2023,Pública,Ametista,7.088866667,3.0,9.5,7.9,2.52,Não informado,6.3,5.2,7.3,,,,8.616666667,5.0,Fase 3 (7° e 8° ano),-1,8.333333333,2023,Pública,2,,,Risco moderado,Médio,Alta,Baixo,Médio
RA-525,FASE 2,2I,Aluno-525,,,Feminino,2021,Pública,Ametista,7.911366667,3.0,8.0,8.6,2.52,Não informado,9.2,8.8,9.5,,,,9.566666667,5.0,Fase 3 (7° e 8° ano),-1,8.958333333,2023,Pública,2,,,Risco moderado,Médio,Baixa,Baixo,Alto
RA-357,FASE 2,2I,Aluno-357,,13.0,Masculino,2022,Pública,Topázio,8.2832,3.0,8.5,9.6,7.52,Não informado,8.7,8.7,8.7,,,,8.23,5.0,Fase 3 (7° e 8° ano),-1,8.75,2023,Pública,2,,,Risco moderado,Alto,Média,Alto,Alto
RA-583,FASE 2,2I,Aluno-583,,,Feminino,2019,Pública,Ametista,7.838866667,3.0,9.0,9.4,7.52,Não informado,6.3,5.5,7.0,,,,8.616666667,5.0,Fase 3 (7° e 8° ano),-1,8.333333333,2023,Pública,2,,,Risco moderado,Alto,Média,Alto,Alto
RA-584,FASE 2,2I,Aluno-584,,11.0,Feminino,2019,Pública,Ametista,7.697533333,3.0,9.5,9.0,2.52,Não informado,5.8,5.0,6.5,,,,8.56,10.0,Fase 2 (5° e 6° ano),0,8.333333333,2023,Pública,2,,,Sem risco,Médio,Alta,Baixo,Médio
RA-586,FASE 2,2K,Aluno-586,,10.0,Feminino,2021,Privada - Programa de Apadrinhamento,Topázio,8.4242,3.0,8.0,10.0,2.52,Não informado,8.4,7.5,9.2,,,,9.343333333,10.0,Fase 2 (5° e 6° ano),0,8.333333333,2023,Privada,2,,,Sem risco,Alto,Baixa,Baixo,Alto
RA-1113,FASE 2,2K,Aluno-1113,,,Masculino,2023,Pública,Quartzo,5.636666667,3.0,0.0,6.0,7.52,Não informado,5.0,5.0,5.0,,,,7.173333333,5.0,Fase 3 (7° e 8° ano),-1,7.5,2023,Pública,2,,,Risco moderado,Baixo,Baixa,Alto,Baixo
RA-413,FASE 2,2K,Aluno-413,,13.0,Feminino,2022,Pública,Ágata,6.803633333,3.0,7.9,8.9,2.52,Não informado,6.3,5.8,6.7,,,,7.503333333,5.0,Fase 3 (7° e 8° ano),-1,7.291666667,2023,Pública,2,,,Risco moderado,Médio,Baixa,Baixo,Baixo
RA-599,FASE 2,2K,Aluno-599,,10.0,Masculino,2022,Pública,Topázio,8.532866667,3.0,10.0,9.5,2.52,Não informado,8.5,8.2,8.7,,,,9.286666667,10.0,Fase 2 (5° e 6° ano),0,8.333333333,2023,Pública,2,,,Sem risco,Alto,Alta,Baixo,Alto
RA-1114,FASE 2,2K,Aluno-1114,,11.0,Feminino,2023,Pública,Ametista,7.5667,3.0,8.5,9.8,2.52,Não informado,4.9,4.3,5.5,,,,8.56,10.0,Fase 2 (5° e 6° ano),0,8.125,2023,Pública,2,,,Sem risco,Alto,Média,Baixo,Médio
RA-401,FASE 2,2K,Aluno-401,,12.0,Feminino,2021,Pública,Ágata,6.363666667,3.0,4.0,8.1,2.52,Não informado,7.3,6.3,8.3,,,,7.116666667,5.0,Fase 3 (7° e 8° ano),-1,7.083333333,2023,Pública,2,,,Risco moderado,Médio,Baixa,Baixo,Baixo
RA-1115,FASE 2,2K,Aluno-1115,,,Feminino,2023,Pública,Ágata,6.474,3.0,0.0,8.3,7.52,Não informado,4.0,6.0,2.0,,,,7.56,10.0,Fase 2 (5° e 6° ano),0,7.5,2023,Pública,2,,,Sem risco,Médio,Baixa,Alto,Baixo
RA-1116,FASE 2,2K,Aluno-1116,,13.0,Masculino,2023,Pública,Ágata,6.956533333,3.0,9.5,9.2,5.0,Não informado,4.9,3.8,6.0,,,,7.39,5.0,Fase 3 (7° e 8° ano),-1,7.083333333,2023,Pública,2,,,Risco moderado,Alto,Alta,Baixo,Médio
RA-604,FASE 2,2K,Aluno-604,,,Feminino,2021,Pública,Topázio,8.548033333,3.0,9.0,9.3,7.52,Não informado,7.5,6.0,9.0,,,,8.616666667,10.0,Fase 2 (5° e 6° ano),0,8.125,2023,Pública,2,,,Sem risco,Alto,Média,Alto,Alto
RA-605,FASE 2,2K,Aluno-605,,12.0,Feminino,2021,Pública,Ametista,7.709366667,3.0,9.0,9.5,7.52,Não informado,6.8,4.8,8.8,,,,7.84,5.0,Fase 3 (7° e 8° ano),-1,7.291666667,2023,Pública,2,,,Risco moderado,Alto,Média,Alto,Médio
RA-668,FASE 2,2K,Aluno-668,,12.0,Masculino,2022,Pública,Ágata,6.017933333,3.0,6.3,6.3,7.52,Não informado,3.4,2.7,4.0,,,,7.616666667,5.0,Fase 3 (7° e 8° ano),-1,6.875,2023,Pública,2,,,Risco moderado,Baixo,Baixa,Alto,Baixo
RA-1117,FASE 2,2K,Aluno-1117,,,Feminino,2023,Pública,Topázio,8.382366667,3.0,9.0,9.6,7.52,Não informado,7.3,6.0,8.5,,,,7.946666667,10.0,Fase 2 (5° e 6° ano),0,7.708333333,2023,Pública,2,,,Sem risco,Alto,Média,Alto,Alto
RA-1118,FASE 2,2K,Aluno-1118,,,Feminino,2023,Pública,Ametista,7.163833333,3.0,5.3,8.8,7.52,Não informado,6.0,4.8,7.2,,,,8.28,5.0,Fase 3 (7° e 8° ano),-1,7.708333333,2023,Pública,2,,,Risco moderado,Médio,Baixa,Alto,Médio
RA-610,FASE 2,2K,Aluno-610,,,Feminino,2022,Pública,Topázio,8.2857,3.0,10.0,10.0,2.52,Não informado,7.0,6.3,7.7,,,,8.896666667,10.0,Fase 2 (5° e 6° ano),0,8.541666667,2023,Pública,2,,,Sem risco,Alto,Alta,Baixo,Alto
RA-409,FASE 2,2K,Aluno-409,,,Feminino,2022,Pública,Ametista,7.621466667,3.0,8.4,9.5,2.52,Não informado,8.0,6.2,9.7,,,,8.73,5.0,Fase 3 (7° e 8° ano),-1,7.916666667,2023,Pública,2,,,Risco moderado,Alto,Média,Baixo,Médio
RA-466,FASE 2,2L,Aluno-466,,14.0,Masculino,2022,Pública,Ágata,6.595533333,3.0,9.5,7.6,6.89,Não informado,4.5,2.5,6.5,,,,7.056666667,5.0,Fase 4 (9° ano),-2,6.25,2023,Pública,2,,,Risco moderado,Baixo,Alta,Médio,Baixo
RA-760,FASE 2,2L,Aluno-760,,,Masculino,2021,Pública,Ágata,6.548333333,3.0,0.0,8.8,7.52,Não informado,6.3,5.8,6.8,,,,7.84,5.0,Fase 3 (7° e 8° ano),-1,7.083333333,2023,Pública,2,,,Risco moderado,Médio,Baixa,Alto,Baixo
RA-404,FASE 2,2L,Aluno-404,,,Feminino,2020,Pública,Ágata,6.7093,3.0,7.9,8.3,5.02,Não informado,6.0,4.7,7.2,,,,6.89,5.0,Fase 3 (7° e 8° ano),-1,6.875,2023,Pública,2,,,Risco moderado,Médio,Baixa,Baixo,Baixo
RA-590,FASE 2,2L,Aluno-590,,11.0,Feminino,2020,Privada,Ametista,7.647666667,3.0,6.3,9.7,3.77,Não informado,6.5,5.7,7.3,,,,8.34,10.0,Fase 2 (5° e 6° ano),0,7.291666667,2023,Privada,2,,,Sem risco,Alto,Baixa,Baixo,Médio
RA-469,FASE 2,2L,Aluno-469,,,Feminino,2022,Pública,Ametista,7.482533333,3.0,7.5,9.3,2.52,Não informado,7.8,6.8,8.8,,,,8.843333333,5.0,Fase 3 (7° e 8° ano),-1,7.916666667,2023,Pública,2,,,Risco moderado,Alto,Baixa,Baixo,Médio
RA-1119,FASE 2,2L,Aluno-1119,,13.0,Feminino,2023,Pública,Ametista,7.192,3.0,7.3,9.7,3.77,Não informado,5.9,3.0,8.8,,,,8.453333333,5.0,Fase 3 (7° e 8° ano),-1,7.708333333,2023,Pública,2,,,Risco moderado,Alto,Baixa,Baixo,Médio
RA-1120,FASE 2,2L,Aluno-1120,,11.0,Feminino,2023,Pública,Topázio,9.103366667,3.0,9.5,9.6,7.52,Não informado,8.3,7.3,9.2,,,,9.676666667,10.0,Fase 2 (5° e 6° ano),0,8.958333333,2023,Pública,2,,,Sem risco,Alto,Alta,Alto,Alto
RA-472,FASE 2,2L,Aluno-472,,,Feminino,2022,Pública,Ágata,6.6858,3.0,5.1,7.1,7.52,Não informado,5.5,3.7,7.2,,,,8.223333333,5.0,Fase 3 (7° e 8° ano),-1,7.708333333,2023,Pública,2,,,Risco moderado,Baixo,Baixa,Alto,Baixo
RA-1121,FASE 2,2L,Aluno-1121,,,Masculino,2023,Pública,Topázio,8.049,3.0,0.0,9.9,6.26,Não informado,8.0,6.5,9.5,,,,9.84,10.0,Fase 2 (5° e 6° ano),0,8.75,2023,Pública,2,,,Sem risco,Alto,Baixa,Médio,Alto
RA-1122,FASE 2,2L,Aluno-1122,,11.0,Masculino,2023,Pública,Ametista,7.3715,3.0,0.0,9.3,6.89,Não informado,6.9,5.2,8.5,,,,8.616666667,10.0,Fase 2 (5° e 6° ano),0,7.291666667,2023,Pública,2,,,Sem risco,Alto,Baixa,Médio,Médio
RA-438,FASE 2,2L,Aluno-438,,,Masculino,2022,Pública,Ágata,6.9883,3.0,6.9,7.5,6.26,Não informado,5.4,3.5,7.3,,,,7.223333333,10.0,Fase 2 (5° e 6° ano),0,6.458333333,2023,Pública,2,,,Sem risco,Baixo,Baixa,Médio,Médio
RA-408,FASE 2,2L,Aluno-408,,13.0,Feminino,2022,Pública,Ametista,7.242133333,3.0,7.9,8.5,3.77,Não informado,6.8,6.0,7.5,,,,8.45,5.0,Fase 3 (7° e 8° ano),-1,8.333333333,2023,Pública,2,,,Risco moderado,Médio,Baixa,Baixo,Médio
RA-1123,FASE 2,2L,Aluno-1123,,,Masculino,2023,Pública,Ágata,6.9565,3.0,7.3,8.9,7.52,Não informado,5.3,3.8,6.8,,,,7.113333333,5.0,Fase 3 (7° e 8° ano),-1,7.083333333,2023,Pública,2,,,Risco moderado,Médio,Baixa,Alto,Médio
RA-1124,FASE 2,2M,Aluno-1124,,14.0,Feminino,2023,Pública,Ágata,6.667866667,3.0,9.5,8.0,7.52,Não informado,3.0,1.0,5.0,,,,7.786666667,5.0,Fase 4 (9° ano),-2,7.083333333,2023,Pública,2,,,Risco moderado,Médio,Alta,Alto,Baixo
RA-623,FASE 2,2M,Aluno-623,,14.0,Masculino,2022,Pública,Ametista,7.8307,3.0,10.0,9.5,7.52,Não informado,7.3,5.8,8.8,,,,7.446666667,5.0,Fase 4 (9° ano),-2,7.291666667,2023,Pública,2,,,Risco moderado,Alto,Alta,Alto,Alto
RA-661,FASE 2,2M,Aluno-661,,,Masculino,2022,Pública,Ágata,6.846333333,3.0,0.0,7.7,6.89,Não informado,6.5,4.3,8.7,,,,7.836666667,10.0,Fase 2 (5° e 6° ano),0,7.5,2023,Pública,2,,,Sem risco,Baixo,Baixa,Médio,Baixo
RA-626,FASE 2,2M,Aluno-626,,12.0,Masculino,2021,Pública,Ametista,7.231033333,3.0,9.0,9.2,4.39,Não informado,6.5,4.7,8.3,,,,7.613333333,5.0,Fase 3 (7° e 8° ano),-1,7.291666667,2023,Pública,2,,,Risco moderado,Alto,Média,Baixo,Médio
RA-433,FASE 2,2M,Aluno-433,,,Masculino,2022,Pública,Ágata,6.5982,3.0,8.5,7.2,7.52,Não informado,4.8,1.8,7.7,,,,7.613333333,5.0,Fase 3 (7° e 8° ano),-1,5.833333333,2023,Pública,2,,,Risco moderado,Baixo,Média,Alto,Baixo
RA-614,FASE 2,2M,Aluno-614,,13.0,Masculino,2021,Pública,Topázio,8.2282,3.0,9.0,9.1,7.52,Não informado,8.6,8.8,8.3,,,,8.563333333,5.0,Fase 3 (7° e 8° ano),-1,8.333333333,2023,Pública,2,,,Risco moderado,Médio,Média,Alto,Alto
RA-434,FASE 2,2M,Aluno-434,,12.0,Masculino,2022,Pública,Ametista,7.069766667,3.0,6.3,8.0,7.52,Não informado,6.6,5.2,8.0,,,,7.613333333,5.0,Fase 3 (7° e 8° ano),-1,7.5,2023,Pública,2,,,Risco moderado,Médio,Baixa,Alto,Médio
RA-603,FASE 2,2M,Aluno-603,,11.0,Masculino,2022,Pública,Ágata,6.748833333,3.0,0.0,8.9,2.52,Não informado,7.0,5.7,8.2,,,,7.78,10.0,Fase 2 (5° e 6° ano),0,7.708333333,2023,Pública,2,,,Sem risco,Médio,Baixa,Baixo,Baixo
RA-436,FASE 2,2M,Aluno-436,,12.0,Masculino,2022,Pública,Quartzo,5.322366667,3.0,7.5,4.7,2.52,Não informado,3.4,3.7,3.0,,,,7.613333333,5.0,Fase 3 (7° e 8° ano),-1,6.875,2023,Pública,2,,,Risco moderado,Baixo,Baixa,Baixo,Baixo
RA-616,FASE 2,2M,Aluno-616,,,Masculino,2019,Pública,Quartzo,5.612,3.0,0.0,6.6,5.02,Não informado,6.8,5.5,8.0,,,,6.783333333,5.0,Fase 3 (7° e 8° ano),-1,5.833333333,2023,Pública,2,,,Risco moderado,Baixo,Baixa,Baixo,Baixo
RA-437,FASE 2,2M,Aluno-437,,,Masculino,2022,Pública,Ágata,6.947366667,3.0,8.0,8.4,7.52,Não informado,4.7,2.5,6.8,,,,7.78,5.0,Fase 4 (9° ano),-2,7.291666667,2023,Pública,2,,,Risco moderado,Médio,Baixa,Alto,Médio
RA-1125,FASE 2,2M,Aluno-1125,,,Feminino,2023,Pública,Ágata,6.655366667,3.0,4.7,7.9,7.52,Não informado,4.0,1.0,7.0,,,,6.95,10.0,Fase 2 (5° e 6° ano),0,6.666666667,2023,Pública,2,,,Sem risco,Médio,Baixa,Alto,Baixo
RA-619,FASE 2,2M,Aluno-619,,11.0,Feminino,2021,Pública,Ametista,7.891366667,3.0,9.0,7.1,3.77,Não informado,9.0,8.5,9.5,,,,8.116666667,10.0,Fase 2 (5° e 6° ano),0,7.708333333,2023,Pública,2,,,Sem risco,Baixo,Média,Baixo,Alto
RA-620,FASE 2,2M,Aluno-620,,13.0,Masculino,2021,Pública,Ametista,7.043666667,3.0,6.8,8.4,7.52,Não informado,6.2,5.2,7.2,,,,7.503333333,5.0,Fase 3 (7° e 8° ano),-1,6.875,2023,Pública,2,,,Risco moderado,Médio,Baixa,Alto,Médio
RA-1126,FASE 2,2M,Aluno-1126,,12.0,Feminino,2023,Pública,,,3.0,0.0,5.2,3.77,Não informado,,,,,,,7.06,5.0,Fase 3 (7° e 8° ano),-1,7.291666667,2023,Pública,2,,,Risco moderado,Baixo,Baixa,Baixo,
RA-1127,FASE 2,2N,Aluno-1127,,,Feminino,2023,Pública,Topázio,8.3167,3.0,8.5,9.9,5.02,Não informado,6.9,5.0,8.7,,,,9.01,10.0,Fase 2 (5° e 6° ano),0,8.125,2023,Pública,2,,,Sem risco,Alto,Média,Baixo,Alto
RA-1128,FASE 2,2N,Aluno-1128,,12.0,Masculino,2023,Pública,Ágata,6.404533333,3.0,9.5,7.3,5.02,Não informado,3.5,3.0,4.0,,,,7.503333333,5.0,Fase 3 (7° e 8° ano),-1,7.916666667,2023,Pública,2,,,Risco moderado,Baixo,Alta,Baixo,Baixo
RA-1129,FASE 2,2N,Aluno-1129,,11.0,Masculino,2023,Pública,Ametista,7.309333333,3.0,0.0,9.2,6.27,Não informado,7.8,6.8,8.7,,,,7.503333333,10.0,Fase 2 (5° e 6° ano),0,7.916666667,2023,Pública,2,,,Sem risco,Alto,Baixa,Médio,Médio
RA-1130,FASE 2,2N,Aluno-1130,,11.0,Masculino,2023,Pública,Topázio,8.0037,3.0,8.5,8.4,7.52,Não informado,7.3,6.3,8.2,,,,7.503333333,10.0,Fase 2 (5° e 6° ano),0,7.708333333,2023,Pública,2,,,Sem risco,Médio,Média,Alto,Alto
RA-1131,FASE 2,2N,Aluno-1131,,12.0,Feminino,2023,Pública,Topázio,8.316133333,3.0,7.9,9.9,5.02,Não informado,9.1,8.3,9.8,,,,9.286666667,5.0,Fase 3 (7° e 8° ano),-1,8.75,2023,Pública,2,,,Risco moderado,Alto,Baixa,Baixo,Alto
RA-1132,FASE 2,2N,Aluno-1132,,12.0,Masculino,2023,Pública,Ágata,6.829533333,3.0,10.0,6.3,6.27,Não informado,5.8,5.2,6.3,,,,7.503333333,5.0,Fase 3 (7° e 8° ano),-1,7.916666667,2023,Pública,2,,,Risco moderado,Baixo,Alta,Médio,Baixo
RA-1133,FASE 2,2N,Aluno-1133,,10.0,Feminino,2023,Pública,Topázio,8.600033333,3.0,9.5,10.0,6.27,Não informado,6.5,5.0,8.0,,,,9.343333333,10.0,Fase 2 (5° e 6° ano),0,8.541666667,2023,Pública,2,,,Sem risco,Alto,Alta,Médio,Alto
RA-1134,FASE 2,2N,Aluno-1134,,11.0,Masculino,2023,Pública,Ametista,7.769866667,3.0,8.0,9.7,3.76,Não informado,6.8,5.5,8.0,,,,7.56,10.0,Fase 2 (5° e 6° ano),0,7.916666667,2023,Pública,2,,,Sem risco,Alto,Baixa,Baixo,Médio
RA-618,FASE 2,2N,Aluno-618,,,Masculino,2020,Pública,Ágata,6.4745,3.0,0.0,9.2,5.02,Não informado,6.2,4.5,7.8,,,,7.95,5.0,Fase 4 (9° ano),-2,8.125,2023,Pública,2,,,Risco moderado,Alto,Baixa,Baixo,Baixo
RA-631,FASE 2,2N,Aluno-631,,13.0,Masculino,2022,Pública,Quartzo,5.954666667,3.0,0.0,6.4,6.27,Não informado,7.0,6.0,8.0,,,,6.78,5.0,Fase 3 (7° e 8° ano),-1,7.916666667,2023,Pública,2,,,Risco moderado,Baixo,Baixa,Médio,Baixo
RA-646,FASE 2,2P,Aluno-646,,13.0,Masculino,2019,Pública,Topázio,8.3547,3.0,10.0,8.9,7.52,Não informado,8.4,8.2,8.5,,,,8.783333333,5.0,Fase 3 (7° e 8° ano),-1,8.958333333,2023,Pública,2,,,Risco moderado,Médio,Alta,Alto,Alto
RA-451,FASE 2,2P,Aluno-451,,14.0,Feminino,2019,Pública,Topázio,8.386033333,3.0,8.5,9.5,4.39,Não informado,8.9,7.8,10.0,,,,9.896666667,5.0,Fase 4 (9° ano),-2,9.375,2023,Pública,2,,,Risco moderado,Alto,Média,Baixo,Alto
RA-1135,FASE 2,2P,Aluno-1135,,11.0,Masculino,2023,Pública,Ametista,7.453833333,3.0,0.0,9.4,7.52,Não informado,7.2,4.8,9.5,,,,7.896666667,10.0,Fase 2 (5° e 6° ano),0,8.125,2023,Pública,2,,,Sem risco,Alto,Baixa,Alto,Médio
RA-649,FASE 2,2P,Aluno-649,,,Feminino,2019,Pública,Ametista,7.579533333,3.0,9.0,9.3,3.77,Não informado,6.5,3.8,9.2,,,,8.836666667,5.0,Fase 3 (7° e 8° ano),-1,8.75,2023,Pública,2,,,Risco moderado,Alto,Média,Baixo,Médio
RA-651,FASE 2,2P,Aluno-651,,,Feminino,2022,Pública,Ametista,7.332,3.0,0.0,8.2,3.77,Não informado,9.3,9.8,8.7,,,,7.95,10.0,Fase 2 (5° e 6° ano),0,8.75,2023,Pública,2,,,Sem risco,Médio,Baixa,Baixo,Médio
RA-1136,FASE 2,2P,Aluno-1136,,13.0,Feminino,2023,Pública,Ágata,6.7351,3.0,6.8,8.1,2.52,Não informado,6.6,4.8,8.3,,,,7.723333333,5.0,Fase 3 (7° e 8° ano),-1,8.333333333,2023,Pública,2,,,Risco moderado,Médio,Baixa,Baixo,Baixo
RA-653,FASE 2,2P,Aluno-653,,12.0,Feminino,2022,Pública,Ametista,7.385666667,3.0,0.0,9.8,6.27,Não informado,7.9,7.7,8.0,,,,9.06,5.0,Fase 3 (7° e 8° ano),-1,9.166666667,2023,Pública,2,,,Risco moderado,Alto,Baixa,Médio,Médio
RA-456,FASE 2,2P,Aluno-456,,12.0,Feminino,2022,Pública,Ametista,7.518,3.0,0.0,8.3,4.39,Não informado,9.9,9.7,10.0,,,,9.953333333,5.0,Fase 3 (7° e 8° ano),-1,9.583333333,2023,Pública,2,,,Risco moderado,Médio,Baixa,Baixo,Médio
RA-655,FASE 2,2P,Aluno-655,,13.0,Feminino,2019,Pública,Topázio,8.3198,3.0,7.4,9.9,7.52,Não informado,8.3,7.2,9.3,,,,8.896666667,5.0,Fase 3 (7° e 8° ano),-1,9.166666667,2023,Pública,2,,,Risco moderado,Alto,Baixa,Alto,Alto
RA-656,FASE 2,2P,Aluno-656,,12.0,Feminino,2020,Pública,Ágata,6.780833333,3.0,0.0,8.9,7.52,Não informado,7.3,5.8,8.8,,,,7.173333333,5.0,Fase 3 (7° e 8° ano),-1,8.541666667,2023,Pública,2,,,Risco moderado,Médio,Baixa,Alto,Baixo
RA-657,FASE 2,2P,Aluno-657,,,Feminino,2021,Pública,Topázio,8.3532,3.0,8.5,10.0,7.52,Não informado,8.2,7.0,9.3,,,,8.73,5.0,Fase 3 (7° e 8° ano),-1,8.75,2023,Pública,2,,,Risco moderado,Alto,Média,Alto,Alto
RA-644,FASE 2,2P,Aluno-644,,,Feminino,2021,Pública,Ágata,6.897033333,3.0,10.0,5.6,7.52,Não informado,5.9,4.0,7.7,,,,7.503333333,5.0,Fase 3 (7° e 8° ano),-1,8.541666667,2023,Pública,2,,,Risco moderado,Baixo,Alta,Alto,Baixo
RA-461,FASE 2,2P,Aluno-461,,12.0,Feminino,2018,Pública,Ametista,7.2379,3.0,7.3,7.9,3.77,Não informado,7.4,5.7,9.0,,,,8.616666667,5.0,Fase 3 (7° e 8° ano),-1,8.541666667,2023,Pública,2,,,Risco moderado,Médio,Baixa,Baixo,Médio
RA-632,FASE 2,2R,Aluno-632,,11.0,Feminino,2022,Pública,Ametista,7.8768,3.0,4.7,9.1,5.64,Não informado,7.4,6.8,8.0,,,,8.563333333,10.0,Fase 2 (5° e 6° ano),0,8.333333333,2023,Pública,2,,,Sem risco,Médio,Baixa,Baixo,Alto
RA-633,FASE 2,2R,Aluno-633,,,Feminino,2020,Pública,Ágata,6.6552,3.0,1.7,8.1,6.27,Não informado,7.2,5.3,9.0,,,,7.286666667,5.0,Fase 3 (7° e 8° ano),-1,8.541666667,2023,Pública,2,,,Risco moderado,Médio,Baixa,Médio,Baixo
RA-1137,FASE 2,2R,Aluno-1137,,10.0,Feminino,2023,Pública,Topázio,8.743366667,3.0,9.5,9.8,6.27,Não informado,6.5,6.0,7.0,,,,9.843333333,10.0,Fase 2 (5° e 6° ano),0,9.375,2023,Pública,2,,,Sem risco,Alto,Alta,Médio,Alto
RA-1138,FASE 2,2R,Aluno-1138,,12.0,Feminino,2023,Pública,Topázio,8.3472,3.0,9.0,9.2,6.27,Não informado,9.3,9.0,9.5,,,,8.566666667,5.0,Fase 3 (7° e 8° ano),-1,9.166666667,2023,Pública,2,,,Risco moderado,Alto,Média,Médio,Alto
RA-1139,FASE 2,2R,Aluno-1139,,11.0,Masculino,2023,Pública,Ametista,7.6647,3.0,8.5,9.1,5.64,Não informado,5.3,6.3,4.3,,,,7.79,10.0,Fase 2 (5° e 6° ano),0,8.125,2023,Pública,2,,,Sem risco,Médio,Média,Baixo,Médio
RA-1140,FASE 2,2R,Aluno-1140,,11.0,Feminino,2023,Pública,Ametista,7.703533333,3.0,4.7,8.7,7.52,Não informado,7.3,8.5,6.0,,,,7.62,10.0,Fase 2 (5° e 6° ano),0,7.708333333,2023,Pública,2,,,Sem risco,Médio,Baixa,Alto,Médio
RA-445,FASE 2,2R,Aluno-445,,13.0,Masculino,2022,Pública,Ametista,7.9087,3.0,8.0,8.8,6.89,Não informado,8.4,7.7,9.0,,,,8.176666667,5.0,Fase 3 (7° e 8° ano),-1,8.541666667,2023,Pública,2,,,Risco moderado,Médio,Baixa,Médio,Alto
RA-1141,FASE 2,2R,Aluno-1141,,12.0,Feminino,2023,Pública,Ametista,7.2757,3.0,9.0,8.8,7.52,Não informado,5.9,5.5,6.2,,,,7.113333333,5.0,Fase 3 (7° e 8° ano),-1,7.708333333,2023,Pública,2,,,Risco moderado,Médio,Média,Alto,Médio
RA-639,FASE 2,2R,Aluno-639,,11.0,Feminino,2021,Pública,Ametista,7.5853,3.0,7.4,8.1,6.27,Não informado,6.3,4.8,7.8,,,,7.62,10.0,Fase 2 (5° e 6° ano),0,8.125,2023,Pública,2,,,Sem risco,Médio,Baixa,Médio,Médio
RA-1142,FASE 2,2R,Aluno-1142,,11.0,Feminino,2023,Pública,Topázio,9.175033333,3.0,9.0,10.0,7.52,Não informado,10.0,10.0,10.0,,,,8.343333333,10.0,Fase 2 (5° e 6° ano),0,8.541666667,2023,Pública,2,,,Sem risco,Alto,Média,Alto,Alto
RA-642,FASE 2,2R,Aluno-642,,,Feminino,2021,Pública,Topázio,8.416866667,3.0,9.5,9.2,6.27,Não informado,6.5,5.7,7.2,,,,9.173333333,10.0,Fase 2 (5° e 6° ano),0,8.75,2023,Pública,2,,,Sem risco,Alto,Alta,Médio,Alto
RA-658,FASE 2,2U,Aluno-658,,10.0,Feminino,2022,Pública,Topázio,8.438533333,3.0,9.5,9.5,7.52,Não informado,6.1,5.3,6.8,,,,9.173333333,10.0,Fase 2 (5° e 6° ano),0,7.916666667,2023,Pública,2,,,Sem risco,Alto,Alta,Alto,Alto
RA-588,FASE 2,2U,Aluno-588,,10.0,Feminino,2021,Privada - Programa de Apadrinhamento,Topázio,8.3527,3.0,8.0,9.6,2.52,Não informado,7.8,7.5,8.0,,,,9.673333333,10.0,Fase 2 (5° e 6° ano),0,8.958333333,2023,Privada,2,,,Sem risco,Alto,Baixa,Baixo,Alto
RA-662,FASE 2,2U,Aluno-662,,12.0,Feminino,2022,Pública,Ágata,6.733566667,3.0,6.8,7.6,6.27,Não informado,6.7,4.3,9.0,,,,6.72,5.0,Fase 3 (7° e 8° ano),-1,7.291666667,2023,Pública,2,,,Risco moderado,Baixo,Baixa,Médio,Baixo
RA-403,FASE 2,2U,Aluno-403,,,Masculino,2020,Pública,Ametista,7.716366667,3.0,8.5,8.8,6.27,Não informado,7.8,6.8,8.8,,,,8.45,5.0,Fase 3 (7° e 8° ano),-1,7.291666667,2023,Pública,2,,,Risco moderado,Médio,Média,Médio,Médio
RA-591,FASE 2,2U,Aluno-591,,,Masculino,2021,Pública,Ametista,7.1472,3.0,9.0,8.5,6.27,Não informado,6.9,6.2,7.5,,,,7.333333333,5.0,Fase 3 (7° e 8° ano),-1,5.833333333,2023,Pública,2,,,Risco moderado,Médio,Média,Médio,Médio
RA-592,FASE 2,2U,Aluno-592,,11.0,Feminino,2020,Privada,Ametista,7.935466667,3.0,6.2,9.2,3.77,Não informado,7.6,5.5,9.7,,,,8.95,10.0,Fase 2 (5° e 6° ano),0,7.916666667,2023,Privada,2,,,Sem risco,Alto,Baixa,Baixo,Alto
RA-602,FASE 2,2U,Aluno-602,,12.0,Masculino,2019,Pública,Topázio,8.5592,3.0,10.0,9.6,7.52,Não informado,8.1,7.3,8.8,,,,9.51,5.0,Fase 3 (7° e 8° ano),-1,8.75,2023,Pública,2,,,Risco moderado,Alto,Alta,Alto,Alto
RA-666,FASE 2,2U,Aluno-666,,,Masculino,2022,Pública,Topázio,8.720366667,3.0,9.5,9.1,7.52,Não informado,7.1,6.7,7.5,,,,9.62,10.0,Fase 2 (5° e 6° ano),0,8.541666667,2023,Pública,2,,,Sem risco,Médio,Alta,Alto,Alto
RA-667,FASE 2,2U,Aluno-667,,12.0,Masculino,2021,Pública,Ágata,6.774866667,3.0,9.0,6.9,6.89,Não informado,5.2,3.0,7.3,,,,7.836666667,5.0,Fase 3 (7° e 8° ano),-1,7.083333333,2023,Pública,2,,,Risco moderado,Baixo,Média,Médio,Baixo
RA-422,FASE 2,2U,Aluno-422,,,Masculino,2022,Pública,Quartzo,5.57,3.0,0.0,7.8,7.52,Não informado,4.4,3.0,5.7,,,,6.106666667,5.0,Fase 3 (7° e 8° ano),-1,6.666666667,2023,Pública,2,,,Risco moderado,Baixo,Baixa,Alto,Baixo
RA-595,FASE 2,2U,Aluno-595,,,Masculino,2018,Pública,Quartzo,5.078666667,3.0,0.0,7.0,7.52,Não informado,3.3,3.2,3.3,,,,5.55,5.0,Fase 3 (7° e 8° ano),-1,6.666666667,2023,Pública,2,,,Risco moderado,Baixo,Baixa,Alto,Baixo
RA-423,FASE 2,2U,Aluno-423,,13.0,Feminino,2022,Pública,Ágata,6.607533333,3.0,8.0,8.7,6.89,Não informado,3.4,2.3,4.5,,,,7.45,5.0,Fase 3 (7° e 8° ano),-1,7.083333333,2023,Pública,2,,,Risco moderado,Médio,Baixa,Médio,Baixo
RA-669,FASE 2,2U,Aluno-669,,11.0,Masculino,2022,Pública,Ametista,7.345033333,3.0,8.5,7.8,7.52,Não informado,5.0,3.3,6.7,,,,7.06,10.0,Fase 2 (5° e 6° ano),0,7.708333333,2023,Pública,2,,,Sem risco,Baixo,Média,Alto,Médio
RA-670,FASE 2,2U,Aluno-670,,,Feminino,2022,Pública,Topázio,8.6067,3.0,9.5,8.7,7.52,Não informado,7.0,5.8,8.2,,,,9.343333333,10.0,Fase 2 (5° e 6° ano),0,8.958333333,2023,Pública,2,,,Sem risco,Médio,Alta,Alto,Alto
RA-609,FASE 2,2U,Aluno-609,,,Masculino,2019,Pública,Ágata,6.463033333,3.0,9.5,6.4,7.52,Não informado,5.3,3.2,7.3,,,,6.216666667,5.0,Fase 3 (7° e 8° ano),-1,6.875,2023,Pública,2,,,Risco moderado,Baixo,Alta,Alto,Baixo
RA-326,FASE 3,3A,Aluno-326,,13.0,Feminino,2022,Privada,Topázio,8.65075,4.0,9.6,9.4,3.14,Não informado,8.2,8.3,7.5,8.8,,,9.76,10.0,Fase 3 (7° e 8° ano),0,9.0625,2023,Privada,3,,,Sem risco,Alto,Alta,Baixo,Alto
RA-179,FASE 3,3A,Aluno-179,,12.0,Masculino,2022,Pública,Topázio,8.437641667,4.0,8.8,9.4,7.52,Não informado,6.4,8.7,6.3,4.3,,,8.9225,10.0,Fase 3 (7° e 8° ano),0,8.59375,2023,Pública,3,,,Sem risco,Alto,Média,Alto,Alto
RA-1143,FASE 3,3A,Aluno-1143,,15.0,Feminino,2023,Pública,Ágata,6.445933333,4.0,8.8,7.0,6.26,Não informado,5.3,6.0,6.3,3.5,,,6.2075,5.0,Fase 5 (1° EM),-2,7.5,2023,Pública,3,,,Risco moderado,Baixo,Média,Médio,Baixo
RA-330,FASE 3,3A,Aluno-330,,,Feminino,2018,Pública,Ágata,6.084875,4.0,9.6,7.2,6.89,Não informado,3.3,3.8,3.8,2.3,,,5.8275,5.0,Fase 5 (1° EM),-2,6.71875,2023,Pública,3,,,Risco moderado,Baixo,Alta,Médio,Baixo
RA-332,FASE 3,3A,Aluno-332,,,Masculino,2017,Privada - Programa de Apadrinhamento,Topázio,8.002591667,4.0,9.2,8.4,8.76,Não informado,6.8,6.3,7.7,6.5,,,9.175,5.0,Fase 4 (9° ano),-1,8.28125,2023,Privada,3,,,Risco moderado,Médio,Alta,Alto,Alto
RA-199,FASE 3,3A,Aluno-199,,,Masculino,2022,Privada,Ametista,7.892341667,4.0,9.2,7.6,7.51,Não informado,8.5,8.2,8.2,9.2,,,8.505,5.0,Fase 4 (9° ano),-1,7.96875,2023,Privada,3,,,Risco moderado,Baixo,Alta,Médio,Alto
RA-1144,FASE 3,3B,Aluno-1144,,13.0,Feminino,2023,Pública,Ametista,7.410625,4.0,0.0,9.4,5.02,Não informado,8.0,7.0,8.2,8.8,,,8.0025,10.0,Fase 3 (7° e 8° ano),0,8.28125,2023,Pública,3,,,Sem risco,Alto,Baixa,Baixo,Médio
RA-352,FASE 3,3B,Aluno-352,,12.0,Masculino,2019,Pública,Ametista,7.840341667,4.0,9.2,8.1,6.26,Não informado,7.2,8.2,6.0,7.5,,,7.17,10.0,Fase 3 (7° e 8° ano),0,7.96875,2023,Pública,3,,,Sem risco,Médio,Alta,Médio,Alto
RA-1145,FASE 3,3B,Aluno-1145,,11.0,Feminino,2023,Pública,Ametista,7.484375,4.0,0.0,9.5,4.39,Não informado,7.8,7.7,7.7,8.0,,,8.63,10.0,Fase 2 (5° e 6° ano),1,8.59375,2023,Pública,3,,,Sem risco,Alto,Baixa,Baixo,Médio
RA-1146,FASE 3,3B,Aluno-1146,,14.0,Feminino,2023,Pública,Ágata,6.689583333,4.0,9.6,8.8,6.26,Não informado,3.7,5.0,3.3,2.7,,,6.965,5.0,Fase 4 (9° ano),-1,7.1875,2023,Pública,3,,,Risco moderado,Médio,Alta,Médio,Baixo
RA-331,FASE 3,3B,Aluno-331,,13.0,Feminino,2019,Pública,Ametista,7.039791667,4.0,9.6,8.6,2.52,Não informado,5.2,5.7,4.8,5.2,,,6.7975,10.0,Fase 3 (7° e 8° ano),0,7.03125,2023,Pública,3,,,Sem risco,Médio,Alta,Baixo,Médio
RA-227,FASE 3,3B,Aluno-227,,,Masculino,2022,Pública,Ametista,7.722125,4.0,9.6,7.5,5.63,Não informado,6.9,7.2,6.5,7.0,,,7.4625,10.0,Fase 3 (7° e 8° ano),0,8.28125,2023,Pública,3,,,Sem risco,Baixo,Alta,Baixo,Médio
RA-247,FASE 3,3B,Aluno-247,,13.0,Feminino,2021,Pública,Ametista,7.221958333,4.0,0.0,8.5,7.52,Não informado,7.2,6.5,6.7,8.3,,,7.5425,10.0,Fase 3 (7° e 8° ano),0,8.28125,2023,Pública,3,,,Sem risco,Médio,Baixa,Alto,Médio
RA-343,FASE 3,3B,Aluno-343,,,Masculino,2020,Pública,Ágata,6.779591667,4.0,9.2,7.2,6.26,Não informado,5.7,4.5,6.7,6.0,,,6.9225,5.0,Fase 5 (1° EM),-2,7.65625,2023,Pública,3,,,Risco moderado,Baixo,Alta,Médio,Baixo
RA-1147,FASE 3,3B,Aluno-1147,,,Feminino,2023,Pública,Ametista,7.072983333,4.0,8.3,8.3,6.26,Não informado,6.7,5.0,7.5,7.5,,,7.0075,5.0,Fase 4 (9° ano),-1,7.1875,2023,Pública,3,,,Risco moderado,Médio,Média,Médio,Médio
RA-345,FASE 3,3B,Aluno-345,,,Masculino,2021,Pública,Ágata,6.534766667,4.0,8.8,6.8,6.26,Não informado,4.6,5.7,5.7,2.5,,,7.1725,5.0,Fase 4 (9° ano),-1,8.125,2023,Pública,3,,,Risco moderado,Baixo,Média,Médio,Baixo
RA-336,FASE 3,3B,Aluno-336,,14.0,Masculino,2016,Pública,Quartzo,5.887708333,4.0,0.0,7.5,6.89,Não informado,5.1,6.7,5.2,3.3,,,7.255,5.0,Fase 4 (9° ano),-1,7.34375,2023,Pública,3,,,Risco moderado,Baixo,Baixa,Médio,Baixo
RA-346,FASE 3,3B,Aluno-346,,,Masculino,2022,Pública,Ametista,7.305541667,4.0,0.0,9.4,8.14,Não informado,6.2,6.7,5.5,6.5,,,7.84,10.0,Fase 2 (5° e 6° ano),1,7.96875,2023,Pública,3,,,Sem risco,Alto,Baixa,Alto,Médio
RA-1148,FASE 3,3B,Aluno-1148,,11.0,Feminino,2023,Pública,Ametista,7.227866667,4.0,7.9,8.6,3.77,Não informado,5.7,5.7,5.3,6.2,,,7.2125,10.0,Fase 2 (5° e 6° ano),1,7.5,2023,Pública,3,,,Sem risco,Médio,Baixa,Baixo,Médio
RA-1149,FASE 3,3C,Aluno-1149,,,Feminino,2023,Pública,Ametista,7.410108333,4.0,8.3,9.8,2.52,Não informado,7.2,6.0,6.8,8.7,,,8.1725,5.0,Fase 4 (9° ano),-1,7.96875,2023,Pública,3,,,Risco moderado,Alto,Média,Baixo,Médio
RA-1150,FASE 3,3C,Aluno-1150,,16.0,Masculino,2023,Pública,Ametista,7.076008333,4.0,9.2,9.8,2.52,Não informado,6.7,7.0,6.5,6.5,,,7.835,2.5,Fase 6 (2° EM),-3,7.96875,2023,Pública,3,,,Alto risco,Alto,Alta,Baixo,Médio
RA-1151,FASE 3,3C,Aluno-1151,,,Feminino,2023,Pública,Ametista,7.829958333,4.0,7.5,9.5,2.52,Não informado,8.3,7.3,8.8,8.7,,,7.545,10.0,Fase 3 (7° e 8° ano),0,7.65625,2023,Pública,3,,,Sem risco,Alto,Baixa,Baixo,Alto
RA-356,FASE 3,3C,Aluno-356,,,Masculino,2019,Pública,Ágata,6.452008333,4.0,9.2,8.5,2.52,Não informado,3.4,4.3,4.5,1.3,,,6.5025,10.0,Fase 3 (7° e 8° ano),0,6.09375,2023,Pública,3,,,Sem risco,Médio,Alta,Baixo,Baixo
RA-1152,FASE 3,3C,Aluno-1152,,,Masculino,2023,Pública,Ágata,6.544916667,4.0,0.0,9.4,5.0,Não informado,6.8,6.7,6.0,7.8,,,7.585,5.0,Fase 4 (9° ano),-1,7.8125,2023,Pública,3,,,Risco moderado,Alto,Baixa,Baixo,Baixo
RA-221,FASE 3,3C,Aluno-221,,15.0,Masculino,2022,Pública,Ágata,6.959916667,4.0,9.6,9.0,5.0,Não informado,5.0,5.5,4.8,4.8,,,7.38,5.0,Fase 5 (1° EM),-2,7.1875,2023,Pública,3,,,Risco moderado,Médio,Alta,Baixo,Médio
RA-359,FASE 3,3C,Aluno-359,,13.0,Feminino,2019,Pública,Ametista,7.627125,4.0,9.6,9.2,2.52,Não informado,5.8,6.0,6.7,4.7,,,8.255,10.0,Fase 3 (7° e 8° ano),0,7.65625,2023,Pública,3,,,Sem risco,Alto,Alta,Baixo,Médio
RA-360,FASE 3,3C,Aluno-360,,13.0,Feminino,2019,Pública,Quartzo,5.790875,4.0,0.0,7.3,2.52,Não informado,4.3,5.3,4.8,2.8,,,7.4225,10.0,Fase 3 (7° e 8° ano),0,7.34375,2023,Pública,3,,,Sem risco,Baixo,Baixa,Baixo,Baixo
RA-338,FASE 3,3D,Aluno-338,,,Masculino,2019,Pública,Topázio,8.287441667,4.0,8.3,9.1,7.52,Não informado,6.7,8.7,7.0,4.5,,,8.38,10.0,Fase 3 (7° e 8° ano),0,8.59375,2023,Pública,3,,,Sem risco,Médio,Média,Alto,Alto
RA-339,FASE 3,3D,Aluno-339,,,Feminino,2019,Pública,Ametista,7.377583333,4.0,0.0,8.9,7.52,Não informado,7.1,7.7,5.7,7.8,,,8.255,10.0,Fase 3 (7° e 8° ano),0,7.8125,2023,Pública,3,,,Sem risco,Médio,Baixa,Alto,Médio
RA-353,FASE 3,3D,Aluno-353,,12.0,Feminino,2022,Pública,Topázio,8.309016667,4.0,8.8,9.9,2.52,Não informado,8.4,8.5,7.3,9.5,,,8.67,10.0,Fase 3 (7° e 8° ano),0,7.8125,2023,Pública,3,,,Sem risco,Alto,Média,Baixo,Alto
RA-1153,FASE 3,3D,Aluno-1153,,14.0,Feminino,2023,Pública,Ametista,7.968658333,4.0,7.9,10.0,7.52,Não informado,7.2,6.7,7.8,7.0,,,8.63,5.0,Fase 4 (9° ano),-1,7.65625,2023,Pública,3,,,Risco moderado,Alto,Baixa,Alto,Alto
RA-183,FASE 3,3D,Aluno-183,,14.0,Feminino,2022,Pública,Ametista,7.586241667,4.0,7.9,9.7,2.52,Não informado,7.7,7.0,8.0,8.2,,,8.795,5.0,Fase 4 (9° ano),-1,7.96875,2023,Pública,3,,,Risco moderado,Alto,Baixa,Baixo,Médio
RA-342,FASE 3,3D,Aluno-342,,15.0,Feminino,2021,Pública,Ametista,7.539875,4.0,7.5,8.6,7.52,Não informado,6.6,6.3,7.8,5.7,,,8.505,5.0,Fase 5 (1° EM),-2,7.96875,2023,Pública,3,,,Risco moderado,Médio,Baixa,Alto,Médio
RA-187,FASE 3,3D,Aluno-187,,13.0,Feminino,2019,Privada - Programa de Apadrinhamento,Ametista,7.809875,4.0,7.5,9.9,2.52,Não informado,6.9,7.3,8.7,4.7,,,8.255,10.0,Fase 3 (7° e 8° ano),0,7.96875,2023,Privada,3,,,Sem risco,Alto,Baixa,Baixo,Alto
RA-190,FASE 3,3D,Aluno-190,,14.0,Feminino,2022,Pública,Ágata,6.934158333,4.0,7.9,9.5,2.52,Não informado,5.7,5.8,5.2,6.0,,,7.9575,5.0,Fase 4 (9° ano),-1,7.65625,2023,Pública,3,,,Risco moderado,Alto,Baixa,Baixo,Médio
RA-347,FASE 3,3D,Aluno-347,,13.0,Feminino,2019,Pública,Ametista,7.61835,4.0,6.7,9.5,2.52,Não informado,7.3,6.7,6.2,9.0,,,7.7925,10.0,Fase 3 (7° e 8° ano),0,7.8125,2023,Pública,3,,,Sem risco,Alto,Baixa,Baixo,Médio
RA-234,FASE 3,3D,Aluno-234,,13.0,Masculino,2022,Pública,Ágata,6.248741667,4.0,6.7,8.0,2.52,Não informado,5.6,6.3,5.3,5.3,,,5.595,10.0,Fase 3 (7° e 8° ano),0,4.84375,2023,Pública,3,,,Sem risco,Médio,Baixa,Baixo,Baixo
RA-1154,FASE 3,3F,Aluno-1154,,13.0,Masculino,2023,Pública,Ametista,7.701125,4.0,9.6,9.3,5.63,Não informado,5.1,5.3,5.0,5.0,,,7.67,10.0,Fase 3 (7° e 8° ano),0,7.65625,2023,Pública,3,,,Sem risco,Alto,Alta,Baixo,Médio
RA-249,FASE 3,3F,Aluno-249,,,Masculino,2017,Pública,Quartzo,5.444625,4.0,0.0,8.2,5.0,Não informado,4.9,6.2,5.3,3.2,,,6.545,5.0,Fase 5 (1° EM),-2,5.15625,2023,Pública,3,,,Risco moderado,Médio,Baixa,Baixo,Baixo
RA-380,FASE 3,3F,Aluno-380,,14.0,Masculino,2017,Pública,Quartzo,4.912375,4.0,0.0,6.4,2.52,Não informado,4.5,7.0,4.0,2.5,,,6.5425,5.0,Fase 4 (9° ano),-1,6.71875,2023,Pública,3,,,Risco moderado,Baixo,Baixa,Baixo,Baixo
RA-250,FASE 3,3F,Aluno-250,,13.0,Feminino,2022,Pública,Ametista,7.598208333,4.0,0.0,9.3,5.63,Não informado,8.3,7.7,8.8,8.3,,,8.625,10.0,Fase 3 (7° e 8° ano),0,7.96875,2023,Pública,3,,,Sem risco,Alto,Baixa,Baixo,Médio
RA-367,FASE 3,3F,Aluno-367,,12.0,Feminino,2018,Pública,Ametista,7.38685,4.0,8.8,8.7,2.52,Não informado,5.9,7.0,5.5,5.2,,,7.7925,10.0,Fase 3 (7° e 8° ano),0,7.8125,2023,Pública,3,,,Sem risco,Médio,Média,Baixo,Médio
RA-1155,FASE 3,3F,Aluno-1155,,14.0,Feminino,2023,Pública,Ametista,7.821633333,4.0,9.2,9.2,5.63,Não informado,8.0,6.7,8.2,9.0,,,8.2925,5.0,Fase 4 (9° ano),-1,7.5,2023,Pública,3,,,Risco moderado,Alto,Alta,Baixo,Alto
RA-1156,FASE 3,3F,Aluno-1156,,12.0,Feminino,2023,Pública,Ametista,7.340775,4.0,8.3,9.2,2.52,Não informado,5.3,6.2,6.0,3.7,,,7.7925,10.0,Fase 3 (7° e 8° ano),0,7.96875,2023,Pública,3,,,Sem risco,Alto,Média,Baixo,Médio
RA-368,FASE 3,3F,Aluno-368,,,Masculino,2018,Pública,Quartzo,5.796458333,4.0,0.0,7.7,2.52,Não informado,6.7,5.0,7.2,7.8,,,7.34,5.0,Fase 4 (9° ano),-1,7.03125,2023,Pública,3,,,Risco moderado,Baixo,Baixa,Baixo,Baixo
RA-387,FASE 3,3F,Aluno-387,,14.0,Masculino,2019,Pública,Quartzo,4.794333333,4.0,0.0,6.8,2.52,Não informado,3.0,4.3,2.8,1.8,,,7.0075,5.0,Fase 4 (9° ano),-1,6.875,2023,Pública,3,,,Risco moderado,Baixo,Baixa,Baixo,Baixo
RA-388,FASE 3,3F,Aluno-388,,15.0,Feminino,2019,Pública,Quartzo,5.630833333,4.0,0.0,7.4,5.63,Não informado,4.2,6.0,4.3,2.2,,,7.835,5.0,Fase 5 (1° EM),-2,6.875,2023,Pública,3,,,Risco moderado,Baixo,Baixa,Baixo,Baixo
RA-374,FASE 3,3F,Aluno-374,,13.0,Feminino,2021,Privada,Ametista,7.533891667,4.0,8.8,8.3,5.63,Não informado,5.4,6.3,6.3,3.7,,,7.9175,10.0,Fase 3 (7° e 8° ano),0,7.65625,2023,Privada,3,,,Sem risco,Médio,Média,Baixo,Médio
RA-377,FASE 3,3F,Aluno-377,,13.0,Feminino,2021,Pública,Ametista,7.205041667,4.0,9.6,7.6,5.0,Não informado,4.8,6.0,5.7,2.8,,,7.6275,10.0,Fase 3 (7° e 8° ano),0,7.34375,2023,Pública,3,,,Sem risco,Baixo,Alta,Baixo,Médio
RA-223,FASE 3,3G,Aluno-223,,14.0,Feminino,2022,Pública,Quartzo,5.089833333,4.0,0.0,4.5,7.52,Não informado,3.8,5.5,4.0,1.8,,,7.1725,5.0,Fase 4 (9° ano),-1,7.5,2023,Pública,3,,,Risco moderado,Baixo,Baixa,Alto,Baixo
RA-236,FASE 3,3G,Aluno-236,,13.0,Feminino,2022,Pública,Ametista,7.337116667,4.0,10.0,7.5,7.52,Não informado,4.5,6.3,4.0,3.3,,,7.2975,10.0,Fase 3 (7° e 8° ano),0,7.1875,2023,Pública,3,,,Sem risco,Baixo,Alta,Alto,Médio
RA-362,FASE 3,3G,Aluno-362,,13.0,Feminino,2018,Pública,Ágata,6.392625,4.0,0.0,7.5,7.52,Não informado,5.1,5.7,6.8,2.8,,,7.0875,10.0,Fase 3 (7° e 8° ano),0,7.03125,2023,Pública,3,,,Sem risco,Baixo,Baixa,Alto,Baixo
RA-381,FASE 3,3G,Aluno-381,,,Masculino,2018,Pública,Quartzo,5.758041667,4.0,0.0,8.4,6.89,Não informado,3.9,5.3,5.3,1.2,,,6.84,5.0,Fase 4 (9° ano),-1,7.34375,2023,Pública,3,,,Risco moderado,Médio,Baixa,Médio,Baixo
RA-364,FASE 3,3G,Aluno-364,,,Masculino,2019,Pública,Ametista,7.734891667,4.0,8.8,9.0,6.89,Não informado,5.8,8.0,5.2,4.3,,,7.505,10.0,Fase 3 (7° e 8° ano),0,7.03125,2023,Pública,3,,,Sem risco,Médio,Média,Médio,Médio
RA-382,FASE 3,3G,Aluno-382,,15.0,Masculino,2017,Pública,Ágata,6.223833333,4.0,0.0,9.4,6.26,Não informado,5.2,5.0,5.8,4.7,,,7.1725,5.0,Fase 5 (1° EM),-2,7.5,2023,Pública,3,,,Risco moderado,Alto,Baixa,Médio,Baixo
RA-383,FASE 3,3G,Aluno-383,,12.0,Masculino,2019,Pública,Ametista,7.5408,4.0,9.2,8.8,3.14,Não informado,6.5,6.3,6.2,7.0,,,7.5,10.0,Fase 3 (7° e 8° ano),0,7.5,2023,Pública,3,,,Sem risco,Médio,Alta,Baixo,Médio
RA-384,FASE 3,3G,Aluno-384,,,Feminino,2017,Pública,Ágata,6.757958333,4.0,0.0,9.1,2.52,Não informado,7.3,6.3,7.2,8.3,,,7.335,10.0,Fase 3 (7° e 8° ano),0,7.65625,2023,Pública,3,,,Sem risco,Médio,Baixa,Baixo,Baixo
RA-1157,FASE 3,3G,Aluno-1157,,14.0,Masculino,2023,Pública,Ametista,7.086633333,4.0,9.2,8.8,6.26,Não informado,5.7,5.0,6.3,5.7,,,7.0025,5.0,Fase 4 (9° ano),-1,7.5,2023,Pública,3,,,Risco moderado,Médio,Alta,Médio,Médio
RA-386,FASE 3,3G,Aluno-386,,,Masculino,2019,Pública,Quartzo,5.758425,4.0,9.2,7.0,2.52,Não informado,3.3,5.0,3.7,1.2,,,6.6325,5.0,Fase 4 (9° ano),-1,7.03125,2023,Pública,3,,,Risco moderado,Baixo,Alta,Baixo,Baixo
RA-260,FASE 3,3G,Aluno-260,,,Feminino,2019,Pública,Topázio,8.080008333,4.0,9.2,9.9,7.52,Não informado,6.1,6.3,5.2,6.7,,,7.4175,10.0,Fase 3 (7° e 8° ano),0,7.34375,2023,Pública,3,,,Sem risco,Alto,Alta,Alto,Alto
RA-390,FASE 3,3G,Aluno-390,,,Feminino,2022,Pública,Ágata,6.905741667,4.0,7.9,8.8,2.52,Não informado,4.8,5.7,5.8,3.0,,,7.005,10.0,Fase 3 (7° e 8° ano),0,7.34375,2023,Pública,3,,,Sem risco,Médio,Baixa,Baixo,Baixo
RA-1158,FASE 3,3G,Aluno-1158,,14.0,Feminino,2023,Pública,Ágata,6.306666667,4.0,7.5,8.6,2.52,Não informado,4.3,5.3,5.0,2.7,,,7.34,5.0,Fase 4 (9° ano),-1,7.5,2023,Pública,3,,,Risco moderado,Médio,Baixa,Baixo,Baixo
RA-391,FASE 3,3I,Aluno-391,,,Feminino,2022,Pública,Ágata,6.5107,4.0,7.9,7.5,2.52,Não informado,3.5,4.2,5.0,1.3,,,7.585,10.0,Fase 3 (7° e 8° ano),0,7.5,2023,Pública,3,,,Sem risco,Baixo,Baixa,Baixo,Baixo
RA-1159,FASE 3,3I,Aluno-1159,,,Feminino,2023,Pública,Quartzo,5.913883333,4.0,5.8,6.6,2.52,Não informado,3.1,5.2,1.5,2.5,,,7.1325,10.0,Fase 3 (7° e 8° ano),0,7.1875,2023,Pública,3,,,Sem risco,Baixo,Baixa,Baixo,Baixo
RA-392,FASE 3,3I,Aluno-392,,15.0,Masculino,2022,Pública,Ágata,6.567208333,4.0,9.6,9.5,2.52,Não informado,4.6,6.2,4.7,2.8,,,7.17,5.0,Fase 5 (1° EM),-2,6.09375,2023,Pública,3,,,Risco moderado,Alto,Alta,Baixo,Baixo
RA-1160,FASE 3,3I,Aluno-1160,,,Masculino,2023,Pública,Ágata,6.636166667,4.0,9.6,8.7,2.52,Não informado,2.7,4.8,2.7,0.7,,,7.2575,10.0,Fase 3 (7° e 8° ano),0,6.875,2023,Pública,3,,,Sem risco,Médio,Alta,Baixo,Baixo
RA-1161,FASE 3,3I,Aluno-1161,,,Feminino,2023,Pública,Ametista,7.317791667,4.0,6.3,8.1,2.52,Não informado,6.3,7.3,6.5,5.2,,,8.63,10.0,Fase 3 (7° e 8° ano),0,8.28125,2023,Pública,3,,,Sem risco,Médio,Baixa,Baixo,Médio
RA-395,FASE 3,3I,Aluno-395,,12.0,Feminino,2018,Pública,Ametista,7.469175,4.0,9.2,8.6,2.52,Não informado,6.0,6.7,5.3,6.0,,,7.9175,10.0,Fase 3 (7° e 8° ano),0,7.96875,2023,Pública,3,,,Sem risco,Médio,Alta,Baixo,Médio
RA-450,FASE 3,3K,Aluno-450,,14.0,Masculino,2021,Pública,Ágata,6.819625,4.0,9.6,8.4,2.52,Não informado,5.4,7.0,6.5,2.7,,,7.9175,5.0,Fase 4 (9° ano),-1,7.65625,2023,Pública,3,,,Risco moderado,Médio,Alta,Baixo,Baixo
RA-463,FASE 3,3K,Aluno-463,,13.0,Feminino,2020,Pública,Ágata,6.382383333,4.0,9.2,5.4,2.52,Não informado,4.0,6.3,4.3,1.3,,,7.795,10.0,Fase 3 (7° e 8° ano),0,7.8125,2023,Pública,3,,,Sem risco,Baixo,Alta,Baixo,Baixo
RA-298,FASE 3,3K,Aluno-298,,14.0,Masculino,2019,Pública,Ágata,6.824333333,4.0,9.6,8.6,2.52,Não informado,5.5,7.7,4.5,4.2,,,7.7525,5.0,Fase 4 (9° ano),-1,7.5,2023,Pública,3,,,Risco moderado,Médio,Alta,Baixo,Baixo
RA-464,FASE 3,3K,Aluno-464,,,Feminino,2022,Pública,Ágata,6.081675,4.0,9.2,7.7,2.52,Não informado,3.0,4.8,3.7,0.5,,,7.38,5.0,Fase 4 (9° ano),-1,7.96875,2023,Pública,3,,,Risco moderado,Baixo,Alta,Baixo,Baixo
RA-465,FASE 3,3K,Aluno-465,,,Masculino,2019,Pública,Topázio,8.012875,4.0,7.5,9.4,2.52,Não informado,8.5,8.3,8.2,9.0,,,8.17,10.0,Fase 3 (7° e 8° ano),0,7.96875,2023,Pública,3,,,Sem risco,Alto,Baixa,Baixo,Alto
RA-442,FASE 3,3K,Aluno-442,,,Feminino,2022,Pública,Ágata,6.814166667,4.0,0.0,7.6,7.52,Não informado,5.8,6.7,6.5,4.3,,,8.1275,10.0,Fase 3 (7° e 8° ano),0,7.5,2023,Pública,3,,,Sem risco,Baixo,Baixa,Alto,Baixo
RA-300,FASE 3,3K,Aluno-300,,15.0,Masculino,2022,Pública,Quartzo,5.616691667,4.0,5.0,7.5,2.52,Não informado,4.5,4.5,5.3,3.8,,,6.5875,5.0,Fase 5 (1° EM),-2,6.40625,2023,Pública,3,,,Risco moderado,Baixo,Baixa,Baixo,Baixo
RA-467,FASE 3,3K,Aluno-467,,,Feminino,2022,Pública,Ágata,6.552916667,4.0,6.3,9.2,3.14,Não informado,5.2,6.0,6.0,3.7,,,7.5425,5.0,Fase 4 (9° ano),-1,7.1875,2023,Pública,3,,,Risco moderado,Alto,Baixa,Baixo,Baixo
RA-468,FASE 3,3K,Aluno-468,,,Masculino,2022,Pública,Quartzo,5.911108333,4.0,8.3,6.0,6.27,Não informado,3.4,4.8,3.0,2.3,,,6.715,5.0,Fase 4 (9° ano),-1,7.34375,2023,Pública,3,,,Risco moderado,Baixo,Média,Médio,Baixo
RA-1162,FASE 3,3K,Aluno-1162,,13.0,Feminino,2023,Pública,Ametista,7.44215,4.0,8.3,8.5,3.77,Não informado,6.0,7.3,5.5,5.2,,,7.7525,10.0,Fase 3 (7° e 8° ano),0,7.8125,2023,Pública,3,,,Sem risco,Médio,Média,Baixo,Médio
RA-470,FASE 3,3K,Aluno-470,,14.0,Feminino,2019,Pública,Ágata,6.993766667,4.0,8.8,9.2,5.0,Não informado,4.9,6.0,4.3,4.5,,,7.71,5.0,Fase 4 (9° ano),-1,7.5,2023,Pública,3,,,Risco moderado,Alto,Média,Baixo,Médio
RA-474,FASE 3,3K,Aluno-474,,14.0,Masculino,2019,Pública,Quartzo,5.283583333,4.0,0.0,7.8,5.0,Não informado,3.3,4.8,3.8,1.2,,,6.7575,5.0,Fase 4 (9° ano),-1,7.1875,2023,Pública,3,,,Risco moderado,Baixo,Baixa,Baixo,Baixo
RA-476,FASE 3,3K,Aluno-476,,13.0,Feminino,2019,Pública,Ágata,6.492408333,4.0,7.9,7.0,2.52,Não informado,4.1,5.0,4.5,2.7,,,7.505,10.0,Fase 3 (7° e 8° ano),0,7.34375,2023,Pública,3,,,Sem risco,Baixo,Baixa,Baixo,Baixo
RA-478,FASE 3,3K,Aluno-478,,12.0,Feminino,2019,Pública,Ágata,6.443616667,4.0,6.7,7.3,2.52,Não informado,4.4,4.3,4.7,4.3,,,7.2975,10.0,Fase 3 (7° e 8° ano),0,7.1875,2023,Pública,3,,,Sem risco,Baixo,Baixa,Baixo,Baixo
RA-410,FASE 3,3K,Aluno-410,,,Masculino,2018,Pública,Ágata,6.140808333,4.0,8.8,5.8,7.52,Não informado,4.9,5.0,4.8,4.8,,,6.0425,5.0,Fase 4 (9° ano),-1,6.71875,2023,Pública,3,,,Risco moderado,Baixo,Média,Alto,Baixo
RA-411,FASE 3,3L,Aluno-411,,13.0,Feminino,2019,Privada,Ametista,7.779983333,4.0,6.2,9.0,7.52,Não informado,6.6,5.7,6.7,7.3,,,7.5425,10.0,Fase 3 (7° e 8° ano),0,7.8125,2023,Privada,3,,,Sem risco,Médio,Baixa,Alto,Alto
RA-412,FASE 3,3L,Aluno-412,,13.0,Feminino,2018,Pública,Ametista,7.373891667,4.0,8.8,8.9,2.52,Não informado,6.2,5.8,5.2,7.7,,,7.585,10.0,Fase 3 (7° e 8° ano),0,7.03125,2023,Pública,3,,,Sem risco,Médio,Média,Baixo,Médio
RA-400,FASE 3,3L,Aluno-400,,,Masculino,2018,Pública,Ágata,6.529425,4.0,9.2,9.0,2.52,Não informado,4.1,4.8,4.7,2.8,,,7.375,5.0,Fase 4 (9° ano),-1,7.65625,2023,Pública,3,,,Risco moderado,Médio,Alta,Baixo,Baixo
RA-414,FASE 3,3L,Aluno-414,,13.0,Feminino,2021,Pública,Ametista,7.25025,4.0,0.0,9.5,7.52,Não informado,6.5,6.0,7.0,6.5,,,7.585,10.0,Fase 3 (7° e 8° ano),0,7.8125,2023,Pública,3,,,Sem risco,Alto,Baixa,Alto,Médio
RA-415,FASE 3,3L,Aluno-415,,12.0,Feminino,2019,Pública,Ametista,7.18805,4.0,7.1,8.2,7.52,Não informado,3.7,2.8,4.0,4.3,,,7.8325,10.0,Fase 3 (7° e 8° ano),0,7.8125,2023,Pública,3,,,Sem risco,Médio,Baixa,Alto,Médio
RA-1163,FASE 3,3L,Aluno-1163,,14.0,Masculino,2023,Pública,Ametista,7.749391667,4.0,8.8,9.3,7.52,Não informado,7.2,7.0,6.7,8.0,,,7.75,5.0,Fase 4 (9° ano),-1,7.65625,2023,Pública,3,,,Risco moderado,Alto,Média,Alto,Médio
RA-273,FASE 3,3L,Aluno-273,,14.0,Feminino,2018,Pública,Ágata,6.337116667,4.0,7.9,7.4,2.52,Não informado,5.0,5.3,6.8,3.0,,,7.6275,5.0,Fase 4 (9° ano),-1,7.8125,2023,Pública,3,,,Risco moderado,Baixo,Baixa,Baixo,Baixo
RA-471,FASE 3,3L,Aluno-471,,,Feminino,2020,Pública,Ágata,6.855541667,4.0,0.0,9.0,6.27,Não informado,5.0,6.3,4.0,4.8,,,8.125,10.0,Fase 3 (7° e 8° ano),0,7.96875,2023,Pública,3,,,Sem risco,Médio,Baixa,Médio,Baixo
RA-416,FASE 3,3L,Aluno-416,,13.0,Masculino,2018,Privada - Programa de Apadrinhamento,Topázio,8.144425,4.0,9.2,9.8,2.52,Não informado,7.6,7.0,7.0,8.8,,,8.3375,10.0,Fase 3 (7° e 8° ano),0,8.28125,2023,Privada,3,,,Sem risco,Alto,Alta,Baixo,Alto
RA-417,FASE 3,3L,Aluno-417,,,Feminino,2022,Pública,Topázio,8.257658333,4.0,5.4,9.7,7.52,Não informado,7.8,6.7,8.3,8.3,,,8.2125,10.0,Fase 3 (7° e 8° ano),0,8.28125,2023,Pública,3,,,Sem risco,Alto,Baixa,Alto,Alto
RA-305,FASE 3,3L,Aluno-305,,15.0,Masculino,2019,Pública,Ágata,6.394291667,4.0,0.0,8.9,7.52,Não informado,5.2,5.2,4.8,5.7,,,7.75,5.0,Fase 5 (1° EM),-2,7.65625,2023,Pública,3,,,Risco moderado,Médio,Baixa,Alto,Baixo
RA-418,FASE 3,3L,Aluno-418,,,Feminino,2020,Privada - Programa de Apadrinhamento,Topázio,8.1686,4.0,8.8,10.0,2.52,Não informado,8.1,6.7,8.3,9.3,,,8.045,10.0,Fase 2 (5° e 6° ano),1,8.125,2023,Privada,3,,,Sem risco,Alto,Média,Baixo,Alto
RA-419,FASE 3,3L,Aluno-419,,,Feminino,2019,Privada - Programa de Apadrinhamento,Ametista,7.7261,4.0,6.7,9.5,2.52,Não informado,7.6,7.0,7.3,8.5,,,7.875,10.0,Fase 3 (7° e 8° ano),0,8.125,2023,Privada,3,,,Sem risco,Alto,Baixa,Baixo,Médio
RA-421,FASE 3,3L,Aluno-421,,,Masculino,2021,Pública,Topázio,8.030716667,4.0,9.2,9.9,2.52,Não informado,7.3,8.0,6.2,7.8,,,8.17,10.0,Fase 3 (7° e 8° ano),0,7.8125,2023,Pública,3,,,Sem risco,Alto,Alta,Baixo,Alto
RA-407,FASE 3,3L,Aluno-407,,14.0,Masculino,2022,Pública,Ametista,7.665083333,4.0,9.6,8.6,7.52,Não informado,7.3,7.3,7.2,7.3,,,7.5,5.0,Fase 4 (9° ano),-1,7.8125,2023,Pública,3,,,Risco moderado,Médio,Alta,Alto,Médio
RA-425,FASE 3,3L,Aluno-425,,13.0,Masculino,2022,Pública,Topázio,8.10555,4.0,9.2,9.9,2.52,Não informado,7.5,6.7,7.3,8.5,,,8.3775,10.0,Fase 3 (7° e 8° ano),0,7.8125,2023,Pública,3,,,Sem risco,Alto,Alta,Baixo,Alto
RA-426,FASE 3,3M,Aluno-426,,,Feminino,2022,Pública,Ágata,6.329158333,4.0,5.4,7.6,5.0,Não informado,5.0,4.7,5.2,5.0,,,7.5425,5.0,Fase 4 (9° ano),-1,7.65625,2023,Pública,3,,,Risco moderado,Baixo,Baixa,Baixo,Baixo
RA-430,FASE 3,3M,Aluno-430,,14.0,Masculino,2022,Pública,Ametista,7.146716667,4.0,9.2,9.3,2.52,Não informado,6.4,7.3,5.5,6.5,,,7.75,5.0,Fase 4 (9° ano),-1,7.8125,2023,Pública,3,,,Risco moderado,Alto,Alta,Baixo,Médio
RA-1164,FASE 3,3M,Aluno-1164,,13.0,Masculino,2023,Pública,Ágata,6.910091667,4.0,9.2,7.5,2.52,Não informado,4.8,7.0,7.5,0.0,,,7.545,10.0,Fase 3 (7° e 8° ano),0,7.65625,2023,Pública,3,,,Sem risco,Baixo,Alta,Baixo,Baixo
RA-1165,FASE 3,3M,Aluno-1165,,12.0,Feminino,2023,Pública,Ametista,7.880716667,4.0,9.2,9.1,5.0,Não informado,7.3,7.0,6.0,9.0,,,7.2925,10.0,Fase 3 (7° e 8° ano),0,7.1875,2023,Pública,3,,,Sem risco,Médio,Alta,Baixo,Alto
RA-432,FASE 3,3M,Aluno-432,,,Feminino,2019,Pública,Ágata,6.850183333,4.0,8.8,9.0,2.52,Não informado,5.2,5.0,6.3,4.2,,,8.0425,5.0,Fase 5 (1° EM),-2,7.8125,2023,Pública,3,,,Risco moderado,Médio,Média,Baixo,Baixo
RA-303,FASE 3,3M,Aluno-303,,15.0,Masculino,2019,Pública,Quartzo,5.914291667,4.0,0.0,7.3,7.52,Não informado,5.1,5.7,5.2,4.5,,,7.05,5.0,Fase 5 (1° EM),-2,7.65625,2023,Pública,3,,,Risco moderado,Baixo,Baixa,Alto,Baixo
RA-420,FASE 3,3M,Aluno-420,,,Feminino,2019,Privada - Programa de Apadrinhamento,Ametista,7.356358333,4.0,8.3,9.3,2.52,Não informado,5.3,5.7,5.8,4.3,,,7.96,10.0,Fase 3 (7° e 8° ano),0,7.65625,2023,Privada,3,,,Sem risco,Alto,Média,Baixo,Médio
RA-1166,FASE 3,3M,Aluno-1166,,15.0,Feminino,2023,Pública,Ametista,7.307858333,4.0,8.3,9.6,7.52,Não informado,4.8,5.3,2.8,6.2,,,7.9175,5.0,Fase 5 (1° EM),-2,7.65625,2023,Pública,3,,,Risco moderado,Alto,Média,Alto,Médio
RA-1167,FASE 3,3M,Aluno-1167,,16.0,Masculino,2023,Pública,Ágata,6.021891667,4.0,8.8,7.6,2.52,Não informado,3.8,6.0,3.7,1.8,,,7.9625,2.5,Fase 6 (2° EM),-3,7.65625,2023,Pública,3,,,Alto risco,Baixo,Média,Baixo,Baixo
RA-424,FASE 3,3M,Aluno-424,,,Feminino,2022,Pública,Ametista,7.72685,4.0,8.8,9.9,2.52,Não informado,6.4,5.0,6.7,7.5,,,7.7925,10.0,Fase 3 (7° e 8° ano),0,7.8125,2023,Pública,3,,,Sem risco,Alto,Média,Baixo,Médio
RA-398,FASE 3,3N,Aluno-398,,,Feminino,2022,Pública,Ametista,7.153766667,4.0,6.7,8.1,2.52,Não informado,6.5,9.3,5.8,4.5,,,7.7925,10.0,Fase 2 (5° e 6° ano),1,7.5,2023,Pública,3,,,Sem risco,Médio,Baixa,Baixo,Médio
RA-399,FASE 3,3N,Aluno-399,,,Feminino,2022,Pública,Ametista,7.000033333,4.0,7.9,8.2,2.52,Não informado,4.7,5.0,4.2,4.8,,,8.165,10.0,Fase 3 (7° e 8° ano),0,7.5,2023,Pública,3,,,Sem risco,Médio,Baixa,Baixo,Médio
RA-428,FASE 3,3N,Aluno-428,,,Masculino,2022,Pública,Ametista,7.821816667,4.0,8.3,9.5,2.52,Não informado,7.2,9.3,4.7,7.7,,,8.0425,10.0,Fase 3 (7° e 8° ano),0,7.8125,2023,Pública,3,,,Sem risco,Alto,Média,Baixo,Alto
RA-315,FASE 3,3N,Aluno-315,,,Feminino,2022,Pública,Quartzo,5.977708333,4.0,0.0,6.8,5.0,Não informado,6.3,5.7,6.8,6.3,,,7.8375,5.0,Fase 4 (9° ano),-1,7.96875,2023,Pública,3,,,Risco moderado,Baixo,Baixa,Baixo,Baixo
RA-402,FASE 3,3N,Aluno-402,,13.0,Feminino,2019,Pública,Ágata,6.632716667,4.0,9.2,7.3,2.52,Não informado,4.2,4.7,4.0,4.0,,,6.88,10.0,Fase 3 (7° e 8° ano),0,7.8125,2023,Pública,3,,,Sem risco,Baixo,Alta,Baixo,Baixo
RA-1168,FASE 3,3N,Aluno-1168,,13.0,Feminino,2023,Pública,Quartzo,5.886625,4.0,0.0,8.8,2.52,Não informado,3.5,5.0,2.0,3.5,,,7.045,10.0,Fase 3 (7° e 8° ano),0,7.65625,2023,Pública,3,,,Sem risco,Médio,Baixa,Baixo,Baixo
RA-613,FASE 3,3N,Aluno-613,,14.0,Masculino,2020,Pública,Ágata,6.864508333,4.0,9.2,9.4,5.0,Não informado,4.8,4.3,6.2,3.8,,,7.2125,5.0,Fase 4 (9° ano),-1,6.71875,2023,Pública,3,,,Risco moderado,Alto,Alta,Baixo,Baixo
RA-304,FASE 3,3N,Aluno-304,,,Masculino,2020,Pública,Ágata,6.241583333,4.0,0.0,8.8,5.0,Não informado,5.7,7.0,3.7,6.3,,,7.835,5.0,Fase 5 (1° EM),-2,7.8125,2023,Pública,3,,,Risco moderado,Médio,Baixa,Baixo,Baixo
RA-457,FASE 3,3N,Aluno-457,,13.0,Feminino,2022,Pública,Topázio,8.256833333,4.0,7.5,8.6,7.52,Não informado,8.1,6.7,8.5,9.0,,,8.045,10.0,Fase 3 (7° e 8° ano),0,8.125,2023,Pública,3,,,Sem risco,Médio,Baixa,Alto,Alto
RA-307,FASE 3,3N,Aluno-307,,,Masculino,2022,Pública,Ágata,6.047333333,4.0,0.0,6.5,7.52,Não informado,6.3,6.3,7.3,5.2,,,7.46,5.0,Fase 5 (1° EM),-2,7.5,2023,Pública,3,,,Risco moderado,Baixo,Baixa,Alto,Baixo
RA-283,FASE 3,3N,Aluno-283,,15.0,Masculino,2020,Pública,Ametista,7.549025,4.0,8.3,9.5,7.52,Não informado,6.8,6.8,4.8,8.8,,,7.5025,5.0,Fase 5 (1° EM),-2,7.03125,2023,Pública,3,,,Risco moderado,Alto,Média,Alto,Médio
RA-459,FASE 3,3N,Aluno-459,,13.0,Masculino,2019,Pública,Topázio,8.240016667,4.0,6.7,9.3,7.52,Não informado,8.3,8.3,9.2,7.5,,,7.88,10.0,Fase 3 (7° e 8° ano),0,7.1875,2023,Pública,3,,,Sem risco,Alto,Baixa,Alto,Alto
RA-440,FASE 3,3P,Aluno-440,,12.0,Masculino,2022,Pública,Ágata,6.989208333,4.0,0.0,8.2,7.52,Não informado,6.2,7.3,7.0,4.2,,,7.835,10.0,Fase 3 (7° e 8° ano),0,7.96875,2023,Pública,3,,,Sem risco,Médio,Baixa,Alto,Médio
RA-443,FASE 3,3P,Aluno-443,,14.0,Feminino,2019,Pública,Ágata,6.895508333,4.0,7.1,7.5,2.52,Não informado,7.6,7.0,8.7,7.0,,,8.125,5.0,Fase 4 (9° ano),-1,7.96875,2023,Pública,3,,,Risco moderado,Baixo,Baixa,Baixo,Baixo
RA-454,FASE 3,3P,Aluno-454,,15.0,Masculino,2018,Pública,Quartzo,4.603416667,4.0,0.0,7.5,5.0,Não informado,2.6,4.2,1.2,2.5,,,5.54,5.0,Fase 5 (1° EM),-2,4.6875,2023,Pública,3,,,Risco moderado,Baixo,Baixa,Baixo,Baixo
RA-444,FASE 3,3P,Aluno-444,,11.0,Masculino,2018,Pública,Quartzo,5.958791667,4.0,0.0,7.9,5.0,Não informado,4.7,4.7,5.8,3.7,,,6.4575,10.0,Fase 2 (5° e 6° ano),1,6.40625,2023,Pública,3,,,Sem risco,Médio,Baixa,Baixo,Baixo
RA-170,FASE 3,3P,Aluno-170,,15.0,Feminino,2018,Privada - Programa de Apadrinhamento,Ametista,7.062433333,4.0,8.8,8.9,2.52,Não informado,7.2,6.3,8.7,6.5,,,7.6725,5.0,Fase 5 (1° EM),-2,6.875,2023,Privada,3,,,Risco moderado,Médio,Média,Baixo,Médio
RA-1169,FASE 3,3P,Aluno-1169,,,Feminino,2023,Pública,Ametista,7.213625,4.0,7.5,9.5,5.0,Não informado,6.3,6.8,7.3,4.8,,,8.0025,5.0,Fase 4 (9° ano),-1,7.03125,2023,Pública,3,,,Risco moderado,Alto,Baixa,Baixo,Médio
RA-458,FASE 3,3P,Aluno-458,,,Masculino,2019,Pública,Ágata,6.312083333,4.0,9.6,6.9,7.52,Não informado,3.8,4.3,4.8,2.2,,,6.2475,5.0,Fase 4 (9° ano),-1,7.1875,2023,Pública,3,,,Risco moderado,Baixo,Alta,Alto,Baixo
RA-1170,FASE 3,3P,Aluno-1170,,,Masculino,2023,Pública,Ágata,6.874683333,4.0,8.8,7.7,7.52,Não informado,5.9,6.0,6.8,4.8,,,6.5775,5.0,Fase 4 (9° ano),-1,7.1875,2023,Pública,3,,,Risco moderado,Baixo,Média,Alto,Baixo
RA-1171,FASE 3,3P,Aluno-1171,,14.0,Masculino,2023,Pública,Ametista,7.856033333,4.0,7.9,8.4,5.0,Não informado,8.7,7.3,9.0,9.7,,,8.88,5.0,Fase 4 (9° ano),-1,8.75,2023,Pública,3,,,Risco moderado,Médio,Baixa,Baixo,Alto
RA-449,FASE 3,3P,Aluno-449,,12.0,Feminino,2022,Pública,Ametista,7.396508333,4.0,7.1,7.2,7.52,Não informado,7.0,5.5,7.7,7.7,,,6.8425,10.0,Fase 3 (7° e 8° ano),0,7.34375,2023,Pública,3,,,Sem risco,Baixo,Baixa,Alto,Médio
RA-462,FASE 3,3P,Aluno-462,,,Feminino,2022,Pública,Ágata,6.2267,4.0,10.0,8.1,5.0,Não informado,2.7,4.0,2.8,1.3,,,6.5825,5.0,Fase 5 (1° EM),-2,7.5,2023,Pública,3,,,Risco moderado,Médio,Alta,Baixo,Baixo
RA-176,FASE 4,4A,Aluno-176,,14.0,Feminino,2018,Privada - Programa de Apadrinhamento,Topázio,8.316833333,4.0,9.6,9.5,2.52,Não informado,8.0,7.3,7.3,9.3,,,9.0025,10.0,Fase 4 (9° ano),0,8.125,2023,Privada,4,,,Sem risco,Alto,Alta,Baixo,Alto
RA-178,FASE 4,4A,Aluno-178,,,Feminino,2016,Privada - Programa de Apadrinhamento,Ametista,7.406658333,4.0,7.9,8.7,2.52,Não informado,5.9,6.3,5.8,5.5,,,8.42,10.0,Fase 4 (9° ano),0,7.65625,2023,Privada,4,,,Sem risco,Médio,Baixa,Baixo,Médio
RA-193,FASE 4,4A,Aluno-193,,13.0,Masculino,2016,Privada - Programa de Apadrinhamento,Ametista,7.718566667,4.0,8.3,9.4,2.52,Não informado,6.5,6.0,6.3,7.3,,,8.17,10.0,Fase 3 (7° e 8° ano),1,8.125,2023,Privada,4,,,Sem risco,Alto,Média,Baixo,Médio
RA-1172,FASE 4,4A,Aluno-1172,,16.0,Feminino,2023,Pública,Ametista,7.030108333,4.0,8.3,7.8,2.52,Não informado,6.7,6.0,5.7,8.3,,,8.46,5.0,Fase 6 (2° EM),-2,8.59375,2023,Pública,4,,,Risco moderado,Baixo,Média,Baixo,Médio
RA-180,FASE 4,4A,Aluno-180,,13.0,Masculino,2018,Privada - Programa de Apadrinhamento,Topázio,8.283216667,4.0,9.2,9.4,2.52,Não informado,8.0,8.3,7.3,8.5,,,8.92,10.0,Fase 3 (7° e 8° ano),1,8.4375,2023,Privada,4,,,Sem risco,Alto,Alta,Baixo,Alto
RA-181,FASE 4,4A,Aluno-181,,,Feminino,2019,Privada - Programa de Apadrinhamento,Ametista,7.671208333,4.0,9.6,8.3,2.52,Não informado,6.8,8.3,6.5,5.5,,,8.2525,10.0,Fase 4 (9° ano),0,7.96875,2023,Privada,4,,,Sem risco,Médio,Alta,Baixo,Médio
RA-195,FASE 4,4A,Aluno-195,,,Feminino,2017,Privada - Programa de Apadrinhamento,Ametista,7.60205,4.0,7.1,9.2,2.52,Não informado,6.0,6.3,6.2,5.5,,,8.79,10.0,Fase 4 (9° ano),0,8.4375,2023,Privada,4,,,Sem risco,Alto,Baixa,Baixo,Médio
RA-196,FASE 4,4A,Aluno-196,,13.0,Masculino,2018,Privada - Programa de Apadrinhamento,Ametista,7.560991667,4.0,7.9,9.0,2.52,Não informado,6.2,7.0,6.0,5.7,,,8.2125,10.0,Fase 3 (7° e 8° ano),1,8.28125,2023,Privada,4,,,Sem risco,Médio,Baixa,Baixo,Médio
RA-211,FASE 4,4A,Aluno-211,,14.0,Masculino,2021,Privada - Programa de Apadrinhamento,Topázio,8.024791667,4.0,9.6,9.4,2.52,Não informado,7.1,7.7,8.0,5.7,,,8.71,10.0,Fase 4 (9° ano),0,7.65625,2023,Privada,4,,,Sem risco,Alto,Alta,Baixo,Alto
RA-197,FASE 4,4A,Aluno-197,,13.0,Feminino,2021,Privada - Programa de Apadrinhamento,Ametista,7.967608333,4.0,8.3,9.8,2.52,Não informado,7.2,7.0,7.3,7.2,,,8.46,10.0,Fase 3 (7° e 8° ano),1,7.96875,2023,Privada,4,,,Sem risco,Alto,Média,Baixo,Alto
RA-229,FASE 4,4A,Aluno-229,,,Masculino,2022,Privada - Programa de Apadrinhamento,Topázio,8.207591667,4.0,9.2,9.8,2.52,Não informado,7.8,8.0,8.2,7.3,,,8.42,10.0,Fase 3 (7° e 8° ano),1,8.28125,2023,Privada,4,,,Sem risco,Alto,Alta,Baixo,Alto
RA-186,FASE 4,4A,Aluno-186,,,Feminino,2019,Privada,Ametista,7.817541667,4.0,7.5,9.7,2.52,Não informado,6.9,6.8,7.0,7.0,,,8.46,10.0,Fase 4 (9° ano),0,7.96875,2023,Privada,4,,,Sem risco,Alto,Baixa,Baixo,Alto
RA-189,FASE 4,4A,Aluno-189,,14.0,Masculino,2018,Privada - Programa de Apadrinhamento,Ametista,7.727325,4.0,7.9,9.4,2.52,Não informado,6.5,6.3,6.5,6.7,,,8.3775,10.0,Fase 4 (9° ano),0,8.28125,2023,Privada,4,,,Sem risco,Alto,Baixa,Baixo,Médio
RA-191,FASE 4,4A,Aluno-191,,14.0,Masculino,2019,Privada - Programa de Apadrinhamento,Ametista,7.263666667,4.0,0.0,9.7,2.52,Não informado,7.8,8.7,7.0,7.8,,,8.4625,10.0,Fase 4 (9° ano),0,8.125,2023,Privada,4,,,Sem risco,Alto,Baixa,Baixo,Médio
RA-1173,FASE 4,4A,Aluno-1173,,14.0,Masculino,2023,Pública,Ametista,7.67285,4.0,8.8,9.7,2.52,Não informado,6.0,7.0,5.0,6.0,,,8.1225,10.0,Fase 4 (9° ano),0,7.8125,2023,Pública,4,,,Sem risco,Alto,Média,Baixo,Médio
RA-217,FASE 4,4B,Aluno-217,,,Feminino,2021,Pública,Ágata,6.96965,4.0,8.3,8.6,2.52,Não informado,5.6,6.7,5.3,4.8,,,8.5025,5.0,Fase 5 (1° EM),-1,8.4375,2023,Pública,4,,,Risco moderado,Médio,Média,Baixo,Médio
RA-1174,FASE 4,4B,Aluno-1174,,15.0,Feminino,2023,Pública,Ametista,7.333591667,4.0,9.2,8.7,2.52,Não informado,6.8,6.5,7.2,6.8,,,8.3375,5.0,Fase 5 (1° EM),-1,8.90625,2023,Pública,4,,,Risco moderado,Médio,Alta,Baixo,Médio
RA-192,FASE 4,4B,Aluno-192,,16.0,Masculino,2021,Privada,Ágata,6.616016667,4.0,8.8,6.2,5.0,Não informado,6.5,6.0,5.8,7.8,,,7.3775,5.0,Fase 6 (2° EM),-2,7.1875,2023,Privada,4,,,Risco moderado,Baixo,Média,Baixo,Baixo
RA-184,FASE 4,4B,Aluno-184,,13.0,Masculino,2019,Pública,Topázio,8.430241667,4.0,7.9,9.5,7.52,Não informado,7.1,7.3,6.3,7.8,,,8.5025,10.0,Fase 3 (7° e 8° ano),1,8.59375,2023,Pública,4,,,Sem risco,Alto,Baixa,Alto,Alto
RA-200,FASE 4,4B,Aluno-200,,16.0,Masculino,2018,Privada - Programa de Apadrinhamento,Quartzo,5.661166667,4.0,9.6,4.5,2.52,Não informado,4.3,4.3,4.2,4.5,,,7.17,5.0,Fase 6 (2° EM),-2,7.5,2023,Privada,4,,,Risco moderado,Baixo,Alta,Baixo,Baixo
RA-1175,FASE 4,4B,Aluno-1175,,,Feminino,2023,Pública,Quartzo,5.939858333,4.0,8.3,5.3,2.52,Não informado,6.3,6.3,6.3,6.2,,,7.6275,2.5,Fase 7 (3° EM),-3,7.65625,2023,Pública,4,,,Alto risco,Baixo,Média,Baixo,Baixo
RA-204,FASE 4,4B,Aluno-204,,,Feminino,2019,Pública,Ametista,7.557558333,4.0,8.8,7.9,2.52,Não informado,7.1,4.7,8.0,8.5,,,8.045,10.0,Fase 4 (9° ano),0,8.28125,2023,Pública,4,,,Sem risco,Médio,Média,Baixo,Médio
RA-1176,FASE 4,4B,Aluno-1176,,13.0,Masculino,2023,Pública,Topázio,8.881483333,4.0,8.3,9.3,7.52,Não informado,8.2,8.0,7.8,8.7,,,9.17,10.0,Fase 3 (7° e 8° ano),1,9.6875,2023,Pública,4,,,Sem risco,Alto,Média,Alto,Alto
RA-1177,FASE 4,4B,Aluno-1177,,14.0,Feminino,2023,Pública,Topázio,8.345491667,4.0,10.0,9.9,2.52,Não informado,7.2,7.0,6.7,8.0,,,8.88,10.0,Fase 4 (9° ano),0,8.90625,2023,Pública,4,,,Sem risco,Alto,Alta,Baixo,Alto
RA-215,FASE 4,4C,Aluno-215,,14.0,Feminino,2021,Pública,Ametista,7.166475,4.0,8.8,6.6,2.52,Não informado,6.9,5.7,6.7,8.3,,,7.7125,10.0,Fase 4 (9° ano),0,7.96875,2023,Pública,4,,,Sem risco,Baixo,Média,Baixo,Médio
RA-1178,FASE 4,4C,Aluno-1178,,,Masculino,2023,Pública,Ametista,7.066475,4.0,8.8,9.3,2.52,Não informado,5.7,6.3,4.5,6.3,,,8.2125,5.0,Fase 6 (2° EM),-2,7.96875,2023,Pública,4,,,Risco moderado,Alto,Média,Baixo,Médio
RA-149,FASE 4,4C,Aluno-149,,,Feminino,2022,Pública,Quartzo,5.622266667,4.0,8.8,4.2,2.52,Não informado,4.7,5.7,3.5,5.0,,,7.2925,5.0,Fase 6 (2° EM),-2,7.5,2023,Pública,4,,,Risco moderado,Baixo,Média,Baixo,Baixo
RA-1179,FASE 4,4C,Aluno-1179,,,Masculino,2023,Pública,Ágata,6.631333333,4.0,9.6,8.1,4.38,Não informado,5.0,6.7,3.7,4.5,,,7.17,5.0,Fase 5 (1° EM),-1,6.875,2023,Pública,4,,,Risco moderado,Médio,Alta,Baixo,Baixo
RA-218,FASE 4,4C,Aluno-218,,15.0,Feminino,2022,Pública,Quartzo,5.811541667,4.0,0.0,6.7,2.52,Não informado,6.7,5.7,7.0,7.5,,,7.88,5.0,Fase 5 (1° EM),-1,7.96875,2023,Pública,4,,,Risco moderado,Baixo,Baixa,Baixo,Baixo
RA-220,FASE 4,4C,Aluno-220,,14.0,Feminino,2022,Pública,Ametista,7.102016667,4.0,8.8,7.6,2.52,Não informado,6.1,6.3,5.8,6.3,,,7.5475,10.0,Fase 4 (9° ano),0,7.1875,2023,Pública,4,,,Sem risco,Baixo,Média,Baixo,Médio
RA-202,FASE 4,4C,Aluno-202,,,Feminino,2017,Pública,Ágata,6.791641667,4.0,8.8,7.9,2.52,Não informado,5.9,6.3,4.8,6.7,,,8.005,5.0,Fase 5 (1° EM),-1,7.96875,2023,Pública,4,,,Risco moderado,Médio,Média,Baixo,Baixo
RA-1180,FASE 4,4C,Aluno-1180,,15.0,Masculino,2023,Pública,Ametista,7.067983333,4.0,8.3,9.5,5.0,Não informado,5.4,6.0,4.8,5.3,,,7.7125,5.0,Fase 5 (1° EM),-1,7.1875,2023,Pública,4,,,Risco moderado,Alto,Média,Baixo,Médio
RA-1181,FASE 4,4C,Aluno-1181,,,Feminino,2023,Pública,Ágata,6.971266667,4.0,8.8,8.3,2.52,Não informado,4.8,5.7,4.3,4.5,,,7.3375,10.0,Fase 4 (9° ano),0,7.5,2023,Pública,4,,,Sem risco,Médio,Média,Baixo,Médio
RA-1182,FASE 4,4C,Aluno-1182,,,Feminino,2023,Pública,Quartzo,5.709808333,4.0,7.5,6.3,2.52,Não informado,4.2,5.3,2.0,5.2,,,7.2125,5.0,Fase 6 (2° EM),-2,6.71875,2023,Pública,4,,,Risco moderado,Baixo,Baixa,Baixo,Baixo
RA-205,FASE 4,4C,Aluno-205,,,Masculino,2020,Pública,Ágata,6.857625,4.0,9.6,7.6,4.38,Não informado,6.6,7.0,5.5,7.3,,,7.09,5.0,Fase 5 (1° EM),-1,7.03125,2023,Pública,4,,,Risco moderado,Baixo,Alta,Baixo,Baixo
RA-1183,FASE 4,4C,Aluno-1183,,15.0,Masculino,2023,Pública,Ágata,6.269541667,4.0,7.5,8.7,2.52,Não informado,5.3,6.0,4.0,6.0,,,6.7575,5.0,Fase 5 (1° EM),-1,6.09375,2023,Pública,4,,,Risco moderado,Médio,Baixa,Baixo,Baixo
RA-237,FASE 4,4F,Aluno-237,,15.0,Feminino,2022,Privada - Programa de Apadrinhamento,Ametista,7.436566667,4.0,8.3,9.5,2.52,Não informado,6.7,7.7,7.0,5.5,,,8.96,5.0,Fase 5 (1° EM),-1,8.125,2023,Privada,4,,,Risco moderado,Alto,Média,Baixo,Médio
RA-147,FASE 4,4F,Aluno-147,,15.0,Feminino,2022,Pública,Quartzo,5.5425,4.0,0.0,7.0,5.63,Não informado,4.5,5.0,6.0,2.5,,,7.46,5.0,Fase 5 (1° EM),-1,6.875,2023,Pública,4,,,Risco moderado,Baixo,Baixa,Baixo,Baixo
RA-240,FASE 4,4F,Aluno-240,,,Feminino,2017,Privada - Programa de Apadrinhamento,Ágata,6.337966667,4.0,7.1,6.7,2.52,Não informado,4.8,7.0,3.3,4.2,,,6.9175,10.0,Fase 4 (9° ano),0,6.875,2023,Privada,4,,,Sem risco,Baixo,Baixa,Baixo,Baixo
RA-1184,FASE 4,4F,Aluno-1184,,,Masculino,2023,Pública,Ametista,7.381566667,4.0,8.3,8.3,5.0,Não informado,7.3,8.0,5.5,8.5,,,8.045,5.0,Fase 6 (2° EM),-2,8.125,2023,Pública,4,,,Risco moderado,Médio,Média,Baixo,Médio
RA-241,FASE 4,4F,Aluno-241,,,Masculino,2016,Privada - Programa de Apadrinhamento,Ametista,7.016,4.0,0.0,9.9,2.52,Não informado,7.5,9.3,7.0,6.2,,,9.545,5.0,Fase 5 (1° EM),-1,8.75,2023,Privada,4,,,Risco moderado,Alto,Baixa,Baixo,Médio
RA-242,FASE 4,4F,Aluno-242,,14.0,Masculino,2018,Privada - Programa de Apadrinhamento,Topázio,8.221841667,4.0,7.1,9.7,2.52,Não informado,7.9,9.3,7.3,7.2,,,9.3775,10.0,Fase 4 (9° ano),0,8.59375,2023,Privada,4,,,Sem risco,Alto,Baixa,Baixo,Alto
RA-138,FASE 4,4F,Aluno-138,,16.0,Masculino,2016,Pública,Ágata,6.784075,4.0,10.0,7.9,6.26,Não informado,4.3,4.0,3.7,5.2,,,7.4175,5.0,Fase 6 (2° EM),-2,7.34375,2023,Pública,4,,,Risco moderado,Médio,Alta,Médio,Baixo
RA-244,FASE 4,4F,Aluno-244,,13.0,Feminino,2018,Privada - Programa de Apadrinhamento,Ametista,7.044333333,4.0,0.0,8.8,2.52,Não informado,7.3,7.0,8.0,6.8,,,8.8325,10.0,Fase 3 (7° e 8° ano),1,8.125,2023,Privada,4,,,Sem risco,Médio,Baixa,Baixo,Médio
RA-245,FASE 4,4F,Aluno-245,,,Masculino,2016,Privada - Programa de Apadrinhamento,Ametista,7.171166667,4.0,0.0,10.0,2.52,Não informado,8.1,9.3,7.8,7.3,,,9.5875,5.0,Fase 5 (1° EM),-1,8.75,2023,Privada,4,,,Risco moderado,Alto,Baixa,Baixo,Médio
RA-246,FASE 4,4F,Aluno-246,,,Masculino,2022,Privada,Topázio,8.256766667,4.0,8.8,9.9,4.39,Não informado,6.8,7.7,7.0,5.8,,,8.9175,10.0,Fase 4 (9° ano),0,8.125,2023,Privada,4,,,Sem risco,Alto,Média,Baixo,Alto
RA-141,FASE 4,4F,Aluno-141,,15.0,Masculino,2017,Pública,Ágata,6.719791667,4.0,9.6,8.4,5.63,Não informado,4.5,6.0,5.3,2.3,,,7.0425,5.0,Fase 5 (1° EM),-1,7.03125,2023,Pública,4,,,Risco moderado,Médio,Alta,Baixo,Baixo
RA-239,FASE 4,4G,Aluno-239,,16.0,Feminino,2021,Pública,Ágata,6.411333333,4.0,0.0,8.4,5.0,Não informado,7.0,6.0,7.2,7.7,,,7.6275,5.0,Fase 6 (2° EM),-2,8.125,2023,Pública,4,,,Risco moderado,Médio,Baixa,Baixo,Baixo
RA-1185,FASE 4,4G,Aluno-1185,,,Feminino,2023,Pública,Topázio,8.02675,4.0,7.5,9.1,5.0,Não informado,7.5,6.7,6.3,9.5,,,8.3775,10.0,Fase 3 (7° e 8° ano),1,7.8125,2023,Pública,4,,,Sem risco,Médio,Baixa,Baixo,Alto
RA-262,FASE 4,4G,Aluno-262,,,Masculino,2021,Privada,Quartzo,4.406458333,4.0,0.0,3.7,5.0,Não informado,3.8,5.0,3.3,3.0,,,6.05,5.0,Fase 6 (2° EM),-2,7.03125,2023,Privada,4,,,Risco moderado,Baixo,Baixa,Baixo,Baixo
RA-1186,FASE 4,4G,Aluno-1186,,,Feminino,2023,Pública,Ametista,7.281433333,4.0,8.8,9.8,6.89,Não informado,5.5,6.7,5.2,4.5,,,7.3825,5.0,Fase 6 (2° EM),-2,6.875,2023,Pública,4,,,Risco moderado,Alto,Média,Médio,Médio
RA-397,FASE 4,4G,Aluno-397,,15.0,Feminino,2017,Pública,Ágata,6.207083333,4.0,7.5,7.9,2.52,Não informado,4.6,6.7,5.0,2.0,,,7.465,5.0,Fase 5 (1° EM),-1,7.1875,2023,Pública,4,,,Risco moderado,Médio,Baixa,Baixo,Baixo
RA-1187,FASE 4,4G,Aluno-1187,,13.0,Feminino,2023,Pública,Ágata,6.644475,4.0,8.8,6.9,2.52,Não informado,5.3,4.7,5.0,6.2,,,6.715,10.0,Fase 3 (7° e 8° ano),1,7.34375,2023,Pública,4,,,Sem risco,Baixo,Média,Baixo,Baixo
RA-145,FASE 4,4H,Aluno-145,,17.0,Masculino,2017,Pública,,,4.0,7.9,9.0,,Não informado,6.2,5.3,6.0,7.2,,,7.4625,2.5,Fase 7 (3° EM),-3,7.96875,2023,Pública,4,,,Alto risco,Médio,Baixa,,
RA-1188,FASE 4,4H,Aluno-1188,,15.0,Feminino,2023,Pública,,,4.0,9.6,9.4,,Não informado,6.4,6.5,7.5,5.2,,,7.5875,5.0,Fase 5 (1° EM),-1,7.8125,2023,Pública,4,,,Risco moderado,Alto,Alta,,
RA-265,FASE 4,4H,Aluno-265,,14.0,Masculino,2019,Pública,,,4.0,8.3,8.7,,Não informado,7.0,7.3,6.8,6.8,,,7.88,10.0,Fase 4 (9° ano),0,7.96875,2023,Pública,4,,,Sem risco,Médio,Média,,
RA-254,FASE 4,4H,Aluno-254,,15.0,Masculino,2019,Pública,,,4.0,9.6,8.8,,Não informado,5.9,5.7,5.7,6.2,,,7.71,5.0,Fase 5 (1° EM),-1,7.8125,2023,Pública,4,,,Risco moderado,Médio,Alta,,
RA-267,FASE 4,4H,Aluno-267,,16.0,Feminino,2016,Pública,,,4.0,7.9,7.7,,Não informado,2.7,2.7,4.0,1.3,,,6.505,5.0,Fase 6 (2° EM),-2,4.6875,2023,Pública,4,,,Risco moderado,Baixo,Baixa,,
RA-1189,FASE 4,4H,Aluno-1189,,,Feminino,2023,Pública,,,4.0,8.8,9.0,,Não informado,6.1,6.3,5.7,6.2,,,7.3775,5.0,Fase 5 (1° EM),-1,7.8125,2023,Pública,4,,,Risco moderado,Médio,Média,,
RA-295,FASE 4,4L,Aluno-295,,15.0,Feminino,2022,Pública,Ametista,7.641016667,4.0,8.8,8.8,2.52,Não informado,7.7,7.3,7.2,8.7,,,9.005,5.0,Fase 5 (1° EM),-1,9.0625,2023,Pública,4,,,Risco moderado,Médio,Média,Baixo,Médio
RA-269,FASE 4,4L,Aluno-269,,14.0,Masculino,2022,Pública,Topázio,8.116041667,4.0,9.6,9.0,2.52,Não informado,7.4,8.0,7.3,7.0,,,8.7975,10.0,Fase 4 (9° ano),0,8.59375,2023,Pública,4,,,Sem risco,Médio,Alta,Baixo,Alto
RA-313,FASE 4,4L,Aluno-313,,14.0,Feminino,2022,Pública,Ametista,7.011091667,4.0,9.2,8.7,2.52,Não informado,3.9,4.0,2.8,5.0,,,7.75,10.0,Fase 4 (9° ano),0,7.65625,2023,Pública,4,,,Sem risco,Médio,Alta,Baixo,Médio
RA-1190,FASE 4,4L,Aluno-1190,,,Masculino,2023,Pública,Ágata,6.330041667,4.0,0.0,9.2,5.0,Não informado,4.2,3.0,4.2,5.5,,,7.045,10.0,Fase 4 (9° ano),0,7.34375,2023,Pública,4,,,Sem risco,Alto,Baixa,Baixo,Baixo
RA-301,FASE 4,4L,Aluno-301,,,Feminino,2019,Pública,Ágata,6.760341667,4.0,9.2,5.4,7.52,Não informado,5.2,4.7,6.5,4.5,,,6.465,10.0,Fase 4 (9° ano),0,6.71875,2023,Pública,4,,,Sem risco,Baixo,Alta,Alto,Baixo
RA-286,FASE 4,4L,Aluno-286,,15.0,Feminino,2022,Pública,Quartzo,5.713333333,4.0,0.0,7.5,5.0,Não informado,4.7,3.7,5.0,5.3,,,7.3375,5.0,Fase 5 (1° EM),-1,8.125,2023,Pública,4,,,Risco moderado,Baixo,Baixa,Baixo,Baixo
RA-1191,FASE 4,4L,Aluno-1191,,,Masculino,2023,Pública,Ágata,6.175333333,4.0,7.5,7.2,5.0,Não informado,3.7,2.3,2.5,6.2,,,6.26,10.0,Fase 4 (9° ano),0,5.0,2023,Pública,4,,,Sem risco,Baixo,Baixa,Baixo,Baixo
RA-1192,FASE 4,4L,Aluno-1192,,15.0,Feminino,2023,Pública,Ágata,6.780741667,4.0,7.9,8.7,2.52,Não informado,5.8,4.7,6.0,6.8,,,7.6675,5.0,Fase 5 (1° EM),-1,7.96875,2023,Pública,4,,,Risco moderado,Médio,Baixa,Baixo,Baixo
RA-174,FASE 4,4L,Aluno-174,,16.0,Feminino,2019,Pública,Ágata,6.1242,4.0,7.9,5.6,5.0,Não informado,5.1,3.7,7.3,4.3,,,7.2125,5.0,Fase 6 (2° EM),-2,7.5,2023,Pública,4,,,Risco moderado,Baixo,Baixa,Baixo,Baixo
RA-1193,FASE 4,4L,Aluno-1193,,,Feminino,2023,Pública,Ágata,6.018083333,4.0,0.0,7.8,5.0,Não informado,4.1,3.7,3.5,5.0,,,7.13,10.0,Fase 4 (9° ano),0,7.1875,2023,Pública,4,,,Sem risco,Baixo,Baixa,Baixo,Baixo
RA-308,FASE 4,4L,Aluno-308,,14.0,Masculino,2019,Pública,Ágata,6.578558333,4.0,5.4,6.8,5.0,Não informado,4.9,4.7,5.2,4.7,,,7.5025,10.0,Fase 4 (9° ano),0,7.03125,2023,Pública,4,,,Sem risco,Baixo,Baixa,Baixo,Baixo
RA-152,FASE 4,4M,Aluno-152,,16.0,Feminino,2022,Pública,Ágata,6.30695,4.0,7.9,7.7,2.52,Não informado,4.5,4.0,5.0,4.5,,,7.71,5.0,Fase 6 (2° EM),-2,7.8125,2023,Pública,4,,,Risco moderado,Baixo,Baixa,Baixo,Baixo
RA-270,FASE 4,4M,Aluno-270,,14.0,Feminino,2019,Privada - Programa de Apadrinhamento,Ametista,7.982633333,4.0,9.2,9.0,2.52,Não informado,6.6,7.7,6.2,5.8,,,9.1275,10.0,Fase 4 (9° ano),0,8.75,2023,Privada,4,,,Sem risco,Médio,Alta,Baixo,Alto
RA-271,FASE 4,4M,Aluno-271,,16.0,Feminino,2022,Pública,Ágata,6.140333333,4.0,0.0,9.3,2.52,Não informado,5.9,4.3,7.0,6.3,,,7.7125,5.0,Fase 6 (2° EM),-2,8.125,2023,Pública,4,,,Risco moderado,Alto,Baixa,Baixo,Baixo
RA-299,FASE 4,4M,Aluno-299,,14.0,Feminino,2019,Privada - Programa de Apadrinhamento,Ágata,6.796541667,4.0,0.0,9.6,2.52,Não informado,6.1,5.0,7.2,6.2,,,8.005,10.0,Fase 4 (9° ano),0,7.96875,2023,Privada,4,,,Sem risco,Alto,Baixa,Baixo,Baixo
RA-316,FASE 4,4M,Aluno-316,,14.0,Feminino,2022,Pública,Topázio,8.436908333,4.0,10.0,9.5,7.52,Não informado,5.7,6.3,5.7,5.0,,,8.96,10.0,Fase 4 (9° ano),0,8.59375,2023,Pública,4,,,Sem risco,Alto,Alta,Alto,Alto
RA-318,FASE 4,4M,Aluno-318,,15.0,Feminino,2019,Pública,Ágata,6.856575,4.0,7.9,8.1,6.26,Não informado,4.9,5.0,5.0,4.7,,,7.71,5.0,Fase 5 (1° EM),-1,7.96875,2023,Pública,4,,,Risco moderado,Médio,Baixa,Médio,Baixo
RA-274,FASE 4,4M,Aluno-274,,12.0,Feminino,2019,Privada - Programa de Apadrinhamento,Topázio,8.137625,4.0,7.5,9.5,5.63,Não informado,7.5,7.0,7.7,7.8,,,8.295,10.0,Fase 3 (7° e 8° ano),1,7.65625,2023,Privada,4,,,Sem risco,Alto,Baixa,Baixo,Alto
RA-320,FASE 4,4M,Aluno-320,,14.0,Feminino,2022,Pública,Topázio,8.393508333,4.0,9.2,9.9,7.52,Não informado,5.5,5.7,6.0,4.7,,,8.96,10.0,Fase 4 (9° ano),0,8.59375,2023,Pública,4,,,Sem risco,Alto,Alta,Alto,Alto
RA-277,FASE 4,4M,Aluno-277,,,Masculino,2021,Pública,Ametista,7.7284,4.0,8.3,9.9,7.52,Não informado,5.5,5.7,6.0,4.8,,,8.7525,5.0,Fase 5 (1° EM),-1,8.125,2023,Pública,4,,,Risco moderado,Alto,Média,Alto,Médio
RA-278,FASE 4,4M,Aluno-278,,13.0,Masculino,2018,Pública,Ametista,7.1935,4.0,0.0,9.8,5.63,Não informado,5.6,6.0,5.3,5.5,,,8.3775,10.0,Fase 3 (7° e 8° ano),1,8.75,2023,Pública,4,,,Sem risco,Alto,Baixa,Baixo,Médio
RA-291,FASE 4,4M,Aluno-291,,14.0,Masculino,2022,Privada - Programa de Apadrinhamento,Topázio,8.493058333,4.0,8.8,8.6,7.52,Não informado,7.1,8.0,6.5,6.7,,,9.21,10.0,Fase 4 (9° ano),0,8.90625,2023,Privada,4,,,Sem risco,Médio,Média,Alto,Alto
RA-306,FASE 4,4M,Aluno-306,,,Feminino,2021,Pública,Quartzo,5.732375,4.0,0.0,7.9,6.26,Não informado,4.0,4.7,4.5,2.8,,,7.46,5.0,Fase 5 (1° EM),-1,7.34375,2023,Pública,4,,,Risco moderado,Médio,Baixa,Médio,Baixo
RA-279,FASE 4,4M,Aluno-279,,14.0,Masculino,2019,Pública,Topázio,9.006266667,4.0,8.8,10.0,6.27,Não informado,8.9,9.0,8.5,9.3,,,9.2125,10.0,Fase 4 (9° ano),0,8.75,2023,Pública,4,,,Sem risco,Alto,Média,Médio,Alto
RA-280,FASE 4,4M,Aluno-280,,,Feminino,2021,Privada - Programa de Apadrinhamento,Topázio,8.189225,4.0,6.7,9.5,7.52,Não informado,6.5,6.3,7.7,5.5,,,8.7125,10.0,Fase 4 (9° ano),0,8.28125,2023,Privada,4,,,Sem risco,Alto,Baixa,Alto,Alto
RA-276,FASE 4,4M,Aluno-276,,,Feminino,2017,Privada - Programa de Apadrinhamento,Ágata,6.690458333,4.0,6.3,8.5,2.52,Não informado,5.5,3.7,4.7,8.0,,,6.585,10.0,Fase 4 (9° ano),0,7.03125,2023,Privada,4,,,Sem risco,Médio,Baixa,Baixo,Baixo
RA-285,FASE 4,4N,Aluno-285,,17.0,Feminino,2020,Pública,Quartzo,5.380358333,4.0,8.3,4.6,2.52,Não informado,4.7,4.0,6.0,4.0,,,7.13,2.5,Fase 7 (3° EM),-3,7.65625,2023,Pública,4,,,Alto risco,Baixo,Média,Baixo,Baixo
RA-1194,FASE 4,4N,Aluno-1194,,13.0,Masculino,2023,Pública,Ametista,7.671933333,4.0,8.8,9.0,5.0,Não informado,6.1,6.0,4.2,8.0,,,7.6675,10.0,Fase 3 (7° e 8° ano),1,7.5,2023,Pública,4,,,Sem risco,Médio,Média,Baixo,Médio
RA-287,FASE 4,4N,Aluno-287,,18.0,Feminino,2022,Pública,Quartzo,3.745541667,4.0,0.0,4.8,2.52,Não informado,3.9,3.0,2.3,6.5,,,5.375,2.5,Fase 8 (Universitários),-4,4.21875,2023,Pública,4,,,Alto risco,Baixo,Baixa,Baixo,Baixo
RA-319,FASE 4,4N,Aluno-319,,,Masculino,2022,Concluiu o 3º EM,Topázio,8.367208333,4.0,9.6,9.2,5.0,Não informado,7.2,5.7,5.8,10.0,,,8.88,10.0,Fase 4 (9° ano),0,8.59375,2023,Concluído,4,,,Sem risco,Alto,Alta,Baixo,Alto
RA-321,FASE 4,4N,Aluno-321,,13.0,Feminino,2022,Pública,Ametista,7.695233333,4.0,8.3,9.4,2.52,Não informado,6.2,6.0,5.8,6.7,,,8.42,10.0,Fase 3 (7° e 8° ano),1,8.125,2023,Pública,4,,,Sem risco,Alto,Média,Baixo,Médio
RA-1195,FASE 4,4N,Aluno-1195,,,Feminino,2022,Pública,Quartzo,5.677291667,4.0,0.0,8.3,2.52,Não informado,5.4,4.3,4.7,7.3,,,8.0025,2.5,Fase 7 (3° EM),-3,8.28125,2023,Pública,4,,,Alto risco,Médio,Baixa,Baixo,Baixo
RA-159,FASE 4,4N,Aluno-159,,16.0,Feminino,2021,Pública,Ágata,6.805033333,4.0,7.9,8.1,2.52,Não informado,6.3,5.0,6.0,7.8,,,7.8775,5.0,Fase 6 (2° EM),-2,8.125,2023,Pública,4,,,Risco moderado,Médio,Baixa,Baixo,Baixo
RA-322,FASE 4,4N,Aluno-322,,14.0,Feminino,2022,Pública,Ametista,7.037808333,4.0,6.7,8.3,2.52,Não informado,5.3,4.0,5.5,6.3,,,8.045,10.0,Fase 4 (9° ano),0,7.96875,2023,Pública,4,,,Sem risco,Médio,Baixa,Baixo,Médio
RA-251,FASE 4,4N,Aluno-251,,,Masculino,2018,Pública,Ágata,6.665208333,4.0,9.6,8.0,2.52,Não informado,5.3,5.0,5.5,5.3,,,7.835,5.0,Fase 5 (1° EM),-1,7.34375,2023,Pública,4,,,Risco moderado,Médio,Alta,Baixo,Baixo
RA-116,FASE 5,5A,Aluno-116,,17.0,Feminino,2019,Pública,Ágata,6.433075,4.0,6.7,7.6,5.0,Não informado,4.7,2.3,5.0,6.8,,,7.5475,5.0,Fase 7 (3° EM),-2,7.96875,2023,Pública,5,,,Risco moderado,Baixo,Baixa,Baixo,Baixo
RA-103,FASE 5,5A,Aluno-103,,14.0,Feminino,2020,Privada - Programa de Apadrinhamento,Topázio,8.0239,4.0,8.3,9.2,5.0,Não informado,7.1,7.3,6.3,7.7,,,8.09,10.0,Fase 4 (9° ano),1,8.125,2023,Privada,5,,,Sem risco,Alto,Média,Baixo,Alto
RA-42,FASE 5,5A,Aluno-42,,,Masculino,2019,Privada - Programa de Apadrinhamento,Ágata,6.794516667,4.0,8.8,8.6,5.63,Não informado,5.7,6.3,4.2,6.7,,,6.6675,5.0,Fase 6 (2° EM),-1,6.5625,2023,Privada,5,,,Risco moderado,Médio,Média,Baixo,Baixo
RA-121,FASE 5,5A,Aluno-121,,,Feminino,2021,Pública,Ágata,6.811875,4.0,6.3,8.8,5.0,Não informado,6.0,5.0,5.7,7.3,,,7.4625,5.0,Fase 6 (2° EM),-1,7.34375,2023,Pública,5,,,Risco moderado,Médio,Baixa,Baixo,Baixo
RA-106,FASE 5,5A,Aluno-106,,15.0,Feminino,2016,Privada - Programa de Apadrinhamento,Ametista,7.769658333,4.0,7.9,9.1,5.0,Não informado,7.3,6.7,6.8,8.3,,,7.5075,10.0,Fase 5 (1° EM),0,7.03125,2023,Privada,5,,,Sem risco,Médio,Baixa,Baixo,Médio
RA-123,FASE 5,5A,Aluno-123,,17.0,Masculino,2017,Privada - Programa de Apadrinhamento,Ágata,6.068333333,4.0,0.0,9.4,5.0,Não informado,5.7,5.0,5.3,6.7,,,6.8375,5.0,Fase 7 (3° EM),-2,6.875,2023,Privada,5,,,Risco moderado,Alto,Baixa,Baixo,Baixo
RA-46,FASE 5,5A,Aluno-46,,18.0,Feminino,2022,Pública,Quartzo,5.545383333,4.0,7.1,7.4,2.52,Não informado,4.4,2.8,3.0,7.3,,,6.6275,2.5,Fase 8 (Universitários),-3,6.5625,2023,Pública,5,,,Alto risco,Baixo,Baixa,Baixo,Baixo
RA-125,FASE 5,5A,Aluno-125,,16.0,Feminino,2022,Privada,Ágata,6.989633333,4.0,9.2,7.7,5.0,Não informado,5.8,3.3,5.8,8.2,,,7.835,5.0,Fase 6 (2° EM),-1,8.125,2023,Privada,5,,,Risco moderado,Baixo,Alta,Baixo,Médio
RA-110,FASE 5,5A,Aluno-110,,15.0,Masculino,2017,Privada - Programa de Apadrinhamento,Topázio,8.0879,4.0,8.3,8.6,5.0,Não informado,7.5,8.3,6.2,8.0,,,8.2975,10.0,Fase 5 (1° EM),0,8.75,2023,Privada,5,,,Sem risco,Médio,Média,Baixo,Alto
RA-128,FASE 5,5A,Aluno-128,,16.0,Masculino,2019,Privada,Ágata,6.503908333,4.0,6.7,7.3,5.0,Não informado,5.7,6.3,4.0,6.7,,,7.5475,5.0,Fase 6 (2° EM),-1,7.34375,2023,Privada,5,,,Risco moderado,Baixo,Baixa,Baixo,Baixo
RA-143,FASE 5,5A,Aluno-143,,,Masculino,2019,Privada - Programa de Apadrinhamento,Ametista,7.794358333,4.0,8.3,9.6,2.52,Não informado,6.5,9.2,5.0,5.2,,,8.3375,10.0,Fase 4 (9° ano),1,8.28125,2023,Privada,5,,,Sem risco,Alto,Média,Baixo,Alto
RA-111,FASE 5,5A,Aluno-111,,14.0,Feminino,2020,Privada - Programa de Apadrinhamento,Ametista,7.566458333,4.0,7.5,8.7,5.0,Não informado,6.0,6.0,5.2,6.7,,,8.0875,10.0,Fase 4 (9° ano),1,7.65625,2023,Privada,5,,,Sem risco,Médio,Baixa,Baixo,Médio
RA-112,FASE 5,5A,Aluno-112,,,Feminino,2016,Privada - Programa de Apadrinhamento,Ametista,7.141308333,4.0,6.7,8.1,5.0,Não informado,7.4,7.3,6.5,8.3,,,7.9225,5.0,Fase 6 (2° EM),-1,7.96875,2023,Privada,5,,,Risco moderado,Médio,Baixa,Baixo,Médio
RA-115,FASE 5,5A,Aluno-115,,16.0,Feminino,2019,Pública,Ágata,6.319141667,4.0,8.8,7.1,5.0,Não informado,4.2,3.7,3.8,5.2,,,7.215,5.0,Fase 6 (2° EM),-1,7.34375,2023,Pública,5,,,Risco moderado,Baixo,Média,Baixo,Baixo
RA-1196,FASE 5,5B,Aluno-1196,,15.0,Masculino,2023,Privada,Ametista,7.03025,4.0,0.0,8.2,5.0,Não informado,7.5,8.0,6.2,8.3,,,8.045,10.0,Fase 5 (1° EM),0,7.8125,2023,Privada,5,,,Sem risco,Médio,Baixa,Baixo,Médio
RA-52,FASE 5,5B,Aluno-52,,,Masculino,2018,Privada - Programa de Apadrinhamento,Ametista,7.9642,4.0,10.0,9.8,2.52,Não informado,6.4,7.7,4.8,6.7,,,8.2975,10.0,Fase 4 (9° ano),1,8.125,2023,Privada,5,,,Sem risco,Alto,Alta,Baixo,Alto
RA-1197,FASE 5,5B,Aluno-1197,,16.0,Feminino,2023,Pública,Ágata,6.946058333,4.0,6.7,8.4,5.0,Não informado,7.3,5.3,7.2,9.3,,,7.215,5.0,Fase 6 (2° EM),-1,7.03125,2023,Pública,5,,,Risco moderado,Médio,Baixa,Baixo,Médio
RA-108,FASE 5,5B,Aluno-108,,,Feminino,2019,Concluiu o 3º EM,Quartzo,4.9308,4.0,5.8,7.3,2.52,Não informado,2.9,2.7,3.2,2.8,,,5.59,5.0,Fase 7 (3° EM),-2,4.375,2023,Concluído,5,,,Risco moderado,Baixo,Baixa,Baixo,Baixo
RA-1198,FASE 5,5B,Aluno-1198,,,Feminino,2023,Pública,Ametista,7.515233333,4.0,8.3,9.4,6.26,Não informado,6.7,7.3,3.7,9.0,,,7.9625,5.0,Fase 6 (2° EM),-1,7.5,2023,Pública,5,,,Risco moderado,Alto,Média,Médio,Médio
RA-127,FASE 5,5B,Aluno-127,,15.0,Feminino,2022,Pública,Ametista,7.91935,4.0,8.8,7.8,6.26,Não informado,6.4,4.7,6.3,8.2,,,8.6725,10.0,Fase 5 (1° EM),0,8.4375,2023,Pública,5,,,Sem risco,Baixo,Média,Médio,Alto
RA-114,FASE 5,5B,Aluno-114,,,Masculino,2022,Pública,Quartzo,5.335,4.0,0.0,6.0,3.14,Não informado,5.6,4.0,4.5,8.3,,,7.255,5.0,Fase 7 (3° EM),-2,7.5,2023,Pública,5,,,Risco moderado,Baixo,Baixa,Baixo,Baixo
RA-146,FASE 5,5C,Aluno-146,,,Feminino,2022,Pública,Ametista,7.584483333,4.0,6.2,9.5,5.0,Não informado,7.9,7.8,5.8,10.0,,,8.2125,5.0,Fase 6 (2° EM),-1,8.4375,2023,Pública,5,,,Risco moderado,Alto,Baixa,Baixo,Médio
RA-1199,FASE 5,5C,Aluno-1199,,,Masculino,2023,Pública,Ametista,7.024933333,4.0,6.7,9.1,5.0,Não informado,6.2,6.8,5.0,6.7,,,8.0875,5.0,Fase 7 (3° EM),-2,6.875,2023,Pública,5,,,Risco moderado,Médio,Baixa,Baixo,Médio
RA-70,FASE 5,5C,Aluno-70,,17.0,Feminino,2017,Pública,Ágata,6.869133333,4.0,9.2,9.2,5.0,Não informado,4.3,3.0,3.5,6.3,,,7.545,5.0,Fase 7 (3° EM),-2,7.5,2023,Pública,5,,,Risco moderado,Alto,Alta,Baixo,Baixo
RA-107,FASE 5,5C,Aluno-107,,15.0,Feminino,2018,Pública,Ágata,6.845208333,4.0,0.0,8.5,5.0,Não informado,7.0,6.0,5.2,9.7,,,7.5875,10.0,Fase 5 (1° EM),0,7.34375,2023,Pública,5,,,Sem risco,Médio,Baixa,Baixo,Baixo
RA-1200,FASE 5,5C,Aluno-1200,,15.0,Feminino,2023,Pública,Quartzo,5.711166667,4.0,0.0,6.4,5.0,Não informado,4.0,4.3,2.3,5.5,,,6.8725,10.0,Fase 5 (1° EM),0,7.5,2023,Pública,5,,,Sem risco,Baixo,Baixa,Baixo,Baixo
RA-151,FASE 5,5C,Aluno-151,,17.0,Feminino,2020,Pública,Ágata,6.892541667,4.0,0.0,7.8,7.52,Não informado,7.9,6.8,7.0,10.0,,,8.1725,5.0,Fase 7 (3° EM),-2,8.59375,2023,Pública,5,,,Risco moderado,Baixo,Baixa,Alto,Baixo
RA-85,FASE 5,5C,Aluno-85,,16.0,Masculino,2022,Pública,Ametista,7.08435,4.0,8.8,8.9,6.27,Não informado,5.7,5.8,3.8,7.5,,,7.8425,5.0,Fase 6 (2° EM),-1,5.9375,2023,Pública,5,,,Risco moderado,Médio,Média,Médio,Médio
RA-1201,FASE 5,5C,Aluno-1201,,15.0,Masculino,2023,Pública,Topázio,8.378008333,4.0,9.2,9.6,3.77,Não informado,7.8,8.3,6.5,8.5,,,8.7575,10.0,Fase 5 (1° EM),0,8.59375,2023,Pública,5,,,Sem risco,Alto,Alta,Baixo,Alto
RA-131,FASE 5,5F,Aluno-131,,16.0,Feminino,2016,Pública,Quartzo,5.952358333,4.0,8.3,7.8,5.0,Não informado,2.2,0.0,3.0,3.5,,,6.8,5.0,Fase 6 (2° EM),-1,7.65625,2023,Pública,5,,,Risco moderado,Baixo,Média,Baixo,Baixo
RA-132,FASE 5,5F,Aluno-132,,15.0,Feminino,2019,Privada - Programa de Apadrinhamento,Ametista,7.350625,4.0,7.5,8.7,2.52,Não informado,6.5,6.3,6.5,6.7,,,7.715,10.0,Fase 5 (1° EM),0,7.65625,2023,Privada,5,,,Sem risco,Médio,Baixa,Baixo,Médio
RA-133,FASE 5,5F,Aluno-133,,16.0,Feminino,2016,Pública,Ágata,6.168416667,4.0,7.5,7.9,2.52,Não informado,5.3,5.0,4.3,6.7,,,6.505,5.0,Fase 6 (2° EM),-1,7.1875,2023,Pública,5,,,Risco moderado,Médio,Baixa,Baixo,Baixo
RA-104,FASE 5,5F,Aluno-104,,,Masculino,2022,Pública,Quartzo,4.25,4.0,0.0,7.7,2.52,Não informado,2.6,3.7,1.8,2.3,,,5.6275,2.5,Fase 8 (Universitários),-3,5.625,2023,Pública,5,,,Alto risco,Baixo,Baixa,Baixo,Baixo
RA-137,FASE 5,5F,Aluno-137,,17.0,Feminino,2016,Privada - Programa de Apadrinhamento,Quartzo,5.937025,4.0,7.1,6.3,2.52,Não informado,6.0,7.3,4.5,6.2,,,6.88,5.0,Fase 7 (3° EM),-2,6.40625,2023,Privada,5,,,Risco moderado,Baixo,Baixa,Baixo,Baixo
RA-144,FASE 5,5F,Aluno-144,,14.0,Feminino,2017,Privada - Programa de Apadrinhamento,Quartzo,4.990333333,4.0,0.0,5.2,2.52,Não informado,4.4,3.3,2.5,7.3,,,6.0,10.0,Fase 4 (9° ano),1,6.25,2023,Privada,5,,,Sem risco,Baixo,Baixa,Baixo,Baixo
RA-1202,FASE 5,5F,Aluno-1202,,16.0,Feminino,2023,Pública,Ágata,6.202008333,4.0,7.1,7.6,7.52,Não informado,3.3,4.5,3.3,2.0,,,6.67,5.0,Fase 6 (2° EM),-1,7.34375,2023,Pública,5,,,Risco moderado,Baixo,Baixa,Alto,Baixo
RA-90,FASE 5,5L,Aluno-90,,14.0,Feminino,2019,Privada - Programa de Apadrinhamento,Topázio,8.699408333,4.0,10.0,9.6,7.52,Não informado,7.7,6.7,6.8,9.5,,,8.1725,10.0,Fase 4 (9° ano),1,8.59375,2023,Privada,5,,,Sem risco,Alto,Alta,Alto,Alto
RA-167,FASE 5,5L,Aluno-167,,,Feminino,2018,Privada - Programa de Apadrinhamento,Ametista,7.806141667,4.0,8.8,9.9,5.0,Não informado,7.9,8.3,7.2,8.3,,,7.8375,5.0,Fase 7 (3° EM),-2,7.96875,2023,Privada,5,,,Risco moderado,Alto,Média,Baixo,Alto
RA-168,FASE 5,5L,Aluno-168,,15.0,Feminino,2018,Privada - Programa de Apadrinhamento,Ágata,6.483083333,4.0,0.0,9.6,6.89,Não informado,4.7,4.3,3.0,6.7,,,6.4225,10.0,Fase 5 (1° EM),0,6.5625,2023,Privada,5,,,Sem risco,Alto,Baixa,Médio,Baixo
RA-1203,FASE 5,5L,Aluno-1203,,,Feminino,2023,Pública,Ametista,7.487841667,4.0,9.2,10.0,2.52,Não informado,7.2,6.7,5.8,9.2,,,7.8775,5.0,Fase 6 (2° EM),-1,7.96875,2023,Pública,5,,,Risco moderado,Alto,Alta,Baixo,Médio
RA-155,FASE 5,5L,Aluno-155,,17.0,Masculino,2022,Pública,Ágata,6.318991667,4.0,7.9,8.1,5.0,Não informado,4.4,5.3,2.8,5.2,,,6.5875,5.0,Fase 7 (3° EM),-2,7.03125,2023,Pública,5,,,Risco moderado,Médio,Baixa,Baixo,Baixo
RA-94,FASE 5,5L,Aluno-94,,,Feminino,2018,Privada - Programa de Apadrinhamento,Ametista,7.289333333,4.0,7.5,9.6,2.52,Não informado,7.2,7.7,4.8,9.0,,,7.795,5.0,Fase 6 (2° EM),-1,8.75,2023,Privada,5,,,Risco moderado,Alto,Baixa,Baixo,Médio
RA-81,FASE 5,5L,Aluno-81,,15.0,Feminino,2017,Privada - Programa de Apadrinhamento,Ametista,7.45425,4.0,9.6,8.8,2.52,Não informado,6.3,8.7,4.7,5.5,,,7.2125,10.0,Fase 5 (1° EM),0,7.8125,2023,Privada,5,,,Sem risco,Médio,Alta,Baixo,Médio
RA-302,FASE 5,5L,Aluno-302,,17.0,Masculino,2022,Pública,Quartzo,5.314333333,4.0,0.0,7.3,5.0,Não informado,4.3,4.7,2.3,5.8,,,6.255,5.0,Fase 7 (3° EM),-2,7.5,2023,Pública,5,,,Risco moderado,Baixo,Baixa,Baixo,Baixo
RA-171,FASE 5,5L,Aluno-171,,17.0,Masculino,2022,Pública,Ágata,6.293083333,4.0,7.5,7.2,5.0,Não informado,5.2,4.5,4.8,6.2,,,6.755,5.0,Fase 7 (3° EM),-2,7.1875,2023,Pública,5,,,Risco moderado,Baixo,Baixa,Baixo,Baixo
RA-160,FASE 5,5L,Aluno-160,,16.0,Feminino,2021,Privada - Programa de Apadrinhamento,Ágata,6.598266667,4.0,8.8,8.3,2.52,Não informado,5.0,3.3,3.8,8.0,,,7.46,5.0,Fase 6 (2° EM),-1,8.125,2023,Privada,5,,,Risco moderado,Médio,Média,Baixo,Baixo
RA-1204,FASE 5,5L,Aluno-1204,,16.0,Masculino,2023,Pública,Ágata,6.940416667,4.0,7.5,8.7,5.0,Não informado,6.1,5.0,3.7,9.7,,,7.2125,5.0,Fase 6 (2° EM),-1,7.8125,2023,Pública,5,,,Risco moderado,Médio,Baixa,Baixo,Médio
RA-1205,FASE 5,5L,Aluno-1205,,18.0,Feminino,2023,Pública,Ágata,6.806466667,4.0,9.2,9.2,6.26,Não informado,5.0,5.2,3.7,6.2,,,7.085,2.5,Fase 8 (Universitários),-3,7.5,2023,Pública,5,,,Alto risco,Alto,Alta,Médio,Baixo
RA-173,FASE 5,5L,Aluno-173,,17.0,Masculino,2019,Privada - Programa de Apadrinhamento,Ametista,7.757466667,4.0,9.2,8.5,6.26,Não informado,8.1,9.0,6.2,9.2,,,7.8775,5.0,Fase 7 (3° EM),-2,8.125,2023,Privada,5,,,Risco moderado,Médio,Alta,Médio,Médio
RA-166,FASE 5,5L,Aluno-166,,,Masculino,2020,Privada - Programa de Apadrinhamento,Topázio,8.105583333,4.0,7.5,8.9,6.26,Não informado,8.1,7.0,7.2,10.0,,,7.4625,10.0,Fase 5 (1° EM),0,8.4375,2023,Privada,5,,,Sem risco,Médio,Baixa,Médio,Alto
RA-175,FASE 5,5L,Aluno-175,,,Feminino,2018,Privada - Programa de Apadrinhamento,Ágata,6.569516667,4.0,8.8,9.2,2.52,Não informado,4.8,5.0,5.0,4.5,,,7.085,5.0,Fase 6 (2° EM),-1,7.1875,2023,Privada,5,,,Risco moderado,Alto,Média,Baixo,Baixo
RA-153,FASE 5,5M,Aluno-153,,15.0,Feminino,2018,Privada - Programa de Apadrinhamento,Ametista,7.289966667,4.0,9.2,7.4,2.52,Não informado,6.4,6.0,5.3,8.0,,,7.71,10.0,Fase 5 (1° EM),0,8.125,2023,Privada,5,,,Sem risco,Baixo,Alta,Baixo,Médio
RA-1206,FASE 5,5M,Aluno-1206,,17.0,Feminino,2023,Pública,Ágata,6.724183333,4.0,8.8,8.3,2.52,Não informado,5.6,4.7,3.7,8.3,,,7.7125,5.0,Fase 7 (3° EM),-2,7.8125,2023,Pública,5,,,Risco moderado,Médio,Média,Baixo,Baixo
RA-157,FASE 5,5M,Aluno-157,,13.0,Feminino,2018,Privada - Programa de Apadrinhamento,Ametista,7.879008333,4.0,7.1,9.9,2.52,Não informado,6.8,6.0,6.8,7.5,,,8.63,10.0,Fase 3 (7° e 8° ano),2,8.59375,2023,Privada,5,,,Sem risco,Alto,Baixa,Baixo,Alto
RA-1207,FASE 5,5M,Aluno-1207,,,Feminino,2023,Pública,Ametista,7.58235,4.0,8.8,9.0,5.0,Não informado,5.5,5.0,4.0,7.5,,,7.63,10.0,Fase 5 (1° EM),0,7.8125,2023,Pública,5,,,Sem risco,Médio,Média,Baixo,Médio
RA-1208,FASE 5,5M,Aluno-1208,,15.0,Masculino,2023,Pública,Ametista,7.0651,4.0,8.8,8.8,2.52,Não informado,6.2,5.0,4.8,8.8,,,6.2525,10.0,Fase 5 (1° EM),0,6.875,2023,Pública,5,,,Sem risco,Médio,Média,Baixo,Médio
RA-1209,FASE 5,5M,Aluno-1209,,16.0,Feminino,2023,Pública,Ametista,7.43375,4.0,7.5,9.4,5.0,Não informado,7.4,7.7,5.7,8.8,,,7.7125,5.0,Fase 6 (2° EM),-1,7.8125,2023,Pública,5,,,Risco moderado,Alto,Baixa,Baixo,Médio
RA-158,FASE 5,5M,Aluno-158,,,Feminino,2017,Privada - Programa de Apadrinhamento,Ametista,7.297425,4.0,7.1,9.0,2.52,Não informado,6.0,6.0,5.7,6.3,,,7.545,10.0,Fase 4 (9° ano),1,8.28125,2023,Privada,5,,,Sem risco,Médio,Baixa,Baixo,Médio
RA-161,FASE 5,5M,Aluno-161,,14.0,Feminino,2018,Privada - Programa de Apadrinhamento,Ágata,6.250166667,4.0,0.0,7.3,2.52,Não informado,5.8,7.0,4.5,6.0,,,7.795,10.0,Fase 4 (9° ano),1,8.125,2023,Privada,5,,,Sem risco,Baixo,Baixa,Baixo,Baixo
RA-164,FASE 5,5M,Aluno-164,,16.0,Masculino,2018,Privada,Quartzo,5.638666667,4.0,0.0,8.2,2.52,Não informado,5.8,6.0,4.2,7.3,,,6.9625,5.0,Fase 6 (2° EM),-1,6.875,2023,Privada,5,,,Risco moderado,Médio,Baixa,Baixo,Baixo
RA-1210,FASE 5,5M,Aluno-1210,,16.0,Feminino,2023,Pública,Ametista,7.171083333,4.0,9.6,9.4,5.0,Não informado,4.7,5.0,2.0,7.0,,,8.09,5.0,Fase 6 (2° EM),-1,7.8125,2023,Pública,5,,,Risco moderado,Alto,Alta,Baixo,Médio
RA-165,FASE 5,5M,Aluno-165,,,Feminino,2017,Privada - Programa de Apadrinhamento,Ametista,7.583433333,4.0,6.7,9.2,2.52,Não informado,7.3,7.3,6.2,8.3,,,7.795,10.0,Fase 5 (1° EM),0,8.125,2023,Privada,5,,,Sem risco,Alto,Baixa,Baixo,Médio
RA-1211,FASE 5,5M,Aluno-1211,,16.0,Feminino,2023,Pública,Ametista,7.09205,4.0,7.1,9.1,5.0,Não informado,6.2,6.3,4.5,7.8,,,7.7125,5.0,Fase 6 (2° EM),-1,7.8125,2023,Pública,5,,,Risco moderado,Médio,Baixa,Baixo,Médio
RA-1212,FASE 5,5M,Aluno-1212,,16.0,Feminino,2023,Pública,Ágata,6.755358333,4.0,8.3,8.9,5.0,Não informado,4.2,0.0,3.5,9.0,,,7.715,5.0,Fase 6 (2° EM),-1,7.65625,2023,Pública,5,,,Risco moderado,Médio,Média,Baixo,Baixo
RA-1213,FASE 5,5M,Aluno-1213,,,Feminino,2023,Pública,Quartzo,5.95625,4.0,0.0,8.4,2.52,Não informado,6.0,6.7,4.8,6.5,,,7.715,5.0,Fase 7 (3° EM),-2,7.8125,2023,Pública,5,,,Risco moderado,Médio,Baixa,Baixo,Baixo
RA-40,FASE 6,6A,Aluno-40,,17.0,Feminino,2016,Privada - Programa de Apadrinhamento,Ametista,7.169975,4.0,7.5,8.2,7.52,Não informado,5.9,6.2,5.7,5.8,,,7.755,5.0,Fase 7 (3° EM),-1,7.96875,2023,Privada,6,,,Risco moderado,Médio,Baixa,Alto,Médio
RA-1214,FASE 6,6A,Aluno-1214,,16.0,Masculino,2023,Pública,Topázio,8.378666667,4.0,9.6,9.8,6.89,Não informado,7.4,8.0,5.0,9.3,,,7.6725,10.0,Fase 6 (2° EM),0,7.5,2023,Pública,6,,,Sem risco,Alto,Alta,Médio,Alto
RA-71,FASE 6,6A,Aluno-71,,,Feminino,2019,Pública,Ametista,7.3651,4.0,6.7,9.8,6.26,Não informado,6.6,7.3,5.5,7.0,,,7.7125,5.0,Fase 8 (Universitários),-2,7.5,2023,Pública,6,,,Risco moderado,Alto,Baixa,Médio,Médio
RA-53,FASE 6,6A,Aluno-53,,18.0,Masculino,2022,Concluiu o 3º EM,Ametista,7.600633333,4.0,9.2,9.1,5.63,Não informado,7.7,7.3,6.5,9.2,,,7.5875,5.0,Fase 8 (Universitários),-2,7.5,2023,Concluído,6,,,Risco moderado,Médio,Alta,Baixo,Médio
RA-43,FASE 6,6A,Aluno-43,,17.0,Feminino,2019,Pública,Ágata,6.4622,4.0,7.9,6.7,5.63,Não informado,5.0,4.0,5.0,6.0,,,7.5875,5.0,Fase 7 (3° EM),-1,7.5,2023,Pública,6,,,Risco moderado,Baixo,Baixa,Baixo,Baixo
RA-55,FASE 6,6A,Aluno-55,,,Feminino,2017,Pública,Ágata,6.898033333,4.0,7.9,8.1,3.14,Não informado,7.1,8.7,6.5,6.0,,,7.545,5.0,Fase 7 (3° EM),-1,7.5,2023,Pública,6,,,Risco moderado,Médio,Baixa,Baixo,Baixo
RA-44,FASE 6,6A,Aluno-44,,,Feminino,2021,Pública,Ágata,6.258333333,4.0,0.0,8.5,5.01,Não informado,6.9,7.3,5.8,7.5,,,7.17,5.0,Fase 8 (Universitários),-2,7.5,2023,Pública,6,,,Risco moderado,Médio,Baixa,Baixo,Baixo
RA-1215,FASE 6,6A,Aluno-1215,,16.0,Feminino,2023,Pública,Ágata,6.339466667,4.0,7.1,5.6,5.0,Não informado,4.1,5.0,2.7,4.7,,,7.1725,10.0,Fase 6 (2° EM),0,7.5,2023,Pública,6,,,Sem risco,Baixo,Baixa,Baixo,Baixo
RA-45,FASE 6,6A,Aluno-45,,,Feminino,2019,Privada - Programa de Apadrinhamento,Topázio,8.303591667,4.0,7.1,9.6,6.26,Não informado,7.9,7.8,6.3,9.7,,,8.1725,10.0,Fase 6 (2° EM),0,8.28125,2023,Privada,6,,,Sem risco,Alto,Baixa,Médio,Alto
RA-56,FASE 6,6A,Aluno-56,,16.0,Feminino,2019,Privada - Programa de Apadrinhamento,Topázio,8.284333333,4.0,9.6,9.5,5.0,Não informado,7.8,7.8,5.5,10.0,,,7.8,10.0,Fase 6 (2° EM),0,8.125,2023,Privada,6,,,Sem risco,Alto,Alta,Baixo,Alto
RA-57,FASE 6,6A,Aluno-57,,,Masculino,2017,Privada - Programa de Apadrinhamento,Ágata,6.450875,4.0,0.0,8.0,5.63,Não informado,7.2,7.8,6.8,7.0,,,7.755,5.0,Fase 7 (3° EM),-1,7.96875,2023,Privada,6,,,Risco moderado,Médio,Baixa,Baixo,Baixo
RA-58,FASE 6,6A,Aluno-58,,,Masculino,2017,Privada - Programa de Apadrinhamento,Ametista,7.70625,4.0,0.0,9.7,6.26,Não informado,8.1,7.8,6.5,10.0,,,8.3825,10.0,Fase 6 (2° EM),0,8.4375,2023,Privada,6,,,Sem risco,Alto,Baixa,Médio,Médio
RA-59,FASE 6,6A,Aluno-59,,,Masculino,2022,Privada - Programa de Apadrinhamento,Ametista,7.692291667,4.0,7.5,9.6,5.63,Não informado,7.2,7.7,6.8,7.2,,,8.4225,5.0,Fase 8 (Universitários),-2,8.28125,2023,Privada,6,,,Risco moderado,Alto,Baixa,Baixo,Médio
RA-1216,FASE 6,6A,Aluno-1216,,19.0,Feminino,2023,Concluiu o 3º EM,Ametista,7.7105,4.0,9.6,9.0,5.63,Não informado,7.9,8.7,5.3,9.7,,,7.795,5.0,Fase 8 (Universitários),-2,7.5,2023,Concluído,6,,,Risco moderado,Médio,Alta,Baixo,Médio
RA-78,FASE 6,6A,Aluno-78,,,Feminino,2018,Privada - Programa de Apadrinhamento,Ágata,6.434625,4.0,0.0,7.7,6.26,Não informado,6.7,8.5,4.8,6.8,,,8.0025,5.0,Fase 8 (Universitários),-2,8.28125,2023,Privada,6,,,Risco moderado,Baixo,Baixa,Médio,Baixo
RA-79,FASE 6,6A,Aluno-79,,,Feminino,2018,Privada - Programa de Apadrinhamento,Ágata,6.635883333,4.0,5.8,6.2,5.0,Não informado,7.6,6.0,7.7,9.0,,,7.59,5.0,Fase 7 (3° EM),-1,7.8125,2023,Privada,6,,,Risco moderado,Baixo,Baixa,Baixo,Baixo
RA-61,FASE 6,6A,Aluno-61,,16.0,Masculino,2021,Pública,Ametista,7.382108333,4.0,8.3,7.0,6.26,Não informado,6.2,6.7,4.3,7.5,,,7.4625,10.0,Fase 6 (2° EM),0,7.96875,2023,Pública,6,,,Sem risco,Baixo,Média,Médio,Médio
RA-63,FASE 6,6A,Aluno-63,,,Masculino,2018,Pública,Topázio,8.0641,4.0,6.7,9.0,6.89,Não informado,8.7,9.3,7.3,9.5,,,8.9675,5.0,Fase 7 (3° EM),-1,8.75,2023,Pública,6,,,Risco moderado,Médio,Baixa,Médio,Alto
RA-64,FASE 6,6A,Aluno-64,,,Feminino,2019,Privada - Programa de Apadrinhamento,Ametista,7.452541667,4.0,7.5,9.2,6.89,Não informado,6.7,7.0,6.0,7.2,,,7.9625,5.0,Fase 7 (3° EM),-1,7.34375,2023,Privada,6,,,Risco moderado,Alto,Baixa,Médio,Médio
RA-48,FASE 6,6A,Aluno-48,,16.0,Feminino,2017,Privada - Programa de Apadrinhamento,Ametista,7.797058333,4.0,6.7,8.4,6.26,Não informado,7.7,8.3,5.7,9.0,,,7.6275,10.0,Fase 6 (2° EM),0,7.65625,2023,Privada,6,,,Sem risco,Médio,Baixa,Médio,Alto
RA-109,FASE 6,6A,Aluno-109,,,Masculino,2021,Privada - Programa de Apadrinhamento,Topázio,8.3184,4.0,8.3,9.9,7.52,Não informado,8.3,7.0,8.2,9.7,,,8.59,5.0,Fase 7 (3° EM),-1,8.75,2023,Privada,6,,,Risco moderado,Alto,Média,Alto,Alto
RA-80,FASE 6,6L,Aluno-80,,,Feminino,2017,Privada - Programa de Apadrinhamento,Ametista,7.252275,4.0,8.3,8.4,6.89,Não informado,6.3,8.2,5.7,5.0,,,7.465,5.0,Fase 7 (3° EM),-1,7.96875,2023,Privada,6,,,Risco moderado,Médio,Média,Médio,Médio
RA-91,FASE 6,6L,Aluno-91,,,Feminino,2016,Privada - Programa de Apadrinhamento,Ametista,7.42395,4.0,10.0,7.4,6.89,Não informado,7.4,9.5,5.0,7.7,,,7.4675,5.0,Fase 7 (3° EM),-1,7.8125,2023,Privada,6,,,Risco moderado,Baixo,Alta,Médio,Médio
RA-1217,FASE 6,6L,Aluno-1217,,17.0,Feminino,2023,Pública,Ágata,6.064625,4.0,0.0,7.9,5.63,Não informado,5.9,7.0,4.0,6.7,,,7.38,5.0,Fase 7 (3° EM),-1,7.65625,2023,Pública,6,,,Risco moderado,Médio,Baixa,Baixo,Baixo
RA-92,FASE 6,6L,Aluno-92,,,Feminino,2016,Privada - Programa de Apadrinhamento,Ametista,7.375916667,4.0,9.6,9.4,5.63,Não informado,6.7,8.7,4.8,6.7,,,7.045,5.0,Fase 7 (3° EM),-1,7.1875,2023,Privada,6,,,Risco moderado,Alto,Alta,Baixo,Médio
RA-96,FASE 6,6L,Aluno-96,,17.0,Masculino,2021,Privada - Programa de Apadrinhamento,Ametista,7.610791667,4.0,9.6,8.9,7.52,Não informado,6.4,6.8,4.8,7.7,,,7.84,5.0,Fase 7 (3° EM),-1,7.65625,2023,Privada,6,,,Risco moderado,Médio,Alta,Alto,Médio
RA-1218,FASE 6,6L,Aluno-1218,,17.0,Masculino,2023,Pública,Ágata,6.8265,4.0,7.5,9.2,5.0,Não informado,5.3,6.7,3.5,5.7,,,7.1325,5.0,Fase 7 (3° EM),-1,7.5,2023,Pública,6,,,Risco moderado,Alto,Baixa,Baixo,Baixo
RA-1219,FASE 6,6L,Aluno-1219,,,Feminino,2023,Pública,Ametista,7.215141667,4.0,8.8,6.5,5.63,Não informado,6.3,7.2,5.5,6.3,,,7.38,10.0,Fase 6 (2° EM),0,7.34375,2023,Pública,6,,,Sem risco,Baixo,Média,Baixo,Médio
RA-1220,FASE 6,6L,Aluno-1220,,17.0,Feminino,2023,Pública,Ágata,6.46725,4.0,0.0,9.0,5.0,Não informado,6.8,8.8,5.3,6.3,,,7.63,5.0,Fase 7 (3° EM),-1,7.8125,2023,Pública,6,,,Risco moderado,Médio,Baixa,Baixo,Baixo
RA-84,FASE 6,6L,Aluno-84,,,Feminino,2018,Privada - Programa de Apadrinhamento,Ágata,6.034416667,4.0,0.0,8.8,2.52,Não informado,6.0,6.8,5.8,5.5,,,7.6725,5.0,Fase 8 (Universitários),-2,7.8125,2023,Privada,6,,,Risco moderado,Médio,Baixa,Baixo,Baixo
RA-99,FASE 6,6L,Aluno-99,,17.0,Masculino,2019,Pública,Ágata,6.68045,4.0,7.9,8.3,5.63,Não informado,4.5,4.7,4.0,4.8,,,7.4225,5.0,Fase 7 (3° EM),-1,7.8125,2023,Pública,6,,,Risco moderado,Médio,Baixa,Baixo,Baixo
RA-87,FASE 6,6L,Aluno-87,,16.0,Masculino,2021,Privada - Programa de Apadrinhamento,Topázio,8.6625,4.0,7.5,10.0,5.63,Não informado,9.3,9.5,8.7,9.7,,,8.385,10.0,Fase 6 (2° EM),0,8.125,2023,Privada,6,,,Sem risco,Alto,Baixa,Baixo,Alto
RA-89,FASE 6,6L,Aluno-89,,17.0,Masculino,2021,Pública,Ágata,6.700775,4.0,8.3,8.1,5.0,Não informado,5.1,6.3,2.3,6.7,,,7.465,5.0,Fase 7 (3° EM),-1,7.34375,2023,Pública,6,,,Risco moderado,Médio,Média,Baixo,Baixo
RA-1221,FASE 7,7A,Aluno-1221,,22.0,Feminino,2023,Concluiu o 3º EM,Topázio,8.027466667,4.0,9.2,9.1,6.26,Não informado,8.7,8.2,8.0,10.0,,,8.09,5.0,Fase 8 (Universitários),-1,8.0,2023,Concluído,7,,,Risco moderado,Médio,Alta,Médio,Alto
RA-27,FASE 7,7A,Aluno-27,,,Masculino,2016,Privada - Programa de Apadrinhamento,Ametista,7.921266667,4.0,6.7,7.7,6.89,Não informado,6.9,7.0,5.8,8.0,,,8.8825,10.0,Fase 7 (3° EM),0,8.625,2023,Privada,7,,,Sem risco,Baixo,Baixa,Médio,Alto
RA-1222,FASE 7,7A,Aluno-1222,,,Feminino,2023,Nenhuma das opções acima,Ametista,7.026466667,4.0,7.1,10.0,5.63,Não informado,6.8,5.0,6.5,9.0,,,6.005,5.0,Fase 8 (Universitários),-1,6.875,2023,Outros,7,,,Risco moderado,Alto,Baixa,Baixo,Médio
RA-32,FASE 7,7A,Aluno-32,,,Feminino,2018,Privada - Programa de Apadrinhamento,Ágata,6.716666667,4.0,0.0,8.2,3.77,Não informado,7.9,9.0,5.8,9.0,,,6.8775,10.0,Fase 7 (3° EM),0,7.375,2023,Privada,7,,,Sem risco,Médio,Baixa,Baixo,Baixo
RA-19,FASE 7,7A,Aluno-19,,19.0,Feminino,2022,Nenhuma das opções acima,Ametista,7.710866667,4.0,7.9,9.4,5.63,Não informado,7.8,7.7,7.0,8.8,,,8.1725,5.0,Fase 8 (Universitários),-1,7.75,2023,Outros,7,,,Risco moderado,Alto,Baixa,Baixo,Médio
RA-62,FASE 7,7A,Aluno-62,,17.0,Feminino,2022,Pública,Ametista,7.610333333,4.0,0.0,9.8,6.89,Não informado,7.5,9.3,6.8,6.3,,,8.215,10.0,Fase 7 (3° EM),0,8.25,2023,Pública,7,,,Sem risco,Alto,Baixa,Médio,Médio
RA-1223,FASE 7,7A,Aluno-1223,,,Masculino,2023,Pública,Topázio,8.187766667,4.0,8.8,9.3,5.0,Não informado,9.0,9.5,8.3,9.3,,,7.2925,10.0,Fase 7 (3° EM),0,6.875,2023,Pública,7,,,Sem risco,Alto,Média,Baixo,Alto
RA-38,FASE 7,7A,Aluno-38,,17.0,Feminino,2017,Privada - Programa de Apadrinhamento,Topázio,8.835333333,4.0,9.6,9.7,7.52,Não informado,7.7,8.2,8.8,6.0,,,8.8825,10.0,Fase 7 (3° EM),0,8.75,2023,Privada,7,,,Sem risco,Alto,Alta,Alto,Alto
RA-1224,FASE 7,7A,Aluno-1224,,,Masculino,2023,Concluiu o 3º EM,Ametista,7.5524,4.0,8.3,9.4,5.0,Não informado,8.0,8.2,6.3,9.5,,,7.6325,5.0,Fase 8 (Universitários),-1,7.125,2023,Concluído,7,,,Risco moderado,Alto,Média,Baixo,Médio
RA-39,FASE 7,7A,Aluno-39,,17.0,Feminino,2017,Privada - Programa de Apadrinhamento,Topázio,8.710333333,4.0,9.6,9.1,7.52,Não informado,7.8,8.3,7.8,7.2,,,8.7575,10.0,Fase 7 (3° EM),0,8.75,2023,Privada,7,,,Sem risco,Médio,Alta,Alto,Alto
RA-1225,FASE 7,7E,Aluno-1225,,18.0,Feminino,2023,Concluiu o 3º EM,,,,7.5,,2.52,Não informado,,,,,,,,5.0,Fase 8 (Universitários),-1,,2023,Concluído,7,,,Risco moderado,,Baixa,Baixo,
RA-76,FASE 7,7E,Aluno-76,,15.0,Feminino,2017,Privada *Parcerias com Bolsa 100%,,,,10.0,,2.52,Não informado,,,,,,,,10.0,Fase 5 (1° EM),2,,2023,Privada,7,,,Sem risco,,Alta,Baixo,
RA-26,FASE 7,7E,Aluno-26,,,Masculino,2022,Privada *Parcerias com Bolsa 100%,,,,0.0,,7.52,Não informado,,,,,,,,5.0,Fase 8 (Universitários),-1,,2023,Privada,7,,,Risco moderado,,Baixa,Alto,
RA-1226,FASE 7,7E,Aluno-1226,,,Feminino,2023,Privada *Parcerias com Bolsa 100%,,,,9.2,,7.52,Não informado,,,,,,,,10.0,Fase 6 (2° EM),1,,2023,Privada,7,,,Sem risco,,Alta,Alto,
RA-93,FASE 7,7E,Aluno-93,,16.0,Feminino,2016,Privada - Programa de Apadrinhamento,,,,7.9,,3.14,Não informado,,,,,,,,10.0,Fase 6 (2° EM),1,,2023,Privada,7,,,Sem risco,,Baixa,Baixo,
RA-119,FASE 7,7E,Aluno-119,,15.0,Feminino,2016,Privada - Programa de Apadrinhamento,,,,6.7,,2.52,Não informado,,,,,,,,10.0,Fase 5 (1° EM),2,,2023,Privada,7,,,Sem risco,,Baixa,Baixo,
RA-1227,FASE 7,7E,Aluno-1227,,16.0,Feminino,2023,Privada - Programa de Apadrinhamento,,,,9.2,,2.52,Não informado,,,,,,,,10.0,Fase 6 (2° EM),1,,2023,Privada,7,,,Sem risco,,Alta,Baixo,
RA-1228,FASE 7,7E,Aluno-1228,,17.0,Feminino,2023,Privada - Programa de Apadrinhamento,,,,7.5,,2.52,Não informado,,,,,,,,10.0,Fase 7 (3° EM),0,,2023,Privada,7,,,Sem risco,,Baixa,Baixo,
RA-1229,FASE 7,7E,Aluno-1229,,,Feminino,2023,Privada - Programa de Apadrinhamento,,,,8.3,,7.52,Não informado,,,,,,,,10.0,Fase 6 (2° EM),1,,2023,Privada,7,,,Sem risco,,Média,Alto,
RA-98,FASE 7,7E,Aluno-98,,15.0,Feminino,2017,Privada *Parcerias com Bolsa 100%,,,,7.9,,2.52,Não informado,,,,,,,,10.0,Fase 5 (1° EM),2,,2023,Privada,7,,,Sem risco,,Baixa,Baixo,
RA-172,FASE 7,7E,Aluno-172,,15.0,Feminino,2018,Privada - Programa de Apadrinhamento,,,,0.0,,3.77,Não informado,,,,,,,,10.0,Fase 5 (1° EM),2,,2023,Privada,7,,,Sem risco,,Baixa,Baixo,
RA-86,FASE 7,7E,Aluno-86,,,Masculino,2016,Privada *Parcerias com Bolsa 100%,,,,8.3,,6.89,Não informado,,,,,,,,10.0,Fase 7 (3° EM),0,,2023,Privada,7,,,Sem risco,,Média,Médio,
RA-1230,FASE 7,7E,Aluno-1230,,16.0,Feminino,2021,Privada - Programa de Apadrinhamento,,,,0.0,,2.52,Não informado,,,,,,,,10.0,Fase 6 (2° EM),1,,2023,Privada,7,,,Sem risco,,Baixa,Baixo,
RA-1231,FASE 8,8A,Aluno-1231,,22.0,Masculino,2021,Privada *Parcerias com Bolsa 100%,,,,,,,Não informado,,,,,,,,10.0,Fase 8 (Universitários),0,,2023,Privada,8,,,Sem risco,,,,
RA-1232,FASE 8,8A,Aluno-1232,,21.0,Masculino,2021,Privada *Parcerias com Bolsa 100%,,,,,,,Não informado,,,,,,,,10.0,Fase 8 (Universitários),0,,2023,Privada,8,,,Sem risco,,,,
RA-1233,FASE 8,8A,Aluno-1233,,22.0,Feminino,2021,Privada *Parcerias com Bolsa 100%,,,,,,,Não informado,,,,,,,,10.0,Fase 8 (Universitários),0,,2023,Privada,8,,,Sem risco,,,,
RA-1234,FASE 8,8A,Aluno-1234,,,Feminino,2021,Privada *Parcerias com Bolsa 100%,,,,,,,Não informado,,,,,,,,10.0,Fase 8 (Universitários),0,,2023,Privada,8,,,Sem risco,,,,
RA-1235,FASE 8,8A,Aluno-1235,,21.0,Masculino,2021,Privada *Parcerias com Bolsa 100%,,,,,,,Não informado,,,,,,,,10.0,Fase 8 (Universitários),0,,2023,Privada,8,,,Sem risco,,,,
RA-1236,FASE 8,8A,Aluno-1236,,21.0,Feminino,2021,Privada *Parcerias com Bolsa 100%,,,,,,,Não informado,,,,,,,,10.0,Fase 8 (Universitários),0,,2023,Privada,8,,,Sem risco,,,,
RA-1237,FASE 8,8A,Aluno-1237,,,Feminino,2021,Privada *Parcerias com Bolsa 100%,,,,,,,Não informado,,,,,,,,10.0,Fase 8 (Universitários),0,,2023,Privada,8,,,Sem risco,,,,
RA-1238,FASE 8,8A,Aluno-1238,,21.0,Feminino,2021,Privada *Parcerias com Bolsa 100%,,,,,,,Não informado,,,,,,,,10.0,Fase 8 (Universitários),0,,2023,Privada,8,,,Sem risco,,,,
RA-1239,FASE 8,8B,Aluno-1239,,,Feminino,2021,Privada *Parcerias com Bolsa 100%,,,,,,,Não informado,,,,,,,,10.0,Fase 8 (Universitários),0,,2023,Privada,8,,,Sem risco,,,,
RA-1240,FASE 8,8B,Aluno-1240,,20.0,Masculino,2021,Privada *Parcerias com Bolsa 100%,,,,,,,Não informado,,,,,,,,10.0,Fase 8 (Universitários),0,,2023,Privada,8,,,Sem risco,,,,
RA-1241,FASE 8,8B,Aluno-1241,,,Feminino,2021,Privada *Parcerias com Bolsa 100%,,,,,,,Não informado,,,,,,,,10.0,Fase 8 (Universitários),0,,2023,Privada,8,,,Sem risco,,,,
RA-1242,FASE 8,8B,Aluno-1242,,19.0,Feminino,2021,Privada *Parcerias com Bolsa 100%,,,,,,,Não informado,,,,,,,,10.0,Fase 8 (Universitários),0,,2023,Privada,8,,,Sem risco,,,,
RA-1243,FASE 8,8B,Aluno-1243,,,Feminino,2021,Privada *Parcerias com Bolsa 100%,,,,,,,Não informado,,,,,,,,10.0,Fase 8 (Universitários),0,,2023,Privada,8,,,Sem risco,,,,
RA-1244,FASE 8,8B,Aluno-1244,,20.0,Feminino,2021,Privada *Parcerias com Bolsa 100%,,,,,,,Não informado,,,,,,,,10.0,Fase 8 (Universitários),0,,2023,Privada,8,,,Sem risco,,,,
RA-1245,FASE 8,8B,Aluno-1245,,,Masculino,2021,Privada *Parcerias com Bolsa 100%,,,,,,,Não informado,,,,,,,,10.0,Fase 8 (Universitários),0,,2023,Privada,8,,,Sem risco,,,,
RA-1246,FASE 8,8B,Aluno-1246,,20.0,Feminino,2021,Privada - Pagamento por *Empresa Parceira,,,,,,,Não informado,,,,,,,,10.0,Fase 8 (Universitários),0,,2023,Privada,8,,,Sem risco,,,,
RA-1247,FASE 8,8B,Aluno-1247,,21.0,Feminino,2021,Privada *Parcerias com Bolsa 100%,,,,,,,Não informado,,,,,,,,10.0,Fase 8 (Universitários),0,,2023,Privada,8,,,Sem risco,,,,
RA-1248,FASE 8,8B,Aluno-1248,,20.0,Masculino,2021,Privada *Parcerias com Bolsa 100%,,,,,,,Não informado,,,,,,,,10.0,Fase 8 (Universitários),0,,2023,Privada,8,,,Sem risco,,,,
RA-1249,FASE 8,8B,Aluno-1249,,,Masculino,2021,Privada *Parcerias com Bolsa 100%,,,,,,,Não informado,,,,,,,,10.0,Fase 8 (Universitários),0,,2023,Privada,8,,,Sem risco,,,,
RA-1250,FASE 8,8B,Aluno-1250,,,Masculino,2021,Privada - Pagamento por *Empresa Parceira,,,,,,,Não informado,,,,,,,,10.0,Fase 8 (Universitários),0,,2023,Privada,8,,,Sem risco,,,,
RA-1251,FASE 8,8B,Aluno-1251,,20.0,Feminino,2021,Privada *Parcerias com Bolsa 100%,,,,,,,Não informado,,,,,,,,10.0,Fase 8 (Universitários),0,,2023,Privada,8,,,Sem risco,,,,
RA-1252,FASE 8,8B,Aluno-1252,,,Feminino,2021,Privada *Parcerias com Bolsa 100%,,,,,,,Não informado,,,,,,,,10.0,Fase 8 (Universitários),0,,2023,Privada,8,,,Sem risco,,,,
RA-1253,FASE 8,8D,Aluno-1253,,23.0,Feminino,2021,Privada *Parcerias com Bolsa 100%,,,,,,,Não informado,,,,,,,,10.0,Fase 8 (Universitários),0,,2023,Privada,8,,,Sem risco,,,,
RA-1254,FASE 8,8D,Aluno-1254,,19.0,Masculino,2021,Privada *Parcerias com Bolsa 100%,,,,,,,Não informado,,,,,,,,10.0,Fase 8 (Universitários),0,,2023,Privada,8,,,Sem risco,,,,
RA-1255,FASE 8,8D,Aluno-1255,,,Masculino,2021,Privada *Parcerias com Bolsa 100%,,,,,,,Não informado,,,,,,,,10.0,Fase 8 (Universitários),0,,2023,Privada,8,,,Sem risco,,,,
RA-1256,FASE 8,8D,Aluno-1256,,18.0,Feminino,2021,Privada *Parcerias com Bolsa 100%,,,,,,,Não informado,,,,,,,,10.0,Fase 8 (Universitários),0,,2023,Privada,8,,,Sem risco,,,,
RA-1257,FASE 8,8D,Aluno-1257,,18.0,Masculino,2021,Privada *Parcerias com Bolsa 100%,,,,,,,Não informado,,,,,,,,10.0,Fase 8 (Universitários),0,,2023,Privada,8,,,Sem risco,,,,
RA-1258,FASE 8,8D,Aluno-1258,,24.0,Masculino,2021,Privada *Parcerias com Bolsa 100%,,,,,,,Não informado,,,,,,,,10.0,Fase 8 (Universitários),0,,2023,Privada,8,,,Sem risco,,,,
RA-1259,FASE 8,8D,Aluno-1259,,,Feminino,2021,Privada *Parcerias com Bolsa 100%,,,,,,,Não informado,,,,,,,,10.0,Fase 8 (Universitários),0,,2023,Privada,8,,,Sem risco,,,,
RA-1260,FASE 8,8D,Aluno-1260,,,Masculino,2021,Privada *Parcerias com Bolsa 100%,,,,,,,Não informado,,,,,,,,10.0,Fase 8 (Universitários),0,,2023,Privada,8,,,Sem risco,,,,
RA-1261,FASE 8,8D,Aluno-1261,,,Feminino,2021,Privada *Parcerias com Bolsa 100%,,,,,,,Não informado,,,,,,,,10.0,Fase 8 (Universitários),0,,2023,Privada,8,,,Sem risco,,,,
RA-1262,FASE 8,8D,Aluno-1262,,19.0,Feminino,2021,Privada *Parcerias com Bolsa 100%,,,,,,,Não informado,,,,,,,,10.0,Fase 8 (Universitários),0,,2023,Privada,8,,,Sem risco,,,,
RA-1263,FASE 8,8D,Aluno-1263,,,Feminino,2021,Privada *Parcerias com Bolsa 100%,,,,,,,Não informado,,,,,,,,10.0,Fase 8 (Universitários),0,,2023,Privada,8,,,Sem risco,,,,
RA-1264,FASE 8,8D,Aluno-1264,,,Feminino,2021,Privada *Parcerias com Bolsa 100%,,,,,,,Não informado,,,,,,,,10.0,Fase 8 (Universitários),0,,2023,Privada,8,,,Sem risco,,,,
RA-1265,FASE 8,8D,Aluno-1265,,,Masculino,2022,Privada *Parcerias com Bolsa 100%,,,,,,,Não informado,,,,,,,,10.0,Fase 8 (Universitários),0,,2023,Privada,8,,,Sem risco,,,,
RA-1266,FASE 8,8D,Aluno-1266,,,Feminino,2021,Privada *Parcerias com Bolsa 100%,,,,,,,Não informado,,,,,,,,10.0,Fase 8 (Universitários),0,,2023,Privada,8,,,Sem risco,,,,
RA-1267,FASE 8,8D,Aluno-1267,,22.0,Feminino,2021,Privada *Parcerias com Bolsa 100%,,,,,,,Não informado,,,,,,,,10.0,Fase 8 (Universitários),0,,2023,Privada,8,,,Sem risco,,,,
RA-1268,FASE 8,8D,Aluno-1268,,19.0,Masculino,2021,Privada *Parcerias com Bolsa 100%,,,,,,,Não informado,,,,,,,,10.0,Fase 8 (Universitários),0,,2023,Privada,8,,,Sem risco,,,,
RA-14,FASE 8,8E,Aluno-14,,21.0,Masculino,2022,Privada *Parcerias com Bolsa 100%,,,,,,,Não informado,,,,,,,,10.0,Fase 8 (Universitários),0,,2023,Privada,8,,,Sem risco,,,,
RA-13,FASE 8,8E,Aluno-13,,18.0,Masculino,2016,Privada *Parcerias com Bolsa 100%,,,,,,,Não informado,,,,,,,,10.0,Fase 8 (Universitários),0,,2023,Privada,8,,,Sem risco,,,,
RA-12,FASE 8,8E,Aluno-12,,18.0,Feminino,2020,Privada *Parcerias com Bolsa 100%,,,,,,,Não informado,,,,,,,,10.0,Fase 8 (Universitários),0,,2023,Privada,8,,,Sem risco,,,,
RA-7,FASE 8,8E,Aluno-7,,,Masculino,2017,Privada *Parcerias com Bolsa 100%,,,,,,,Não informado,,,,,,,,10.0,Fase 8 (Universitários),0,,2023,Privada,8,,,Sem risco,,,,
RA-6,FASE 8,8E,Aluno-6,,,Feminino,2021,Privada - Pagamento por *Empresa Parceira,,,,,,,Não informado,,,,,,,,10.0,Fase 8 (Universitários),0,,2023,Privada,8,,,Sem risco,,,,
RA-5,FASE 8,8E,Aluno-5,,,Feminino,2016,Privada *Parcerias com Bolsa 100%,,,,,,,Não informado,,,,,,,,10.0,Fase 8 (Universitários),0,,2023,Privada,8,,,Sem risco,,,,
RA-1,FASE 8,8E,Aluno-1,,,Feminino,2016,Privada *Parcerias com Bolsa 100%,,,,,,,Não informado,,,,,,,,10.0,Fase 8 (Universitários),0,,2023,Privada,8,,,Sem risco,,,,
RA-36,FASE 8,8E,Aluno-36,,18.0,Feminino,2019,Privada *Parcerias com Bolsa 100%,,,,,,,Não informado,,,,,,,,10.0,Fase 8 (Universitários),0,,2023,Privada,8,,,Sem risco,,,,
RA-35,FASE 8,8E,Aluno-35,,18.0,Feminino,2019,Privada *Parcerias com Bolsa 100%,,,,,,,Não informado,,,,,,,,10.0,Fase 8 (Universitários),0,,2023,Privada,8,,,Sem risco,,,,
RA-34,FASE 8,8E,Aluno-34,,,Masculino,2016,Privada *Parcerias com Bolsa 100%,,,,,,,Não informado,,,,,,,,10.0,Fase 8 (Universitários),0,,2023,Privada,8,,,Sem risco,,,,
RA-31,FASE 8,8E,Aluno-31,,18.0,Feminino,2019,Privada *Parcerias com Bolsa 100%,,,,,,,Não informado,,,,,,,,10.0,Fase 8 (Universitários),0,,2023,Privada,8,,,Sem risco,,,,
RA-23,FASE 8,8E,Aluno-23,,,Masculino,2021,Privada *Parcerias com Bolsa 100%,,,,,,,Não informado,,,,,,,,10.0,Fase 7 (3° EM),1,,2023,Privada,8,,,Sem risco,,,,
RA-88,FASE 8,8E,Aluno-88,,18.0,Masculino,2021,Privada - Pagamento por *Empresa Parceira,,,,,,,Não informado,,,,,,,,10.0,Fase 8 (Universitários),0,,2023,Privada,8,,,Sem risco,,,,
RA-1269,FASE 8,8E,Aluno-1269,,18.0,Feminino,2021,Privada - Pagamento por *Empresa Parceira,,,,,,,Não informado,,,,,,,,10.0,Fase 8 (Universitários),0,,2023,Privada,8,,,Sem risco,,,,
RA-49,FASE 8,8E,Aluno-49,,18.0,Feminino,2022,Privada *Parcerias com Bolsa 100%,,,,,,,Não informado,,,,,,,,10.0,Fase 8 (Universitários),0,,2023,Privada,8,,,Sem risco,,,,
RA-1270,FASE 8,8E,Aluno-1270,,19.0,Feminino,2021,Privada *Parcerias com Bolsa 100%,,,,,,,Não informado,,,,,,,,10.0,Fase 8 (Universitários),0,,2023,Privada,8,,,Sem risco,,,,
RA-29,FASE 8,8E,Aluno-29,,,Masculino,2022,Privada *Parcerias com Bolsa 100%,,,,,,,Não informado,,,,,,,,10.0,Fase 8 (Universitários),0,,2023,Privada,8,,,Sem risco,,,,
RA-17,FASE 8,8E,Aluno-17,,,Masculino,2022,Privada - Pagamento por *Empresa Parceira,,,,,,,Não informado,,,,,,,,10.0,Fase 8 (Universitários),0,,2023,Privada,8,,,Sem risco,,,,
RA-21,FASE 8,8E,Aluno-21,,19.0,Masculino,2022,Privada *Parcerias com Bolsa 100%,,,,,,,Não informado,,,,,,,,10.0,Fase 8 (Universitários),0,,2023,Privada,8,,,Sem risco,,,,
RA-25,FASE 8,8E,Aluno-25,,18.0,Feminino,2021,Privada *Parcerias com Bolsa 100%,,,,,,,Não informado,,,,,,,,10.0,Fase 8 (Universitários),0,,2023,Privada,8,,,Sem risco,,,,
RA-2,FASE 8,8E,Aluno-2,,18.0,Feminino,2017,Privada *Parcerias com Bolsa 100%,,,,,,,Não informado,,,,,,,,10.0,Fase 8 (Universitários),0,,2023,Privada,8,,,Sem risco,,,,
RA-1271,FASE 8,8E,Aluno-1271,,18.0,Feminino,2021,Privada *Parcerias com Bolsa 100%,,,,,,,Não informado,,,,,,,,10.0,Fase 8 (Universitários),0,,2023,Privada,8,,,Sem risco,,,,
RA-1272,FASE 8,8E,Aluno-1272,,,Feminino,2021,Privada *Parcerias com Bolsa 100%,,,,,,,Não informado,,,,,,,,10.0,Fase 8 (Universitários),0,,2023,Privada,8,,,Sem risco,,,,
RA-1273,FASE 8,8E,Aluno-1273,,17.0,Feminino,2023,Privada - Pagamento por *Empresa Parceira,,,,,,,Não informado,,,,,,,,10.0,Fase 7 (3° EM),1,,2023,Privada,8,,,Sem risco,,,,
RA-1274,FASE 8,8E,Aluno-1274,,,Feminino,2021,Privada - Pagamento por *Empresa Parceira,,,,,,,Não informado,,,,,,,,10.0,Fase 8 (Universitários),0,,2023,Privada,8,,,Sem risco,,,,
RA-1275,ALFA,ALFA A - G0/G1,Aluno-1275,,8.0,Masculino,2024,Pública,Ametista,7.6113666667,3.0,10.002,8.6666666665,6.26,Não informado,8.0,10.0,6.0,,,,5.446666667,10.0,ALFA (1° e 2° ano),0,5.625,2024,Pública,0,,,Sem risco,Médio,Alta,Médio,Médio
RA-1276,ALFA,ALFA A - G0/G1,Aluno-1276,,8.0,Feminino,2024,Pública,Topázio,8.0028666667,3.0,10.002,9.3333333335,3.76,Não informado,8.0,10.0,6.0,,,,7.05,10.0,ALFA (1° e 2° ano),0,7.5,2024,Pública,0,,,Sem risco,Alto,Alta,Baixo,Alto
RA-1277,ALFA,ALFA A - G0/G1,Aluno-1277,,8.0,Masculino,2024,Pública,Ametista,7.9522000001,3.0,10.002,9.0833333335,3.76,Não informado,8.0,10.0,6.0,,,,7.046666667,10.0,ALFA (1° e 2° ano),0,7.5,2024,Pública,0,,,Sem risco,Médio,Alta,Baixo,Alto
RA-868,ALFA,ALFA A - G0/G1,Aluno-868,,8.0,Masculino,2023,Pública,Ametista,7.1563666666,3.0,8.002,9.75,3.76,Não informado,7.0,8.0,6.0,,,,7.213333333,5.0,Fase 1 (3° e 4° ano),-1,6.875,2024,Pública,0,,,Risco moderado,Alto,Baixa,Baixo,Médio
RA-1278,ALFA,ALFA A - G0/G1,Aluno-1278,,9.0,Masculino,2024,Pública,Quartzo,5.4441999999,3.0,9.002,4.1666666665,3.76,Não informado,7.5,8.0,7.0,,,,4.173333333,5.0,Fase 1 (3° e 4° ano),-1,5.0,2024,Pública,0,,,Risco moderado,Baixo,Média,Baixo,Baixo
RA-1279,ALFA,ALFA B - G2/G3,Aluno-1279,,9.0,Feminino,2024,Pública,Topázio,8.0822,3.0,10.002,10.0,6.26,Não informado,8.25,9.0,7.5,,,,7.78,5.0,Fase 1 (3° e 4° ano),-1,7.5,2024,Pública,0,,,Risco moderado,Alto,Alta,Médio,Alto
RA-861,ALFA,ALFA B - G2/G3,Aluno-861,,9.0,Feminino,2023,Pública,Topázio,8.9597,3.0,9.502,10.0,7.51,Não informado,10.0,10.0,10.0,,,,9.73,5.0,Fase 1 (3° e 4° ano),-1,8.125,2024,Pública,0,,,Risco moderado,Alto,Alta,Médio,Alto
RA-862,ALFA,ALFA B - G2/G3,Aluno-862,,10.0,Masculino,2023,Pública,Ametista,7.3466772727,3.0,9.002,8.6136363635,7.51,Não informado,7.5,10.0,5.0,,,,6.27,5.0,Fase 2 (5° e 6° ano),-2,7.1875,2024,Pública,0,,,Risco moderado,Médio,Média,Médio,Médio
RA-1280,ALFA,ALFA B - G2/G3,Aluno-1280,,9.0,Masculino,2024,Pública,Topázio,8.1526242425,3.0,10.002,9.5454545455,6.26,Não informado,8.5,10.0,7.0,,,,8.336666667,5.0,Fase 1 (3° e 4° ano),-1,7.5,2024,Pública,0,,,Risco moderado,Alto,Alta,Médio,Alto
RA-1281,ALFA,ALFA B - G2/G3,Aluno-1281,,9.0,Feminino,2024,Pública,Ametista,7.9828909091,3.0,7.918,9.5454545455,6.26,Não informado,9.25,10.0,8.5,,,,7.78,5.0,Fase 1 (3° e 4° ano),-1,7.5,2024,Pública,0,,,Risco moderado,Alto,Baixa,Médio,Alto
RA-895,ALFA,ALFA B - G2/G3,Aluno-895,,9.0,Feminino,2023,Pública,Topázio,8.2579575757,3.0,9.502,9.5454545455,6.26,Não informado,9.5,10.0,9.0,,,,8.113333333,5.0,Fase 1 (3° e 4° ano),-1,7.5,2024,Pública,0,,,Risco moderado,Alto,Alta,Médio,Alto
RA-884,ALFA,ALFA B - G2/G3,Aluno-884,,8.0,Feminino,2023,Pública,Topázio,8.0345030302,3.0,10.002,8.818181818,6.26,Não informado,8.75,10.0,7.5,,,,8.223333333,5.0,Fase 1 (3° e 4° ano),-1,7.5,2024,Pública,0,,,Risco moderado,Médio,Alta,Médio,Alto
RA-1282,ALFA,ALFA B - G2/G3,Aluno-1282,,9.0,Feminino,2024,Pública,Ametista,7.8769272727,3.0,9.502,8.1136363635,6.26,Não informado,9.25,10.0,8.5,,,,7.89,5.0,Fase 1 (3° e 4° ano),-1,7.5,2024,Pública,0,,,Risco moderado,Médio,Alta,Médio,Alto
RA-889,ALFA,ALFA B - G2/G3,Aluno-889,,9.0,Masculino,2023,Pública,Topázio,8.1912909091,3.0,8.502,9.2954545455,6.26,Não informado,9.75,10.0,9.5,,,,8.28,5.0,Fase 1 (3° e 4° ano),-1,7.5,2024,Pública,0,,,Risco moderado,Alto,Média,Médio,Alto
RA-867,ALFA,ALFA B - G2/G3,Aluno-867,,9.0,Masculino,2023,Pública,Ametista,7.5830181818,3.0,9.002,7.409090909,7.51,Não informado,8.5,10.0,7.0,,,,7.5,5.0,Fase 1 (3° e 4° ano),-1,7.5,2024,Pública,0,,,Risco moderado,Baixo,Média,Médio,Médio
RA-1283,ALFA,ALFA B - G2/G3,Aluno-1283,,10.0,Masculino,2024,Pública,Topázio,8.3033538462,3.0,10.002,9.230769231,7.51,Não informado,9.0,10.0,8.0,,,,8.28,5.0,Fase 2 (5° e 6° ano),-2,7.5,2024,Pública,0,,,Risco moderado,Alto,Alta,Médio,Alto
RA-891,ALFA,ALFA B - G2/G3,Aluno-891,,10.0,Feminino,2023,Pública,Topázio,8.0359575757,3.0,10.002,9.0454545455,6.26,Não informado,8.75,10.0,7.5,,,,8.003333333,5.0,Fase 1 (3° e 4° ano),-1,7.5,2024,Pública,0,,,Risco moderado,Médio,Alta,Médio,Alto
RA-1284,ALFA,ALFA C - G0/G1,Aluno-1284,,8.0,Feminino,2024,Pública,Topázio,8.3800152174,3.0,9.002,9.347826087,2.51,Não informado,10.0,10.0,10.0,,,,7.89,10.0,ALFA (1° e 2° ano),0,7.8125,2024,Pública,0,,,Sem risco,Alto,Média,Baixo,Alto
RA-1012,ALFA,ALFA C - G0/G1,Aluno-1012,,9.0,Feminino,2023,Pública,Topázio,8.0571285714,3.0,9.502,9.523809524,2.51,Não informado,9.75,10.0,9.5,,,,8.443333333,5.0,Fase 1 (3° e 4° ano),-1,8.125,2024,Pública,0,,,Risco moderado,Alto,Alta,Baixo,Alto
RA-1285,ALFA,ALFA C - G0/G1,Aluno-1285,,7.0,Feminino,2024,Pública,Topázio,8.156578882,3.0,10.002,8.830227743,2.51,Não informado,8.0,8.0,8.0,,,,8.946666667,10.0,ALFA (1° e 2° ano),0,7.5,2024,Pública,0,,,Sem risco,Médio,Alta,Baixo,Alto
RA-1286,ALFA,ALFA C - G0/G1,Aluno-1286,,7.0,Masculino,2024,Pública,Quartzo,5.9148019668,3.0,8.002,5.051759834,2.51,Não informado,7.0,8.0,6.0,,,,4.61,10.0,ALFA (1° e 2° ano),0,5.3125,2024,Pública,0,,,Sem risco,Baixo,Baixa,Baixo,Baixo
RA-1287,ALFA,ALFA C - G0/G1,Aluno-1287,,8.0,Feminino,2024,Pública,Ametista,7.6196503105,3.0,10.002,9.3064182195,2.51,Não informado,7.75,8.0,7.5,,,,8.223333333,5.0,Fase 1 (3° e 4° ano),-1,8.125,2024,Pública,0,,,Risco moderado,Alto,Alta,Baixo,Médio
RA-1288,ALFA,ALFA C - G0/G1,Aluno-1288,,7.0,Feminino,2024,Pública,Ametista,7.9208899585,3.0,9.002,7.9813664595,2.51,Não informado,10.0,10.0,10.0,,,,7.273333333,10.0,ALFA (1° e 2° ano),0,7.1875,2024,Pública,0,,,Sem risco,Médio,Média,Baixo,Alto
RA-1289,ALFA,ALFA D - G2/G3,Aluno-1289,,10.0,Feminino,2024,Pública,Ametista,7.2171722223,3.0,7.002,9.4444444445,7.51,Não informado,7.75,9.0,6.5,,,,6.166666667,5.0,Fase 1 (3° e 4° ano),-1,5.9375,2024,Pública,0,,,Risco moderado,Alto,Baixa,Médio,Médio
RA-1290,ALFA,ALFA D - G2/G3,Aluno-1290,,9.0,Masculino,2024,Pública,Topázio,8.4072,3.0,10.002,10.0,7.51,Não informado,8.75,10.0,7.5,,,,8.28,5.0,Fase 1 (3° e 4° ano),-1,7.5,2024,Pública,0,,,Risco moderado,Alto,Alta,Médio,Alto
RA-1291,ALFA,ALFA D - G2/G3,Aluno-1291,,9.0,Masculino,2024,Pública,Topázio,8.0792,3.0,9.502,9.5,7.51,Não informado,8.25,10.0,6.5,,,,7.89,5.0,Fase 1 (3° e 4° ano),-1,7.5,2024,Pública,0,,,Risco moderado,Alto,Alta,Médio,Alto
RA-885,ALFA,ALFA D - G2/G3,Aluno-885,,9.0,Masculino,2023,Pública,Topázio,8.2072,3.0,8.502,10.0,7.51,Não informado,8.5,10.0,7.0,,,,8.28,5.0,Fase 1 (3° e 4° ano),-1,7.5,2024,Pública,0,,,Risco moderado,Alto,Média,Médio,Alto
RA-1292,ALFA,ALFA D - G2/G3,Aluno-1292,,9.0,Feminino,2024,Pública,Ágata,6.9031621211,3.0,7.502,4.7727272725,7.51,Não informado,8.25,10.0,6.5,,,,7.893333333,5.0,Fase 1 (3° e 4° ano),-1,7.1875,2024,Pública,0,,,Risco moderado,Baixo,Baixa,Médio,Baixo
RA-1293,ALFA,ALFA D - G2/G3,Aluno-1293,,9.0,Feminino,2024,Pública,Topázio,8.0050232323,3.0,8.002,9.4949494945,7.51,Não informado,8.5,8.5,8.5,,,,8.336666667,5.0,Fase 1 (3° e 4° ano),-1,6.875,2024,Pública,0,,,Risco moderado,Alto,Baixa,Médio,Alto
RA-888,ALFA,ALFA D - G2/G3,Aluno-888,,8.0,Masculino,2023,Pública,Topázio,8.1942,3.0,9.002,10.0,6.88,Não informado,8.5,9.0,8.0,,,,8.28,5.0,Fase 1 (3° e 4° ano),-1,7.5,2024,Pública,0,,,Risco moderado,Alto,Média,Médio,Alto
RA-1294,ALFA,ALFA D - G2/G3,Aluno-1294,,10.0,Masculino,2024,Pública,Ametista,7.9493666666,3.0,9.502,10.0,7.51,Não informado,7.75,9.0,6.5,,,,7.553333333,5.0,Fase 2 (5° e 6° ano),-2,6.875,2024,Pública,0,,,Risco moderado,Alto,Alta,Médio,Alto
RA-1009,ALFA,ALFA E - G2/G3,Aluno-1009,,9.0,Masculino,2023,Pública,Ágata,6.3953893939,3.0,8.002,6.8863636365,2.51,Não informado,7.5,10.0,5.0,,,,6.553333333,5.0,Fase 1 (3° e 4° ano),-1,6.5625,2024,Pública,0,,,Risco moderado,Baixo,Baixa,Baixo,Baixo
RA-1013,ALFA,ALFA E - G2/G3,Aluno-1013,,8.0,Masculino,2023,Pública,Quartzo,5.7839559808,3.0,9.002,5.693779904,2.51,Não informado,7.75,8.0,7.5,,,,4.72,5.0,Fase 1 (3° e 4° ano),-1,5.0,2024,Pública,0,,,Risco moderado,Baixo,Média,Baixo,Baixo
RA-1295,ALFA,ALFA E - G2/G3,Aluno-1295,,8.0,Feminino,2024,Pública,Topázio,8.0617454545,3.0,10.002,9.5227272725,2.51,Não informado,7.5,7.0,8.0,,,,8.28,10.0,ALFA (1° e 2° ano),0,7.5,2024,Pública,0,,,Sem risco,Alto,Alta,Baixo,Alto
RA-1296,ALFA,ALFA E - G2/G3,Aluno-1296,,9.0,Feminino,2024,Pública,Ametista,7.0574222223,3.0,9.002,8.4444444445,2.51,Não informado,6.5,7.5,5.5,,,,8.336666667,5.0,Fase 1 (3° e 4° ano),-1,7.5,2024,Pública,0,,,Risco moderado,Médio,Média,Baixo,Médio
RA-863,ALFA,ALFA E - G2/G3,Aluno-863,,8.0,Masculino,2023,Pública,Quartzo,4.6684348484,3.0,8.502,3.159090909,2.51,Não informado,5.5,10.0,1.0,,,,4.333333333,5.0,Fase 1 (3° e 4° ano),-1,4.6875,2024,Pública,0,,,Risco moderado,Baixo,Média,Baixo,Baixo
RA-1297,ALFA,ALFA E - G2/G3,Aluno-1297,,8.0,Masculino,2024,Pública,Ametista,7.620247619,3.0,9.502,9.761904762,2.51,Não informado,9.25,10.0,8.5,,,,6.833333333,5.0,Fase 1 (3° e 4° ano),-1,7.5,2024,Pública,0,,,Risco moderado,Alto,Alta,Baixo,Médio
RA-1014,ALFA,ALFA E - G2/G3,Aluno-1014,,8.0,Feminino,2023,Pública,Ágata,6.3159727273,3.0,8.502,7.8863636365,2.51,Não informado,5.25,6.5,4.0,,,,7.0,5.0,Fase 1 (3° e 4° ano),-1,6.875,2024,Pública,0,,,Risco moderado,Médio,Média,Baixo,Baixo
RA-880,ALFA,ALFA E - G2/G3,Aluno-880,,8.0,Feminino,2023,Pública,Ágata,6.8530804348,3.0,9.502,8.445652174,2.51,Não informado,6.5,7.5,5.5,,,,7.22,5.0,Fase 1 (3° e 4° ano),-1,7.1875,2024,Pública,0,,,Risco moderado,Médio,Alta,Baixo,Baixo
RA-886,ALFA,ALFA E - G2/G3,Aluno-886,,8.0,Feminino,2023,Pública,Topázio,8.4192,3.0,9.502,10.0,8.13,Não informado,8.75,9.0,8.5,,,,8.28,5.0,Fase 1 (3° e 4° ano),-1,7.5,2024,Pública,0,,,Risco moderado,Alto,Alta,Alto,Alto
RA-1298,ALFA,ALFA E - G2/G3,Aluno-1298,,8.0,Masculino,2024,Pública,Ametista,7.5772879953,3.0,9.502,6.6433566435,7.51,Não informado,6.75,7.0,6.5,,,,7.393333333,10.0,ALFA (1° e 2° ano),0,7.1875,2024,Pública,0,,,Sem risco,Baixo,Alta,Médio,Médio
RA-1299,ALFA,ALFA E - G2/G3,Aluno-1299,,10.0,Masculino,2024,Pública,Ametista,7.0697277778,3.0,8.502,7.638888889,7.51,Não informado,6.5,7.0,6.0,,,,7.11,5.0,Fase 2 (5° e 6° ano),-2,7.1875,2024,Pública,0,,,Risco moderado,Baixo,Média,Médio,Médio
RA-904,ALFA,ALFA F - G0/G1,Aluno-904,,8.0,Feminino,2023,Pública,Ametista,7.6352,3.0,9.502,8.75,7.51,Não informado,6.0,6.0,6.0,,,,8.67,5.0,Fase 1 (3° e 4° ano),-1,7.5,2024,Pública,0,,,Risco moderado,Médio,Alta,Médio,Médio
RA-1300,ALFA,ALFA F - G0/G1,Aluno-1300,,8.0,Feminino,2024,Pública,Ametista,7.6238666666,3.0,8.502,8.75,2.51,Não informado,9.0,10.0,8.0,,,,8.613333333,5.0,Fase 1 (3° e 4° ano),-1,7.5,2024,Pública,0,,,Risco moderado,Médio,Média,Baixo,Médio
RA-1301,ALFA,ALFA F - G0/G1,Aluno-1301,,8.0,Masculino,2024,Pública,Quartzo,5.6345333333,3.0,9.502,2.9166666665,2.51,Não informado,7.0,10.0,4.0,,,,6.0,5.0,Fase 1 (3° e 4° ano),-1,7.5,2024,Pública,0,,,Risco moderado,Baixo,Alta,Baixo,Baixo
RA-1302,ALFA,ALFA F - G0/G1,Aluno-1302,,8.0,Masculino,2024,Pública,Quartzo,5.7588666668,3.0,10.002,5.416666667,2.51,Não informado,4.0,4.0,4.0,,,,4.996666667,10.0,ALFA (1° e 2° ano),0,6.25,2024,Pública,0,,,Sem risco,Baixo,Alta,Baixo,Baixo
RA-1303,ALFA,ALFA F - G0/G1,Aluno-1303,,8.0,Feminino,2024,Pública,Topázio,8.8352,3.0,10.002,10.0,2.51,Não informado,10.0,10.0,10.0,,,,9.17,10.0,ALFA (1° e 2° ano),0,7.5,2024,Pública,0,,,Sem risco,Alto,Alta,Baixo,Alto
RA-1304,ALFA,ALFA G - G2/G3,Aluno-1304,,10.0,Feminino,2024,Pública,Ametista,7.0851199345,3.0,9.002,7.9575163395,8.135,Não informado,6.0,6.0,6.0,,,,6.493333333,5.0,Fase 2 (5° e 6° ano),-2,7.8125,2024,Pública,0,,,Risco moderado,Médio,Média,Alto,Médio
RA-1305,ALFA,ALFA G - G2/G3,Aluno-1305,,10.0,Feminino,2024,Pública,Ágata,6.6852219298,3.0,8.502,8.710526316,2.51,Não informado,4.75,2.0,7.5,,,,8.053333333,5.0,Fase 1 (3° e 4° ano),-1,7.8125,2024,Pública,0,,,Risco moderado,Médio,Média,Baixo,Baixo
RA-1306,ALFA,ALFA G - G2/G3,Aluno-1306,,8.0,Feminino,2024,Pública,Topázio,8.5030333334,3.0,9.002,10.0,8.135,Não informado,9.75,10.0,9.5,,,,7.946666667,5.0,Fase 1 (3° e 4° ano),-1,7.5,2024,Pública,0,,,Risco moderado,Alto,Média,Alto,Alto
RA-702,ALFA,ALFA G - G2/G3,Aluno-702,,10.0,Feminino,2022,Pública,Ametista,7.6651166666,3.0,9.002,9.75,2.51,Não informado,9.25,10.0,8.5,,,,7.163333333,5.0,Fase 2 (5° e 6° ano),-2,7.8125,2024,Pública,0,,,Risco moderado,Alto,Média,Baixo,Médio
RA-725,ALFA,ALFA G - G2/G3,Aluno-725,,10.0,Masculino,2022,Pública,Ametista,7.0900771929,3.0,7.502,7.6710526315,7.51,Não informado,7.25,7.0,7.5,,,,6.773333333,5.0,Fase 1 (3° e 4° ano),-1,7.5,2024,Pública,0,,,Risco moderado,Baixo,Baixa,Médio,Médio
RA-912,ALFA,ALFA G - G2/G3,Aluno-912,,10.0,Feminino,2023,Pública,Ametista,7.6971035087,3.0,9.002,9.4736842105,7.51,Não informado,7.25,7.0,7.5,,,,6.943333333,5.0,Fase 2 (5° e 6° ano),-2,8.125,2024,Pública,0,,,Risco moderado,Alto,Média,Médio,Médio
RA-918,ALFA,ALFA G - G2/G3,Aluno-918,,8.0,Feminino,2023,Pública,Quartzo,5.6573570176,3.0,7.918,8.697368421,2.51,Não informado,2.75,1.0,4.5,,,,6.156666667,5.0,Fase 1 (3° e 4° ano),-1,5.9375,2024,Pública,0,,,Risco moderado,Médio,Baixa,Baixo,Baixo
RA-920,ALFA,ALFA G - G2/G3,Aluno-920,,9.0,Feminino,2023,Pública,Ametista,7.7494938597,3.0,9.502,7.6710526315,7.51,Não informado,8.25,9.0,7.5,,,,8.226666667,5.0,Fase 1 (3° e 4° ano),-1,7.1875,2024,Pública,0,,,Risco moderado,Baixo,Alta,Médio,Médio
RA-1307,ALFA,ALFA H - G0/G1,Aluno-1307,,8.0,Masculino,2024,Pública,Ágata,6.5940333333,3.0,10.002,5.8333333335,6.255,Não informado,5.5,7.0,4.0,,,,5.383333333,10.0,ALFA (1° e 2° ano),0,6.25,2024,Pública,0,,,Sem risco,Baixo,Alta,Baixo,Baixo
RA-1308,ALFA,ALFA H - G0/G1,Aluno-1308,,9.0,Feminino,2024,Pública,Ágata,6.8769971014,3.0,10.002,7.445652174,7.51,Não informado,6.0,8.0,4.0,,,,5.933333333,5.0,Fase 1 (3° e 4° ano),-1,7.5,2024,Pública,0,,,Risco moderado,Baixo,Alta,Médio,Baixo
RA-1309,ALFA,ALFA H - G0/G1,Aluno-1309,,7.0,Feminino,2024,Pública,Topázio,8.3791999999,3.0,9.002,9.1666666665,7.51,Não informado,7.5,8.0,7.0,,,,8.223333333,10.0,ALFA (1° e 2° ano),0,7.5,2024,Pública,0,,,Sem risco,Alto,Média,Médio,Alto
RA-1310,ALFA,ALFA H - G0/G1,Aluno-1310,,7.0,Feminino,2024,Pública,Topázio,8.3907833334,3.0,8.502,9.375,2.51,Não informado,10.0,10.0,10.0,,,,8.166666667,10.0,ALFA (1° e 2° ano),0,7.8125,2024,Pública,0,,,Sem risco,Alto,Média,Baixo,Alto
RA-1311,ALFA,ALFA H - G0/G1,Aluno-1311,,8.0,Masculino,2024,Pública,Ágata,6.4118666668,3.0,9.002,9.166666667,2.51,Não informado,0.0,0.0,0.0,,,,8.386666667,10.0,ALFA (1° e 2° ano),0,7.5,2024,Pública,0,,,Sem risco,Alto,Média,Baixo,Baixo
RA-1312,ALFA,ALFA H - G0/G1,Aluno-1312,,9.0,Masculino,2024,Pública,Ametista,7.5102,3.0,10.002,8.333333333,7.51,Não informado,6.5,8.0,5.0,,,,8.336666667,5.0,Fase 1 (3° e 4° ano),-1,6.25,2024,Pública,0,,,Risco moderado,Médio,Alta,Médio,Médio
RA-1313,ALFA,ALFA H - G0/G1,Aluno-1313,,8.0,Masculino,2024,Pública,Topázio,8.0155333334,3.0,9.502,8.125,7.51,Não informado,6.25,4.0,8.5,,,,8.446666667,10.0,ALFA (1° e 2° ano),0,7.5,2024,Pública,0,,,Sem risco,Médio,Alta,Médio,Alto
RA-1314,ALFA,ALFA H - G0/G1,Aluno-1314,,7.0,Feminino,2024,Pública,Topázio,8.2398,3.0,7.418,8.541666667,7.51,Não informado,9.0,8.0,10.0,,,,7.443333333,10.0,ALFA (1° e 2° ano),0,7.5,2024,Pública,0,,,Sem risco,Médio,Baixa,Médio,Alto
RA-1315,ALFA,ALFA H - G0/G1,Aluno-1315,,7.0,Masculino,2024,Pública,Topázio,8.3510666667,3.0,6.834,8.3333333335,7.51,Não informado,9.0,10.0,8.0,,,,8.5,10.0,ALFA (1° e 2° ano),0,7.5,2024,Pública,0,,,Sem risco,Médio,Baixa,Médio,Alto
RA-921,ALFA,ALFA I - G2/G3,Aluno-921,,8.0,Feminino,2023,Pública,Ametista,7.2838203209,2.0,8.502,8.6631016045,7.51,Não informado,6.0,5.0,7.0,,,,7.5,5.0,Fase 1 (3° e 4° ano),-1,7.5,2024,Pública,0,,,Risco moderado,Médio,Média,Médio,Médio
RA-1316,ALFA,ALFA I - G2/G3,Aluno-1316,,9.0,Feminino,2024,Pública,Ametista,7.59291123,2.0,9.002,8.20855615,7.51,Não informado,7.75,9.0,6.5,,,,7.5,5.0,Fase 1 (3° e 4° ano),-1,7.5,2024,Pública,0,,,Risco moderado,Médio,Média,Médio,Médio
RA-1317,ALFA,ALFA I - G2/G3,Aluno-1317,,9.0,Feminino,2024,Pública,Ametista,7.6656385027,2.0,7.502,7.0721925135,7.51,Não informado,10.0,10.0,10.0,,,,7.5,5.0,Fase 1 (3° e 4° ano),-1,7.5,2024,Pública,0,,,Risco moderado,Baixo,Baixa,Médio,Médio
RA-897,ALFA,ALFA I - G2/G3,Aluno-897,,10.0,Masculino,2023,Pública,Quartzo,5.2212050505,2.0,7.002,2.7525252525,2.51,Não informado,6.0,5.5,6.5,,,,6.66,5.0,Fase 1 (3° e 4° ano),-1,6.875,2024,Pública,0,,,Risco moderado,Baixo,Baixa,Baixo,Baixo
RA-908,ALFA,ALFA I - G2/G3,Aluno-908,,9.0,Feminino,2023,Pública,Ágata,6.764292246,2.0,8.502,8.14171123,7.51,Não informado,4.75,3.0,6.5,,,,6.83,5.0,Fase 1 (3° e 4° ano),-1,7.1875,2024,Pública,0,,,Risco moderado,Médio,Média,Médio,Baixo
RA-916,ALFA,ALFA I - G2/G3,Aluno-916,,10.0,Feminino,2023,Pública,Quartzo,5.5058531621,2.0,8.502,7.3320158105,2.51,Não informado,2.75,3.5,2.0,,,,6.16,5.0,Fase 2 (5° e 6° ano),-2,6.5625,2024,Pública,0,,,Risco moderado,Baixo,Média,Baixo,Baixo
RA-924,ALFA,ALFA I - G2/G3,Aluno-924,,9.0,Masculino,2023,Pública,Ágata,6.4727360962,2.0,7.002,4.598930481,7.51,Não informado,7.0,7.5,6.5,,,,7.415,5.0,Fase 1 (3° e 4° ano),-1,7.1875,2024,Pública,0,,,Risco moderado,Baixo,Baixa,Médio,Baixo
RA-925,ALFA,ALFA I - G2/G3,Aluno-925,,8.0,Masculino,2023,Pública,Ágata,6.5870195188,2.0,8.002,7.005347594,7.51,Não informado,4.75,3.0,6.5,,,,7.33,5.0,Fase 1 (3° e 4° ano),-1,7.1875,2024,Pública,0,,,Risco moderado,Baixo,Baixa,Médio,Baixo
RA-1008,ALFA,ALFA I - G2/G3,Aluno-1008,,9.0,Masculino,2023,Pública,Ágata,6.8667414438,2.0,7.002,6.483957219,7.51,Não informado,7.0,6.5,7.5,,,,7.5,5.0,Fase 1 (3° e 4° ano),-1,7.1875,2024,Pública,0,,,Risco moderado,Baixo,Baixa,Médio,Baixo
RA-919,ALFA,ALFA I - G2/G3,Aluno-919,,10.0,Masculino,2023,Pública,Quartzo,5.7997026738,2.0,7.002,4.692513369,6.255,Não informado,5.25,6.5,4.0,,,,6.49,5.0,Fase 2 (5° e 6° ano),-2,6.875,2024,Pública,0,,,Risco moderado,Baixo,Baixa,Baixo,Baixo
RA-1318,ALFA,ALFA I - G2/G3,Aluno-1318,,8.0,Feminino,2024,Pública,Ágata,6.8233831551,2.0,8.502,7.6871657755,7.51,Não informado,5.0,4.0,6.0,,,,7.33,5.0,Fase 1 (3° e 4° ano),-1,7.1875,2024,Pública,0,,,Risco moderado,Baixo,Média,Médio,Baixo
RA-1003,ALFA,ALFA J - G2/G3,Aluno-1003,,9.0,Masculino,2023,Pública,Ametista,7.6275888889,2.0,8.002,8.6944444445,7.51,Não informado,8.25,10.0,6.5,,,,7.5,5.0,Fase 1 (3° e 4° ano),-1,6.875,2024,Pública,0,,,Risco moderado,Médio,Baixa,Médio,Médio
RA-1004,ALFA,ALFA J - G2/G3,Aluno-1004,,9.0,Feminino,2023,Pública,Ametista,7.8012,2.0,9.502,9.25,7.51,Não informado,7.5,7.5,7.5,,,,7.5,5.0,Fase 1 (3° e 4° ano),-1,7.5,2024,Pública,0,,,Risco moderado,Alto,Alta,Médio,Alto
RA-1006,ALFA,ALFA J - G2/G3,Aluno-1006,,9.0,Feminino,2023,Pública,Ametista,7.0400888889,2.0,8.502,8.4444444445,7.51,Não informado,5.0,5.0,5.0,,,,7.5,5.0,Fase 1 (3° e 4° ano),-1,7.5,2024,Pública,0,,,Risco moderado,Médio,Média,Médio,Médio
RA-1319,ALFA,ALFA J - G2/G3,Aluno-1319,,9.0,Masculino,2024,Pública,Ametista,7.2015267973,2.0,8.502,5.7516339865,7.51,Não informado,8.5,10.0,7.0,,,,7.5,5.0,Fase 1 (3° e 4° ano),-1,7.5,2024,Pública,0,,,Risco moderado,Baixo,Média,Médio,Médio
RA-858,ALFA,ALFA J - G2/G3,Aluno-858,,9.0,Masculino,2022,Pública,Ágata,6.9178666667,2.0,9.002,6.8333333335,2.51,Não informado,8.25,10.0,6.5,,,,7.5,5.0,Fase 1 (3° e 4° ano),-1,7.5,2024,Pública,0,,,Risco moderado,Baixo,Média,Baixo,Médio
RA-905,ALFA,ALFA J - G2/G3,Aluno-905,,10.0,Masculino,2023,Pública,Ágata,6.3925823529,2.0,9.002,7.7794117645,7.51,Não informado,3.0,2.0,4.0,,,,6.99,5.0,Fase 2 (5° e 6° ano),-2,6.875,2024,Pública,0,,,Risco moderado,Baixo,Média,Médio,Baixo
RA-907,ALFA,ALFA J - G2/G3,Aluno-907,,9.0,Feminino,2023,Privada,Ametista,7.9400888889,2.0,9.002,8.9444444445,7.51,Não informado,8.75,10.0,7.5,,,,7.5,5.0,Fase 1 (3° e 4° ano),-1,7.5,2024,Privada,0,,,Risco moderado,Médio,Média,Médio,Alto
RA-1320,ALFA,ALFA J - G2/G3,Aluno-1320,,10.0,Masculino,2024,Pública,Ametista,7.8845333333,2.0,9.002,9.1666666665,7.51,Não informado,8.25,9.0,7.5,,,,7.5,5.0,Fase 1 (3° e 4° ano),-1,7.5,2024,Pública,0,,,Risco moderado,Alto,Média,Médio,Alto
RA-909,ALFA,ALFA J - G2/G3,Aluno-909,,11.0,Feminino,2023,Pública,Ametista,7.7220333333,2.0,10.002,8.1666666665,7.51,Não informado,8.25,10.0,6.5,,,,7.5,5.0,Fase 2 (5° e 6° ano),-2,6.875,2024,Pública,0,,,Risco moderado,Médio,Alta,Médio,Médio
RA-729,ALFA,ALFA J - G2/G3,Aluno-729,,10.0,Feminino,2022,Pública,Ágata,6.6845333333,2.0,8.002,8.4166666665,2.51,Não informado,6.0,6.0,6.0,,,,7.5,5.0,Fase 1 (3° e 4° ano),-1,7.5,2024,Pública,0,,,Risco moderado,Médio,Baixa,Baixo,Baixo
RA-1321,ALFA,ALFA K - G0/G1,Aluno-1321,,7.0,Masculino,2024,Pública,Ametista,7.95295,2.0,9.002,8.875,6.885,Não informado,8.75,10.0,7.5,,,,5.915,10.0,ALFA (1° e 2° ano),0,6.5625,2024,Pública,0,,,Sem risco,Médio,Média,Médio,Alto
RA-1322,ALFA,ALFA K - G0/G1,Aluno-1322,,8.0,Feminino,2024,Pública,Topázio,8.47795,2.0,9.502,9.0,7.51,Não informado,7.5,8.5,6.5,,,,8.165,10.0,ALFA (1° e 2° ano),0,8.4375,2024,Pública,0,,,Sem risco,Médio,Alta,Médio,Alto
RA-1323,ALFA,ALFA K - G0/G1,Aluno-1323,,9.0,Masculino,2024,Pública,Ametista,7.4873666667,2.0,10.002,9.0833333335,7.51,Não informado,7.0,10.0,4.0,,,,6.66,5.0,Fase 1 (3° e 4° ano),-1,6.875,2024,Pública,0,,,Risco moderado,Médio,Alta,Médio,Médio
RA-1324,ALFA,ALFA K - G0/G1,Aluno-1324,,9.0,Masculino,2024,Pública,Topázio,8.33245,2.0,10.002,10.0,7.51,Não informado,8.5,10.0,7.0,,,,8.0,5.0,Fase 1 (3° e 4° ano),-1,7.8125,2024,Pública,0,,,Risco moderado,Alto,Alta,Médio,Alto
RA-931,ALFA,ALFA K - G0/G1,Aluno-931,,9.0,Masculino,2023,Pública,Ametista,7.0754666667,2.0,7.918,8.5833333335,2.51,Não informado,8.5,8.0,9.0,,,,6.83,5.0,Fase 1 (3° e 4° ano),-1,7.5,2024,Pública,0,,,Risco moderado,Médio,Baixa,Baixo,Médio
RA-1325,ALFA,ALFA K - G0/G1,Aluno-1325,,8.0,Masculino,2024,Pública,Topázio,8.9824954545,2.0,9.002,9.5227272725,7.51,Não informado,10.0,10.0,10.0,,,,7.915,10.0,ALFA (1° e 2° ano),0,8.4375,2024,Pública,0,,,Sem risco,Alto,Média,Médio,Alto
RA-1326,ALFA,ALFA K - G0/G1,Aluno-1326,,8.0,Feminino,2024,Pública,Ametista,7.6397833333,2.0,9.002,9.2916666665,7.51,Não informado,4.5,0.0,9.0,,,,7.245,10.0,ALFA (1° e 2° ano),0,7.8125,2024,Pública,0,,,Sem risco,Alto,Média,Médio,Médio
RA-1327,ALFA,ALFA K - G0/G1,Aluno-1327,,7.0,Feminino,2024,Pública,Topázio,8.2641166667,2.0,9.002,9.3333333335,7.51,Não informado,7.5,10.0,5.0,,,,7.325,10.0,ALFA (1° e 2° ano),0,7.8125,2024,Pública,0,,,Sem risco,Alto,Média,Médio,Alto
RA-1328,ALFA,ALFA K - G0/G1,Aluno-1328,,8.0,Feminino,2024,Pública,Topázio,8.0588666667,2.0,8.502,8.2083333335,7.51,Não informado,10.0,10.0,10.0,,,,7.83,5.0,Fase 1 (3° e 4° ano),-1,7.5,2024,Pública,0,,,Risco moderado,Médio,Média,Médio,Alto
RA-1329,ALFA,ALFA K - G0/G1,Aluno-1329,,8.0,Masculino,2024,Pública,Ametista,7.98945,2.0,9.502,10.0,7.51,Não informado,6.5,10.0,3.0,,,,6.66,10.0,ALFA (1° e 2° ano),0,6.5625,2024,Pública,0,,,Sem risco,Alto,Alta,Médio,Alto
RA-1330,ALFA,ALFA K - G0/G1,Aluno-1330,,8.0,Feminino,2024,Pública,Topázio,8.9446166667,2.0,10.002,9.3333333335,7.51,Não informado,9.5,10.0,9.0,,,,7.915,10.0,ALFA (1° e 2° ano),0,8.4375,2024,Pública,0,,,Sem risco,Alto,Alta,Médio,Alto
RA-1331,ALFA,ALFA K - G0/G1,Aluno-1331,,7.0,Feminino,2024,Pública,Ametista,7.8522833333,2.0,9.002,7.2916666665,7.51,Não informado,7.25,8.0,6.5,,,,7.245,10.0,ALFA (1° e 2° ano),0,8.4375,2024,Pública,0,,,Sem risco,Baixo,Média,Médio,Alto
RA-944,ALFA,ALFA L - G2/G3,Aluno-944,,10.0,Feminino,2023,Pública,Ametista,7.8262,2.0,9.002,7.25,7.51,Não informado,9.0,10.0,8.0,,,,7.75,5.0,Fase 2 (5° e 6° ano),-2,8.75,2024,Pública,0,,,Risco moderado,Baixo,Média,Médio,Alto
RA-1332,ALFA,ALFA L - G2/G3,Aluno-1332,,10.0,Masculino,2024,Pública,Topázio,8.1040529412,2.0,8.502,9.411764706,7.51,Não informado,8.25,10.0,6.5,,,,7.665,5.0,Fase 2 (5° e 6° ano),-2,9.375,2024,Pública,0,,,Risco moderado,Alto,Média,Médio,Alto
RA-754,ALFA,ALFA L - G2/G3,Aluno-754,,11.0,Masculino,2022,Pública,Quartzo,5.6127,2.0,8.502,6.25,5.625,Não informado,6.25,6.0,6.5,,,,4.75,5.0,Fase 2 (5° e 6° ano),-2,2.5,2024,Pública,0,,,Risco moderado,Baixo,Média,Baixo,Baixo
RA-1333,ALFA,ALFA L - G2/G3,Aluno-1333,,9.0,Masculino,2024,Pública,Topázio,8.2132,2.0,7.502,10.0,6.255,Não informado,9.25,10.0,8.5,,,,7.75,5.0,Fase 1 (3° e 4° ano),-1,9.375,2024,Pública,0,,,Risco moderado,Alto,Baixa,Baixo,Alto
RA-934,ALFA,ALFA L - G2/G3,Aluno-934,,9.0,Feminino,2023,Pública,Topázio,8.3387,2.0,9.502,9.75,7.51,Não informado,8.5,10.0,7.0,,,,7.75,5.0,Fase 1 (3° e 4° ano),-1,9.375,2024,Pública,0,,,Risco moderado,Alto,Alta,Médio,Alto
RA-1334,ALFA,ALFA L - G2/G3,Aluno-1334,,9.0,Masculino,2024,Pública,Topázio,8.3502,2.0,10.002,10.0,5.625,Não informado,9.0,10.0,8.0,,,,7.75,5.0,Fase 1 (3° e 4° ano),-1,9.375,2024,Pública,0,,,Risco moderado,Alto,Alta,Baixo,Alto
RA-941,ALFA,ALFA L - G2/G3,Aluno-941,,9.0,Feminino,2023,Pública,Ametista,7.7467,2.0,8.002,9.25,5.01,Não informado,8.75,10.0,7.5,,,,7.665,5.0,Fase 1 (3° e 4° ano),-1,8.125,2024,Pública,0,,,Risco moderado,Alto,Baixa,Baixo,Médio
RA-756,ALFA,ALFA L - G2/G3,Aluno-756,,11.0,Masculino,2022,Pública,Ametista,7.3617,2.0,10.002,8.75,7.51,Não informado,5.5,10.0,1.0,,,,7.24,5.0,Fase 2 (5° e 6° ano),-2,8.125,2024,Pública,0,,,Risco moderado,Médio,Alta,Médio,Médio
RA-1335,ALFA,ALFA L - G2/G3,Aluno-1335,,10.0,Masculino,2024,Pública,Topázio,8.3217,2.0,9.002,9.75,7.51,Não informado,8.75,10.0,7.5,,,,7.665,5.0,Fase 2 (5° e 6° ano),-2,9.375,2024,Pública,0,,,Risco moderado,Alto,Média,Médio,Alto
RA-773,ALFA,ALFA L - G2/G3,Aluno-773,,10.0,Feminino,2022,Pública,Ágata,6.5662,2.0,10.002,8.75,2.51,Não informado,5.0,8.0,2.0,,,,6.575,5.0,Fase 2 (5° e 6° ano),-2,7.5,2024,Pública,0,,,Risco moderado,Médio,Alta,Baixo,Baixo
RA-938,ALFA,ALFA L - G2/G3,Aluno-938,,10.0,Masculino,2023,Pública,Topázio,8.0056026915,2.0,9.502,9.5445134575,7.51,Não informado,7.75,10.0,5.5,,,,7.665,5.0,Fase 1 (3° e 4° ano),-1,8.125,2024,Pública,0,,,Risco moderado,Alto,Alta,Médio,Alto
RA-1336,ALFA,ALFA M - G0/G1,Aluno-1336,,8.0,Feminino,2024,Pública,Ametista,7.1413656315,2.0,9.502,6.2008281575,2.51,Não informado,9.5,10.0,9.0,,,,7.75,5.0,Fase 1 (3° e 4° ano),-1,7.5,2024,Pública,0,,,Risco moderado,Baixo,Alta,Baixo,Médio
RA-1337,ALFA,ALFA M - G0/G1,Aluno-1337,,10.0,Masculino,2024,Pública,Ágata,6.0151444444,2.0,8.002,4.722222222,7.51,Não informado,6.0,6.0,6.0,,,,5.66,5.0,Fase 2 (5° e 6° ano),-2,6.875,2024,Pública,0,,,Risco moderado,Baixo,Baixa,Médio,Baixo
RA-1338,ALFA,ALFA M - G0/G1,Aluno-1338,,8.0,Masculino,2024,Pública,Ágata,6.1368428571,2.0,8.002,8.6607142855,7.51,Não informado,3.0,2.0,4.0,,,,5.33,5.0,Fase 1 (3° e 4° ano),-1,6.875,2024,Pública,0,,,Risco moderado,Médio,Baixa,Médio,Baixo
RA-1339,ALFA,ALFA M - G0/G1,Aluno-1339,,8.0,Feminino,2024,Pública,Ametista,7.3547,2.0,8.502,10.0,6.885,Não informado,8.75,10.0,7.5,,,,5.33,5.0,Fase 1 (3° e 4° ano),-1,5.0,2024,Pública,0,,,Risco moderado,Alto,Média,Médio,Médio
RA-1340,ALFA,ALFA M - G0/G1,Aluno-1340,,8.0,Feminino,2024,Pública,Topázio,8.3422714286,2.0,9.502,8.392857143,7.51,Não informado,10.0,10.0,10.0,,,,7.0,10.0,ALFA (1° e 2° ano),0,5.625,2024,Pública,0,,,Sem risco,Médio,Alta,Médio,Alto
RA-1341,ALFA,ALFA M - G0/G1,Aluno-1341,,9.0,Masculino,2024,Pública,Ametista,7.8629063492,2.0,10.002,9.246031746,7.51,Não informado,10.0,10.0,10.0,,,,6.0,5.0,Fase 1 (3° e 4° ano),-1,5.625,2024,Pública,0,,,Risco moderado,Alto,Alta,Médio,Alto
RA-947,ALFA,ALFA M - G0/G1,Aluno-947,,9.0,Masculino,2023,Pública,Ágata,6.0535095238,2.0,9.002,7.619047619,7.51,Não informado,4.5,4.0,5.0,,,,4.58,5.0,Fase 1 (3° e 4° ano),-1,5.625,2024,Pública,0,,,Risco moderado,Baixo,Média,Médio,Baixo
RA-1342,ALFA,ALFA M - G0/G1,Aluno-1342,,8.0,Masculino,2024,Pública,Ametista,7.8185809524,2.0,9.502,9.761904762,7.51,Não informado,9.0,10.0,8.0,,,,5.575,5.0,Fase 1 (3° e 4° ano),-1,7.5,2024,Pública,0,,,Risco moderado,Alto,Alta,Médio,Alto
RA-1343,ALFA,ALFA M - G0/G1,Aluno-1343,,7.0,Feminino,2024,Pública,Topázio,8.8262,2.0,8.002,10.0,7.51,Não informado,9.75,10.0,9.5,,,,8.5,10.0,ALFA (1° e 2° ano),0,6.25,2024,Pública,0,,,Sem risco,Alto,Baixa,Médio,Alto
RA-1344,ALFA,ALFA N - G2/G3,Aluno-1344,,8.0,Feminino,2024,Pública,Topázio,9.3612,2.0,8.502,10.0,7.51,Não informado,10.0,10.0,10.0,,,,9.425,10.0,ALFA (1° e 2° ano),0,8.75,2024,Pública,0,,,Sem risco,Alto,Média,Médio,Alto
RA-945,ALFA,ALFA N - G2/G3,Aluno-945,,9.0,Masculino,2023,Pública,Ametista,7.4195809524,2.0,9.002,9.511904762,2.51,Não informado,8.75,10.0,7.5,,,,6.83,5.0,Fase 1 (3° e 4° ano),-1,7.5,2024,Pública,0,,,Risco moderado,Alto,Média,Baixo,Médio
RA-946,ALFA,ALFA N - G2/G3,Aluno-946,,8.0,Masculino,2023,Pública,Ágata,6.6777238095,2.0,9.502,8.7976190475,2.51,Não informado,4.5,3.0,6.0,,,,7.835,5.0,Fase 1 (3° e 4° ano),-1,7.5,2024,Pública,0,,,Risco moderado,Médio,Alta,Baixo,Baixo
RA-1345,ALFA,ALFA N - G2/G3,Aluno-1345,,9.0,Masculino,2023,Pública,Ametista,7.2340128655,2.0,8.502,9.4590643275,7.51,Não informado,6.25,6.0,6.5,,,,6.83,5.0,Fase 1 (3° e 4° ano),-1,6.25,2024,Pública,0,,,Risco moderado,Alto,Média,Médio,Médio
RA-771,ALFA,ALFA N - G2/G3,Aluno-771,,9.0,Feminino,2022,Pública,Ágata,6.0660095238,2.0,8.502,6.619047619,3.135,Não informado,6.5,6.5,6.5,,,,6.08,5.0,Fase 1 (3° e 4° ano),-1,5.625,2024,Pública,0,,,Risco moderado,Baixo,Média,Baixo,Baixo
RA-1346,ALFA,ALFA N - G2/G3,Aluno-1346,,8.0,Masculino,2024,Pública,Ametista,7.3701047619,2.0,9.502,8.0595238095,7.51,Não informado,5.5,5.0,6.0,,,,6.66,10.0,ALFA (1° e 2° ano),0,6.25,2024,Pública,0,,,Sem risco,Médio,Alta,Médio,Médio
RA-1347,ALFA,ALFA N - G2/G3,Aluno-1347,,9.0,Masculino,2024,Pública,Ágata,6.1538428571,2.0,8.502,8.7857142855,2.51,Não informado,5.0,5.0,5.0,,,,6.165,5.0,Fase 1 (3° e 4° ano),-1,5.625,2024,Pública,0,,,Risco moderado,Médio,Média,Baixo,Baixo
RA-949,ALFA,ALFA N - G2/G3,Aluno-949,,9.0,Feminino,2023,Pública,Ametista,7.1323428571,2.0,9.002,8.7857142855,7.51,Não informado,6.5,6.0,7.0,,,,6.495,5.0,Fase 1 (3° e 4° ano),-1,6.25,2024,Pública,0,,,Risco moderado,Médio,Média,Médio,Médio
RA-950,ALFA,ALFA N - G2/G3,Aluno-950,,9.0,Feminino,2023,Pública,Ametista,7.6934619048,2.0,9.502,9.023809524,7.51,Não informado,7.0,7.5,6.5,,,,8.0,5.0,Fase 1 (3° e 4° ano),-1,6.875,2024,Pública,0,,,Risco moderado,Médio,Alta,Médio,Médio
RA-951,ALFA,ALFA N - G2/G3,Aluno-951,,8.0,Feminino,2023,Privada,Ágata,6.4483428571,2.0,10.002,9.0357142855,2.51,Não informado,4.0,5.0,3.0,,,,7.325,5.0,Fase 1 (3° e 4° ano),-1,6.25,2024,Privada,0,,,Risco moderado,Médio,Alta,Baixo,Baixo
RA-1002,ALFA,ALFA N - G2/G3,Aluno-1002,,10.0,Feminino,2023,Pública,Ametista,7.9678666667,2.0,9.002,7.8333333335,7.51,Não informado,9.25,10.0,8.5,,,,8.25,5.0,Fase 1 (3° e 4° ano),-1,7.5,2024,Pública,0,,,Risco moderado,Médio,Média,Médio,Alto
RA-774,ALFA,ALFA N - G2/G3,Aluno-774,,10.0,Feminino,2022,Pública,Quartzo,5.6857714286,2.0,10.002,6.392857143,2.51,Não informado,3.75,2.0,5.5,,,,6.405,5.0,Fase 1 (3° e 4° ano),-1,6.25,2024,Pública,0,,,Risco moderado,Baixo,Alta,Baixo,Baixo
RA-749,ALFA,ALFA O - G2/G3,Aluno-749,,10.0,Masculino,2022,Pública,Topázio,8.3373184211,2.0,9.502,9.7368421055,8.13,Não informado,8.75,10.0,7.5,,,,7.665,5.0,Fase 2 (5° e 6° ano),-2,8.4375,2024,Pública,0,,,Risco moderado,Alto,Alta,Alto,Alto
RA-929,ALFA,ALFA O - G2/G3,Aluno-929,,9.0,Feminino,2023,Pública,Ametista,7.7244368421,2.0,9.002,9.4736842105,7.51,Não informado,6.75,7.0,6.5,,,,7.58,5.0,Fase 1 (3° e 4° ano),-1,8.125,2024,Pública,0,,,Risco moderado,Alto,Média,Médio,Médio
RA-930,ALFA,ALFA O - G2/G3,Aluno-930,,9.0,Masculino,2023,Pública,Ametista,7.9298184211,2.0,8.502,9.7368421055,7.51,Não informado,8.0,8.0,8.0,,,,7.5,5.0,Fase 1 (3° e 4° ano),-1,7.8125,2024,Pública,0,,,Risco moderado,Alto,Média,Médio,Alto
RA-787,ALFA,ALFA O - G2/G3,Aluno-787,,10.0,Masculino,2022,Pública,Ametista,7.73495,2.0,9.002,9.75,7.51,Não informado,7.25,10.0,4.5,,,,7.325,5.0,Fase 1 (3° e 4° ano),-1,7.1875,2024,Pública,0,,,Risco moderado,Alto,Média,Médio,Médio
RA-1348,ALFA,ALFA O - G2/G3,Aluno-1348,,8.0,Masculino,2024,Pública,Ametista,7.9604662539,2.0,7.502,8.5913312695,7.51,Não informado,9.0,10.0,8.0,,,,7.83,5.0,Fase 1 (3° e 4° ano),-1,8.75,2024,Pública,0,,,Risco moderado,Médio,Baixa,Médio,Alto
RA-935,ALFA,ALFA O - G2/G3,Aluno-935,,10.0,Masculino,2023,Pública,Topázio,8.3422,2.0,9.502,10.0,7.51,Não informado,8.5,10.0,7.0,,,,7.83,5.0,Fase 1 (3° e 4° ano),-1,8.75,2024,Pública,0,,,Risco moderado,Alto,Alta,Médio,Alto
RA-1349,ALFA,ALFA O - G2/G3,Aluno-1349,,10.0,Masculino,2024,Pública,Ametista,7.8557277778,2.0,8.002,8.388888889,7.51,Não informado,8.5,10.0,7.0,,,,7.915,5.0,Fase 1 (3° e 4° ano),-1,8.4375,2024,Pública,0,,,Risco moderado,Médio,Baixa,Médio,Alto
RA-937,ALFA,ALFA O - G2/G3,Aluno-937,,9.0,Feminino,2023,Pública,Topázio,8.3792,2.0,10.002,10.0,9.38,Não informado,7.5,8.0,7.0,,,,7.83,5.0,Fase 1 (3° e 4° ano),-1,8.75,2024,Pública,0,,,Risco moderado,Alto,Alta,Alto,Alto
RA-1350,ALFA,ALFA O - G2/G3,Aluno-1350,,10.0,Feminino,2024,Pública,Topázio,8.33545,2.0,8.502,10.0,8.755,Não informado,8.5,10.0,7.0,,,,7.83,5.0,Fase 2 (5° e 6° ano),-2,8.4375,2024,Pública,0,,,Risco moderado,Alto,Média,Alto,Alto
RA-1351,ALFA,ALFA O - G2/G3,Aluno-1351,,9.0,Masculino,2024,Pública,Topázio,8.1861038462,2.0,9.002,9.230769231,8.13,Não informado,8.75,10.0,7.5,,,,7.665,5.0,Fase 1 (3° e 4° ano),-1,8.4375,2024,Pública,0,,,Risco moderado,Alto,Média,Alto,Alto
RA-959,ALFA,ALFA O - G2/G3,Aluno-959,,9.0,Masculino,2023,Pública,Topázio,8.3798184211,2.0,10.002,9.7368421055,7.51,Não informado,9.5,10.0,9.0,,,,7.5,5.0,Fase 1 (3° e 4° ano),-1,7.8125,2024,Pública,0,,,Risco moderado,Alto,Alta,Médio,Alto
RA-1352,ALFA,ALFA O - G2/G3,Aluno-1352,,9.0,Masculino,2024,Pública,Topázio,8.28995,2.0,10.002,9.5,8.13,Não informado,8.5,8.0,9.0,,,,7.665,5.0,Fase 1 (3° e 4° ano),-1,8.4375,2024,Pública,0,,,Risco moderado,Alto,Alta,Alto,Alto
RA-1353,ALFA,ALFA Q - G2/G3,Aluno-1353,,10.0,Feminino,2024,Pública,Ágata,6.4547,2.0,8.002,9.5,7.51,Não informado,3.0,3.5,2.5,,,,6.08,5.0,Fase 1 (3° e 4° ano),-1,6.875,2024,Pública,0,,,Risco moderado,Alto,Baixa,Médio,Baixo
RA-1354,ALFA,ALFA Q - G2/G3,Aluno-1354,,10.0,Feminino,2024,Pública,Ametista,7.3534272727,2.0,9.502,8.3636363635,7.51,Não informado,6.0,6.5,5.5,,,,7.335,5.0,Fase 1 (3° e 4° ano),-1,8.125,2024,Pública,0,,,Risco moderado,Médio,Alta,Médio,Médio
RA-979,ALFA,ALFA Q - G2/G3,Aluno-979,,9.0,Masculino,2023,Pública,Topázio,8.0352454545,2.0,9.502,9.5227272725,7.51,Não informado,8.25,9.5,7.0,,,,7.335,5.0,Fase 1 (3° e 4° ano),-1,8.125,2024,Pública,0,,,Risco moderado,Alto,Alta,Médio,Alto
RA-1355,ALFA,ALFA Q - G2/G3,Aluno-1355,,10.0,Masculino,2024,Pública,Ametista,7.2022454545,2.0,10.002,6.5227272725,7.51,Não informado,7.0,8.0,6.0,,,,7.17,5.0,Fase 1 (3° e 4° ano),-1,8.125,2024,Pública,0,,,Risco moderado,Baixo,Alta,Médio,Médio
RA-971,ALFA,ALFA Q - G2/G3,Aluno-971,,9.0,Masculino,2023,Pública,Ágata,6.8916181818,2.0,7.418,7.909090909,7.51,Não informado,6.75,8.5,5.0,,,,6.085,5.0,Fase 1 (3° e 4° ano),-1,7.5,2024,Pública,0,,,Risco moderado,Médio,Baixa,Médio,Baixo
RA-972,ALFA,ALFA Q - G2/G3,Aluno-972,,9.0,Masculino,2023,Pública,Ametista,7.5374727273,2.0,9.502,8.3863636365,7.51,Não informado,6.75,8.0,5.5,,,,7.17,5.0,Fase 1 (3° e 4° ano),-1,8.75,2024,Pública,0,,,Risco moderado,Médio,Alta,Médio,Médio
RA-965,ALFA,ALFA Q - G2/G3,Aluno-965,,10.0,Feminino,2023,Pública,Ágata,6.1376545455,2.0,9.002,6.4772727275,7.51,Não informado,2.25,2.0,2.5,,,,6.83,5.0,Fase 2 (5° e 6° ano),-2,8.75,2024,Pública,0,,,Risco moderado,Baixo,Média,Médio,Baixo
RA-973,ALFA,ALFA Q - G2/G3,Aluno-973,,10.0,Masculino,2023,Pública,Ágata,6.9318363636,2.0,10.002,9.318181818,7.51,Não informado,3.75,6.5,1.0,,,,6.585,5.0,Fase 2 (5° e 6° ano),-2,7.5,2024,Pública,0,,,Risco moderado,Alto,Alta,Médio,Médio
RA-1356,ALFA,ALFA Q - G2/G3,Aluno-1356,,8.0,Feminino,2024,Pública,Ametista,7.8695888889,2.0,9.002,9.4444444445,7.51,Não informado,5.5,5.5,5.5,,,,7.085,10.0,ALFA (1° e 2° ano),0,8.125,2024,Pública,0,,,Sem risco,Alto,Média,Médio,Alto
RA-966,ALFA,ALFA Q - G2/G3,Aluno-966,,10.0,Masculino,2023,Pública,Ametista,7.9943363636,2.0,9.502,8.568181818,7.51,Não informado,9.0,9.5,8.5,,,,7.335,5.0,Fase 2 (5° e 6° ano),-2,8.125,2024,Pública,0,,,Risco moderado,Médio,Alta,Médio,Alto
RA-1357,ALFA,ALFA Q - G2/G3,Aluno-1357,,9.0,Masculino,2024,Pública,Ametista,7.1807,2.0,8.002,7.5,7.51,Não informado,6.75,8.0,5.5,,,,7.335,5.0,Fase 1 (3° e 4° ano),-1,8.125,2024,Pública,0,,,Risco moderado,Baixo,Baixa,Médio,Médio
RA-969,ALFA,ALFA Q - G2/G3,Aluno-969,,9.0,Masculino,2023,Pública,Ametista,7.4534272727,2.0,9.002,7.8636363635,7.51,Não informado,7.25,9.0,5.5,,,,7.335,5.0,Fase 1 (3° e 4° ano),-1,8.125,2024,Pública,0,,,Risco moderado,Médio,Média,Médio,Médio
RA-1358,ALFA,ALFA R - G0/G1,Aluno-1358,,7.0,Feminino,2024,Pública,Ágata,6.5529904762,2.0,9.168,7.380952381,5.01,Não informado,4.0,4.0,4.0,,,,6.17,10.0,ALFA (1° e 2° ano),0,6.25,2024,Pública,0,,,Sem risco,Baixo,Alta,Baixo,Baixo
RA-1359,ALFA,ALFA R - G0/G1,Aluno-1359,,7.0,Feminino,2024,Pública,Ametista,7.2102,2.0,8.502,9.0,5.635,Não informado,6.0,4.0,8.0,,,,6.17,10.0,ALFA (1° e 2° ano),0,5.625,2024,Pública,0,,,Sem risco,Médio,Média,Baixo,Médio
RA-1360,ALFA,ALFA R - G0/G1,Aluno-1360,,8.0,Masculino,2024,Pública,Ágata,6.8480623189,2.0,8.502,7.0018115945,7.51,Não informado,5.0,0.0,10.0,,,,6.42,10.0,ALFA (1° e 2° ano),0,5.625,2024,Pública,0,,,Sem risco,Baixo,Média,Médio,Baixo
RA-1361,ALFA,ALFA R - G0/G1,Aluno-1361,,8.0,Feminino,2024,Pública,Topázio,8.7387,2.0,9.502,9.375,5.635,Não informado,10.0,10.0,10.0,,,,8.0,10.0,ALFA (1° e 2° ano),0,7.5,2024,Pública,0,,,Sem risco,Alto,Alta,Baixo,Alto
RA-975,ALFA,ALFA R - G0/G1,Aluno-975,,8.0,Feminino,2023,Pública,Ametista,7.1463666667,2.0,8.502,7.7083333335,5.01,Não informado,8.0,8.0,8.0,,,,7.33,5.0,Fase 1 (3° e 4° ano),-1,6.875,2024,Pública,0,,,Risco moderado,Baixo,Média,Baixo,Médio
RA-1362,ALFA,ALFA R - G0/G1,Aluno-1362,,7.0,Masculino,2024,Pública,Ametista,7.7092,2.0,10.002,6.875,5.635,Não informado,8.5,8.0,9.0,,,,6.915,10.0,ALFA (1° e 2° ano),0,6.875,2024,Pública,0,,,Sem risco,Baixo,Alta,Baixo,Médio
RA-977,ALFA,ALFA R - G0/G1,Aluno-977,,8.0,Feminino,2023,Pública,Ametista,7.1880333333,2.0,10.002,7.2916666665,6.26,Não informado,7.0,5.0,9.0,,,,7.58,5.0,Fase 1 (3° e 4° ano),-1,6.875,2024,Pública,0,,,Risco moderado,Baixo,Alta,Médio,Médio
RA-1363,ALFA,ALFA S - G2/G3,Aluno-1363,,7.0,Feminino,2024,Pública,Ametista,7.6908,2.0,7.418,10.0,5.635,Não informado,6.5,6.5,6.5,,,,6.99,10.0,ALFA (1° e 2° ano),0,6.875,2024,Pública,0,,,Sem risco,Alto,Baixa,Baixo,Médio
RA-981,ALFA,ALFA S - G2/G3,Aluno-981,,8.0,Feminino,2023,Pública,Ágata,6.651373913,2.0,9.002,7.010869565,6.26,Não informado,6.0,6.0,6.0,,,,6.99,5.0,Fase 1 (3° e 4° ano),-1,6.25,2024,Pública,0,,,Risco moderado,Baixo,Média,Médio,Baixo
RA-1364,ALFA,ALFA S - G2/G3,Aluno-1364,,9.0,Masculino,2024,Pública,Ametista,7.5700333333,2.0,8.002,8.4166666665,7.51,Não informado,8.75,9.5,8.0,,,,6.99,5.0,Fase 1 (3° e 4° ano),-1,6.875,2024,Pública,0,,,Risco moderado,Médio,Baixa,Médio,Médio
RA-1365,ALFA,ALFA S - G2/G3,Aluno-1365,,9.0,Masculino,2024,Pública,Ametista,7.3700333333,2.0,9.002,9.7916666665,6.26,Não informado,6.5,5.5,7.5,,,,6.99,5.0,Fase 1 (3° e 4° ano),-1,6.875,2024,Pública,0,,,Risco moderado,Alto,Média,Médio,Médio
RA-1366,ALFA,ALFA S - G2/G3,Aluno-1366,,8.0,Feminino,2024,Pública,Ágata,6.9198521739,2.0,9.002,6.6032608695,7.51,Não informado,6.5,6.5,6.5,,,,6.99,5.0,Fase 1 (3° e 4° ano),-1,7.5,2024,Pública,0,,,Risco moderado,Baixo,Média,Médio,Médio
RA-974,ALFA,ALFA S - G2/G3,Aluno-974,,8.0,Masculino,2023,Pública,Ametista,7.6077217391,2.0,9.502,9.2826086955,7.51,Não informado,6.5,6.0,7.0,,,,7.5,5.0,Fase 1 (3° e 4° ano),-1,7.5,2024,Pública,0,,,Risco moderado,Alto,Alta,Médio,Médio
RA-1367,ALFA,ALFA S - G2/G3,Aluno-1367,,8.0,Feminino,2024,Pública,Topázio,8.4272869565,2.0,10.002,8.3804347825,7.51,Não informado,8.75,9.0,8.5,,,,7.5,10.0,ALFA (1° e 2° ano),0,7.5,2024,Pública,0,,,Sem risco,Médio,Alta,Médio,Alto
RA-1368,ALFA,ALFA S - G2/G3,Aluno-1368,,8.0,Masculino,2024,Pública,Topázio,8.6012,2.0,7.002,10.0,7.51,Não informado,9.5,10.0,9.0,,,,7.5,10.0,ALFA (1° e 2° ano),0,7.5,2024,Pública,0,,,Sem risco,Alto,Baixa,Médio,Alto
RA-1369,ALFA,ALFA S - G2/G3,Aluno-1369,,7.0,Feminino,2024,Pública,Topázio,8.0522869565,2.0,8.502,8.6304347825,6.26,Não informado,8.0,8.0,8.0,,,,7.5,10.0,ALFA (1° e 2° ano),0,7.5,2024,Pública,0,,,Sem risco,Médio,Média,Médio,Alto
RA-978,ALFA,ALFA S - G2/G3,Aluno-978,,8.0,Feminino,2023,Pública,Ametista,7.4637,2.0,9.502,9.5,6.26,Não informado,6.5,6.0,7.0,,,,7.5,5.0,Fase 1 (3° e 4° ano),-1,6.875,2024,Pública,0,,,Risco moderado,Alto,Alta,Médio,Médio
RA-1370,ALFA,ALFA S - G2/G3,Aluno-1370,,9.0,Masculino,2024,Pública,Topázio,8.0456444444,2.0,10.002,8.722222222,7.51,Não informado,9.0,10.0,8.0,,,,7.5,5.0,Fase 1 (3° e 4° ano),-1,7.5,2024,Pública,0,,,Risco moderado,Médio,Alta,Médio,Alto
RA-1371,ALFA,ALFA S - G2/G3,Aluno-1371,,11.0,Feminino,2024,Pública,Ágata,6.4843521739,2.0,7.502,6.9782608695,7.51,Não informado,4.5,3.0,6.0,,,,7.5,5.0,Fase 1 (3° e 4° ano),-1,6.875,2024,Pública,0,,,Risco moderado,Baixo,Baixa,Médio,Baixo
RA-1372,ALFA,ALFA T - G2/G3,Aluno-1372,,8.0,Feminino,2024,Pública,Ametista,7.9632,2.0,9.502,10.0,8.13,Não informado,4.75,3.0,6.5,,,,7.5,10.0,ALFA (1° e 2° ano),0,7.5,2024,Pública,0,,,Sem risco,Alto,Alta,Alto,Alto
RA-1373,ALFA,ALFA T - G2/G3,Aluno-1373,,9.0,Feminino,2024,Pública,Ametista,7.5772869565,2.0,9.502,8.8804347825,7.51,Não informado,6.75,6.0,7.5,,,,7.5,5.0,Fase 1 (3° e 4° ano),-1,7.5,2024,Pública,0,,,Risco moderado,Médio,Alta,Médio,Médio
RA-1374,ALFA,ALFA T - G2/G3,Aluno-1374,,9.0,Masculino,2024,Pública,Ametista,7.3707652174,2.0,9.502,9.347826087,7.51,Não informado,5.25,5.0,5.5,,,,7.5,5.0,Fase 1 (3° e 4° ano),-1,7.5,2024,Pública,0,,,Risco moderado,Alto,Alta,Médio,Médio
RA-1375,ALFA,ALFA T - G2/G3,Aluno-1375,,9.0,Masculino,2024,Pública,Topázio,8.1012,2.0,9.502,10.0,7.51,Não informado,8.25,10.0,6.5,,,,7.5,5.0,Fase 1 (3° e 4° ano),-1,7.5,2024,Pública,0,,,Risco moderado,Alto,Alta,Médio,Alto
RA-1376,ALFA,ALFA T - G2/G3,Aluno-1376,,9.0,Masculino,2024,Pública,Topázio,8.2742769231,2.0,9.002,9.6153846155,7.51,Não informado,9.75,10.0,9.5,,,,7.5,5.0,Fase 1 (3° e 4° ano),-1,7.5,2024,Pública,0,,,Risco moderado,Alto,Média,Médio,Alto
RA-994,ALFA,ALFA T - G2/G3,Aluno-994,,9.0,Feminino,2023,Pública,Ametista,7.7982217391,2.0,9.002,9.5326086955,6.88,Não informado,8.25,10.0,6.5,,,,7.33,5.0,Fase 1 (3° e 4° ano),-1,6.875,2024,Pública,0,,,Risco moderado,Alto,Média,Médio,Alto
RA-1377,ALFA,ALFA T - G2/G3,Aluno-1377,,8.0,Masculino,2024,Pública,Ametista,7.8987,2.0,9.002,10.0,8.13,Não informado,5.5,5.0,6.0,,,,6.99,10.0,ALFA (1° e 2° ano),0,6.875,2024,Pública,0,,,Sem risco,Alto,Média,Alto,Alto
RA-1378,ALFA,ALFA U - G2/G3,Aluno-1378,,10.0,Feminino,2024,Pública,Ametista,7.6703428571,2.0,9.002,9.2857142855,8.13,Não informado,6.75,7.5,6.0,,,,7.5,5.0,Fase 1 (3° e 4° ano),-1,7.5,2024,Pública,0,,,Risco moderado,Alto,Média,Alto,Médio
RA-1379,ALFA,ALFA U - G2/G3,Aluno-1379,,8.0,Masculino,2024,Pública,Ágata,6.6382921053,2.0,9.502,8.6842105265,3.755,Não informado,7.25,8.5,6.0,,,,5.16,5.0,Fase 1 (3° e 4° ano),-1,5.9375,2024,Pública,0,,,Risco moderado,Médio,Alta,Baixo,Baixo
RA-1380,ALFA,ALFA U - G2/G3,Aluno-1380,,8.0,Masculino,2024,Pública,Ametista,7.9643422306,2.0,9.502,8.784461153,4.385,Não informado,8.0,10.0,6.0,,,,7.5,10.0,ALFA (1° e 2° ano),0,7.1875,2024,Pública,0,,,Sem risco,Médio,Alta,Baixo,Alto
RA-770,ALFA,ALFA U - G2/G3,Aluno-770,,9.0,Masculino,2022,Pública,Ametista,7.3057112782,2.0,10.002,9.022556391,7.51,Não informado,5.0,4.0,6.0,,,,7.5,5.0,Fase 1 (3° e 4° ano),-1,7.5,2024,Pública,0,,,Risco moderado,Médio,Alta,Médio,Médio
RA-1381,ALFA,ALFA U - G2/G3,Aluno-1381,,8.0,Feminino,2024,Pública,Topázio,9.0382,2.0,9.502,10.0,8.13,Não informado,9.5,10.0,9.0,,,,7.5,10.0,ALFA (1° e 2° ano),0,8.75,2024,Pública,0,,,Sem risco,Alto,Alta,Alto,Alto
RA-1382,ALFA,ALFA U - G2/G3,Aluno-1382,,9.0,Feminino,2024,Pública,Ametista,7.8348309524,2.0,8.502,9.761904762,7.51,Não informado,7.5,8.0,7.0,,,,7.5,5.0,Fase 1 (3° e 4° ano),-1,7.8125,2024,Pública,0,,,Risco moderado,Alto,Média,Médio,Alto
RA-1383,ALFA,ALFA U - G2/G3,Aluno-1383,,8.0,Feminino,2024,Pública,Topázio,8.3720803259,2.0,8.502,9.2606516295,7.51,Não informado,8.5,10.0,7.0,,,,7.5,10.0,ALFA (1° e 2° ano),0,7.1875,2024,Pública,0,,,Sem risco,Alto,Média,Médio,Alto
RA-1384,ALFA,ALFA U - G2/G3,Aluno-1384,,10.0,Masculino,2024,Pública,Ágata,6.2219844611,2.0,8.002,7.5689223055,7.51,Não informado,5.0,5.0,5.0,,,,5.16,5.0,Fase 2 (5° e 6° ano),-2,6.25,2024,Pública,0,,,Risco moderado,Baixo,Baixa,Médio,Baixo
RA-1385,ALFA,ALFA U - G2/G3,Aluno-1385,,8.0,Masculino,2024,Pública,Ametista,7.7262,2.0,10.002,10.0,4.385,Não informado,8.0,9.0,7.0,,,,7.5,5.0,Fase 1 (3° e 4° ano),-1,6.875,2024,Pública,0,,,Risco moderado,Alto,Alta,Baixo,Médio
RA-1386,ALFA,ALFA U - G2/G3,Aluno-1386,,8.0,Feminino,2024,Pública,Ametista,7.8035809524,2.0,9.002,9.761904762,7.51,Não informado,7.25,8.5,6.0,,,,7.5,5.0,Fase 1 (3° e 4° ano),-1,7.5,2024,Pública,0,,,Risco moderado,Alto,Média,Médio,Alto
RA-1387,ALFA,ALFA U - G2/G3,Aluno-1387,,8.0,Feminino,2024,Pública,Ametista,7.8030796992,2.0,9.502,8.759398496,7.51,Não informado,8.0,9.0,7.0,,,,7.5,5.0,Fase 1 (3° e 4° ano),-1,7.5,2024,Pública,0,,,Risco moderado,Médio,Alta,Médio,Alto
RA-1388,ALFA,ALFA Y - G0/G1,Aluno-1388,,8.0,Feminino,2024,Pública,Ametista,7.0150571428,2.0,9.002,8.214285714,6.88,Não informado,5.0,4.0,6.0,,,,7.67,5.0,Fase 1 (3° e 4° ano),-1,7.5,2024,Pública,0,,,Risco moderado,Médio,Média,Médio,Médio
RA-1389,ALFA,ALFA Y - G0/G1,Aluno-1389,,7.0,Feminino,2024,Pública,Topázio,8.9805333333,2.0,9.002,9.7916666665,6.88,Não informado,10.0,10.0,10.0,,,,8.42,10.0,ALFA (1° e 2° ano),0,7.5,2024,Pública,0,,,Sem risco,Alto,Média,Médio,Alto
RA-1390,ALFA,ALFA Y - G0/G1,Aluno-1390,,7.0,Feminino,2024,Pública,Topázio,8.4930333333,2.0,9.502,9.7916666665,5.005,Não informado,8.25,8.0,8.5,,,,8.42,10.0,ALFA (1° e 2° ano),0,7.5,2024,Pública,0,,,Sem risco,Alto,Alta,Baixo,Alto
RA-1391,ALFA,ALFA Y - G0/G1,Aluno-1391,,7.0,Masculino,2024,Pública,Topázio,8.8435333333,2.0,8.502,9.2916666665,7.51,Não informado,10.0,10.0,10.0,,,,8.17,10.0,ALFA (1° e 2° ano),0,7.5,2024,Pública,0,,,Sem risco,Alto,Média,Médio,Alto
RA-1392,ALFA,ALFA Y - G0/G1,Aluno-1392,,9.0,Masculino,2024,Pública,Quartzo,5.4262,2.0,9.002,5.625,7.51,Não informado,0.0,0.0,0.0,,,,7.0,5.0,Fase 1 (3° e 4° ano),-1,7.5,2024,Pública,0,,,Risco moderado,Baixo,Média,Médio,Baixo
RA-1393,ALFA,ALFA Y - G0/G1,Aluno-1393,,7.0,Feminino,2024,Pública,Ametista,7.2597,2.0,9.502,7.5,3.755,Não informado,5.0,10.0,0.0,,,,8.42,10.0,ALFA (1° e 2° ano),0,7.5,2024,Pública,0,,,Sem risco,Baixo,Alta,Baixo,Médio
RA-990,1A,1A,Aluno-990,,10.0,Masculino,2023,Pública,Ametista,7.8122833334,3.0,9.502,7.5,7.51,Não informado,8.0,9.5,6.5,,,,8.336666667,5.0,Fase 2 (5° e 6° ano),-1,8.4375,2024,Pública,1,,,Risco moderado,Baixo,Alta,Médio,Alto
RA-1394,1A,1A,Aluno-1394,,10.0,Feminino,2024,Pública,Ametista,7.5032555555,3.0,9.502,8.6944444445,7.51,Não informado,5.75,5.5,6.0,,,,8.003333333,5.0,Fase 2 (5° e 6° ano),-1,8.125,2024,Pública,1,,,Risco moderado,Médio,Alta,Médio,Médio
RA-991,1A,1A,Aluno-991,,10.0,Feminino,2023,Pública,Ametista,7.057230303,3.0,9.002,8.181818182,6.26,Não informado,6.5,7.0,6.0,,,,6.723333333,5.0,Fase 2 (5° e 6° ano),-1,7.5,2024,Pública,1,,,Risco moderado,Médio,Média,Médio,Médio
RA-1018,1A,1A,Aluno-1018,,10.0,Masculino,2023,Pública,Ametista,7.7054045454,3.0,8.502,7.727272727,6.26,Não informado,8.25,8.5,8.0,,,,8.45,5.0,Fase 2 (5° e 6° ano),-1,8.4375,2024,Pública,1,,,Risco moderado,Baixo,Média,Médio,Médio
RA-1395,1A,1A,Aluno-1395,,9.0,Feminino,2024,Pública,Topázio,8.5997833334,3.0,9.502,10.0,7.51,Não informado,7.75,7.5,8.0,,,,7.836666667,10.0,Fase 1 (3° e 4° ano),0,7.8125,2024,Pública,1,,,Sem risco,Alto,Alta,Médio,Alto
RA-1396,1A,1A,Aluno-1396,,11.0,Feminino,2024,Pública,Ametista,7.8477,3.0,9.502,10.0,7.51,Não informado,6.5,6.0,7.0,,,,7.67,5.0,Fase 2 (5° e 6° ano),-1,8.125,2024,Pública,1,,,Risco moderado,Alto,Alta,Médio,Alto
RA-1025,1A,1A,Aluno-1025,,10.0,Masculino,2023,Pública,Ametista,7.897071212,3.0,9.002,7.727272727,7.51,Não informado,9.0,10.0,8.0,,,,7.783333333,5.0,Fase 2 (5° e 6° ano),-1,8.4375,2024,Pública,1,,,Risco moderado,Baixo,Média,Médio,Alto
RA-1019,1A,1A,Aluno-1019,,9.0,Feminino,2023,Pública,Topázio,8.6922551949,3.0,9.502,9.3073593075,6.26,Não informado,8.75,9.5,8.0,,,,8.616666667,10.0,Fase 1 (3° e 4° ano),0,7.8125,2024,Pública,1,,,Sem risco,Alto,Alta,Médio,Alto
RA-879,1A,1A,Aluno-879,,10.0,Feminino,2023,Pública,Topázio,8.1096318182,3.0,9.502,9.090909091,6.26,Não informado,8.5,8.0,9.0,,,,8.67,5.0,Fase 2 (5° e 6° ano),-1,7.8125,2024,Pública,1,,,Risco moderado,Médio,Alta,Médio,Alto
RA-1020,1A,1A,Aluno-1020,,10.0,Feminino,2023,Pública,Topázio,8.9544954545,3.0,9.002,9.7727272725,6.88,Não informado,9.0,10.0,8.0,,,,8.84,10.0,Fase 1 (3° e 4° ano),0,8.4375,2024,Pública,1,,,Sem risco,Alto,Média,Médio,Alto
RA-1021,1A,1A,Aluno-1021,,10.0,Masculino,2023,Pública,Topázio,8.0985863636,3.0,9.502,9.318181818,7.51,Não informado,8.0,9.0,7.0,,,,7.95,5.0,Fase 2 (5° e 6° ano),-1,8.4375,2024,Pública,1,,,Risco moderado,Alto,Alta,Médio,Alto
RA-1022,1A,1A,Aluno-1022,,10.0,Masculino,2023,Pública,Ametista,7.613169697,3.0,9.502,9.318181818,6.26,Não informado,6.5,5.5,7.5,,,,8.116666667,5.0,Fase 2 (5° e 6° ano),-1,7.5,2024,Pública,1,,,Risco moderado,Alto,Alta,Médio,Médio
RA-1397,1A,1A,Aluno-1397,,10.0,Feminino,2024,Pública,Ametista,7.8280333334,3.0,9.002,10.0,6.26,Não informado,7.0,7.0,7.0,,,,7.946666667,5.0,Fase 2 (5° e 6° ano),-1,8.125,2024,Pública,1,,,Risco moderado,Alto,Média,Médio,Alto
RA-699,1A,1A,Aluno-699,,11.0,Masculino,2022,Pública,Ágata,6.427771212,3.0,6.334,7.727272727,6.26,Não informado,6.5,7.0,6.0,,,,5.833333333,5.0,Fase 2 (5° e 6° ano),-1,6.5625,2024,Pública,1,,,Risco moderado,Baixo,Baixa,Médio,Baixo
RA-1398,1B,1B,Aluno-1398,,11.0,Feminino,2024,Pública,Ametista,7.989700527,3.0,6.918,9.555335968,7.51,Não informado,8.0,8.0,8.0,,,,8.616666667,5.0,Fase 2 (5° e 6° ano),-1,8.125,2024,Pública,1,,,Risco moderado,Alto,Baixa,Médio,Alto
RA-871,1B,1B,Aluno-871,,10.0,Masculino,2023,Pública,Ametista,7.2917293148,3.0,8.502,9.328063241,4.38,Não informado,7.25,6.0,8.5,,,,5.783333333,10.0,Fase 1 (3° e 4° ano),0,5.3125,2024,Pública,1,,,Sem risco,Alto,Média,Baixo,Médio
RA-1399,1B,1B,Aluno-1399,,11.0,Feminino,2024,Pública,Ametista,7.4385787879,3.0,9.002,9.7727272725,5.005,Não informado,6.0,6.0,6.0,,,,8.166666667,5.0,Fase 2 (5° e 6° ano),-1,7.5,2024,Pública,1,,,Risco moderado,Alto,Média,Baixo,Médio
RA-873,1B,1B,Aluno-873,,12.0,Feminino,2023,Pública,Ametista,7.61095,3.0,8.002,10.0,6.88,Não informado,6.75,7.0,6.5,,,,7.77,5.0,Fase 3 (7° e 8° ano),-2,7.1875,2024,Pública,1,,,Risco moderado,Alto,Baixa,Médio,Médio
RA-898,1B,1B,Aluno-898,,10.0,Masculino,2023,Pública,Ametista,7.8661333334,3.0,6.418,10.0,7.51,Não informado,7.5,9.0,6.0,,,,8.616666667,5.0,Fase 2 (5° e 6° ano),-1,7.5,2024,Pública,1,,,Risco moderado,Alto,Baixa,Médio,Alto
RA-750,1B,1B,Aluno-750,,12.0,Masculino,2021,Pública,Quartzo,4.542230369,3.0,6.249,5.938735178,4.38,Não informado,3.75,0.5,7.0,,,,3.176666667,5.0,Fase 3 (7° e 8° ano),-2,4.0625,2024,Pública,1,,,Risco moderado,Baixo,Baixa,Baixo,Baixo
RA-899,1B,1B,Aluno-899,,9.0,Masculino,2023,Pública,Topázio,8.4250247693,3.0,10.002,9.1007905135,5.635,Não informado,8.25,8.0,8.5,,,,7.893333333,10.0,Fase 1 (3° e 4° ano),0,8.125,2024,Pública,1,,,Sem risco,Médio,Alta,Baixo,Alto
RA-878,1B,1B,Aluno-878,,11.0,Masculino,2023,Pública,Ágata,6.5335560606,3.0,9.002,6.136363636,4.38,Não informado,6.75,6.0,7.5,,,,6.996666667,5.0,Fase 2 (5° e 6° ano),-1,7.1875,2024,Pública,1,,,Risco moderado,Baixo,Média,Baixo,Baixo
RA-893,1B,1B,Aluno-893,,10.0,Masculino,2023,Pública,Topázio,8.8910333334,3.0,9.002,10.0,7.51,Não informado,9.25,10.0,8.5,,,,7.886666667,10.0,Fase 1 (3° e 4° ano),0,8.125,2024,Pública,1,,,Sem risco,Alto,Média,Médio,Alto
RA-1024,1B,1B,Aluno-1024,,11.0,Feminino,2023,Pública,Topázio,8.6516166666,3.0,8.002,10.0,7.51,Não informado,10.0,10.0,10.0,,,,8.783333333,5.0,Fase 2 (5° e 6° ano),-1,8.4375,2024,Pública,1,,,Risco moderado,Alto,Baixa,Médio,Alto
RA-900,1B,1B,Aluno-900,,9.0,Feminino,2023,Pública,Topázio,8.8020030302,3.0,9.002,9.318181818,8.13,Não informado,8.5,8.0,9.0,,,,8.563333333,10.0,Fase 1 (3° e 4° ano),0,8.125,2024,Pública,1,,,Sem risco,Alto,Média,Alto,Alto
RA-903,1B,1B,Aluno-903,,9.0,Feminino,2023,Pública,Topázio,8.0758287879,3.0,10.002,9.7727272725,7.505,Não informado,5.0,6.0,4.0,,,,7.946666667,10.0,Fase 1 (3° e 4° ano),0,7.8125,2024,Pública,1,,,Sem risco,Alto,Alta,Médio,Alto
RA-1400,1B,1B,Aluno-1400,,9.0,Masculino,2024,Pública,Ametista,7.6228395257,3.0,8.418,6.6501976285,7.51,Não informado,7.25,6.5,8.0,,,,7.5,10.0,Fase 1 (3° e 4° ano),0,7.5,2024,Pública,1,,,Sem risco,Baixo,Média,Médio,Médio
RA-851,1B,1B,Aluno-851,,10.0,Masculino,2022,Pública,Ágata,6.2114602109,3.0,9.002,7.3221343875,5.63,Não informado,6.0,5.0,7.0,,,,5.106666667,5.0,Fase 2 (5° e 6° ano),-1,5.625,2024,Pública,1,,,Risco moderado,Baixo,Média,Baixo,Baixo
RA-1028,1B,1B,Aluno-1028,,12.0,Masculino,2023,Pública,Ametista,7.1404338602,3.0,8.002,7.055335968,5.63,Não informado,7.5,6.0,9.0,,,,8.393333333,5.0,Fase 3 (7° e 8° ano),-2,6.875,2024,Pública,1,,,Risco moderado,Baixo,Baixa,Baixo,Médio
RA-922,1C,1C,Aluno-922,,9.0,Feminino,2023,Pública,Topázio,8.5209954545,2.0,9.002,9.5227272725,7.51,Não informado,7.75,7.5,8.0,,,,8.17,10.0,Fase 1 (3° e 4° ano),0,7.8125,2024,Pública,1,,,Sem risco,Alto,Média,Médio,Alto
RA-684,1C,1C,Aluno-684,,9.0,Masculino,2022,Privada,Ametista,7.7693818182,2.0,10.002,9.090909091,7.51,Não informado,4.25,2.5,6.0,,,,8.0,10.0,Fase 1 (3° e 4° ano),0,7.5,2024,Privada,1,,,Sem risco,Médio,Alta,Médio,Médio
RA-1031,1C,1C,Aluno-1031,,11.0,Masculino,2023,Pública,Ágata,6.8757227273,2.0,9.502,8.6363636365,7.51,Não informado,6.25,5.5,7.0,,,,5.83,5.0,Fase 2 (5° e 6° ano),-1,5.3125,2024,Pública,1,,,Risco moderado,Médio,Alta,Médio,Baixo
RA-892,1C,1C,Aluno-892,,9.0,Masculino,2023,Pública,Topázio,8.6977,2.0,8.002,10.0,7.51,Não informado,8.75,10.0,7.5,,,,7.92,10.0,Fase 1 (3° e 4° ano),0,8.125,2024,Pública,1,,,Sem risco,Alto,Baixa,Médio,Alto
RA-1029,1C,1C,Aluno-1029,,10.0,Feminino,2023,Pública,Ametista,7.7977909091,2.0,9.002,8.7954545455,6.885,Não informado,8.75,8.0,9.5,,,,7.25,5.0,Fase 2 (5° e 6° ano),-1,7.5,2024,Pública,1,,,Risco moderado,Médio,Média,Médio,Alto
RA-1032,1C,1C,Aluno-1032,,11.0,Masculino,2023,Pública,Topázio,8.01645,2.0,8.502,9.75,7.51,Não informado,8.0,9.0,7.0,,,,7.92,5.0,Fase 2 (5° e 6° ano),-1,7.8125,2024,Pública,1,,,Risco moderado,Alto,Média,Médio,Alto
RA-894,1C,1C,Aluno-894,,10.0,Feminino,2023,Pública,Topázio,8.67895,2.0,10.002,10.0,7.51,Não informado,9.5,9.0,10.0,,,,8.42,5.0,Fase 2 (5° e 6° ano),-1,8.4375,2024,Pública,1,,,Risco moderado,Alto,Alta,Médio,Alto
RA-1401,1C,1C,Aluno-1401,,13.0,Masculino,2024,Pública,Topázio,8.1188277778,2.0,6.918,8.888888889,7.51,Não informado,10.0,10.0,10.0,,,,8.085,5.0,Fase 3 (7° e 8° ano),-2,7.8125,2024,Pública,1,,,Risco moderado,Médio,Baixa,Médio,Alto
RA-896,1C,1C,Aluno-896,,8.0,Masculino,2023,Pública,Topázio,8.2852454545,2.0,8.502,9.7727272725,7.51,Não informado,6.5,6.5,6.5,,,,8.085,10.0,Fase 1 (3° e 4° ano),0,8.125,2024,Pública,1,,,Sem risco,Alto,Média,Médio,Alto
RA-693,1C,1C,Aluno-693,,9.0,Feminino,2022,Pública,Topázio,8.9079954545,2.0,10.002,9.5227272725,9.38,Não informado,8.0,8.0,8.0,,,,8.42,10.0,Fase 1 (3° e 4° ano),0,7.8125,2024,Pública,1,,,Sem risco,Alto,Alta,Alto,Alto
RA-743,1C,1C,Aluno-743,,11.0,Feminino,2022,Pública,Ametista,7.6557454545,2.0,9.002,9.2727272725,7.51,Não informado,7.0,6.5,7.5,,,,7.5,5.0,Fase 2 (5° e 6° ano),-1,7.5,2024,Pública,1,,,Risco moderado,Alto,Média,Médio,Médio
RA-681,1C,1C,Aluno-681,,11.0,Masculino,2022,Privada,Ágata,6.0398818182,2.0,9.502,7.840909091,6.26,Não informado,2.5,5.0,0.0,,,,6.665,5.0,Fase 2 (5° e 6° ano),-1,5.625,2024,Privada,1,,,Risco moderado,Médio,Alta,Médio,Baixo
RA-1035,1C,1C,Aluno-1035,,10.0,Masculino,2023,Pública,Ametista,7.8334954545,2.0,9.502,9.0227272725,7.51,Não informado,7.0,6.5,7.5,,,,7.92,5.0,Fase 2 (5° e 6° ano),-1,8.4375,2024,Pública,1,,,Risco moderado,Médio,Alta,Médio,Alto
RA-850,1C,1C,Aluno-850,,10.0,Masculino,2022,Pública,Ametista,7.8642454545,2.0,10.002,9.2727272725,6.255,Não informado,7.75,6.0,9.5,,,,7.92,5.0,Fase 2 (5° e 6° ano),-1,7.5,2024,Pública,1,,,Risco moderado,Alto,Alta,Baixo,Alto
RA-1402,1D,1D,Aluno-1402,,10.0,Feminino,2024,Pública,Topázio,8.5880409091,2.0,10.002,9.5454545455,7.51,Não informado,7.25,7.0,7.5,,,,8.17,10.0,Fase 1 (3° e 4° ano),0,8.4375,2024,Pública,1,,,Sem risco,Alto,Alta,Médio,Alto
RA-1403,1D,1D,Aluno-1403,,11.0,Feminino,2024,Pública,Topázio,8.2574218615,2.0,9.002,9.3073593075,7.51,Não informado,8.75,7.5,10.0,,,,8.255,5.0,Fase 2 (5° e 6° ano),-1,8.4375,2024,Pública,1,,,Risco moderado,Alto,Média,Médio,Alto
RA-1404,1D,1D,Aluno-1404,,9.0,Feminino,2024,Pública,Topázio,8.3971318182,2.0,8.502,9.090909091,7.51,Não informado,7.5,6.0,9.0,,,,8.17,10.0,Fase 1 (3° e 4° ano),0,8.4375,2024,Pública,1,,,Sem risco,Médio,Média,Médio,Alto
RA-923,1D,1D,Aluno-923,,9.0,Feminino,2023,Pública,Ametista,7.6886090909,2.0,8.002,7.9545454545,7.51,Não informado,5.5,5.0,6.0,,,,8.17,10.0,Fase 1 (3° e 4° ano),0,8.125,2024,Pública,1,,,Sem risco,Médio,Baixa,Médio,Médio
RA-847,1D,1D,Aluno-847,,11.0,Masculino,2022,Pública,Quartzo,5.0092909091,2.0,9.002,4.5454545455,5.01,Não informado,1.0,0.0,2.0,,,,6.245,5.0,Fase 2 (5° e 6° ano),-1,7.5,2024,Pública,1,,,Risco moderado,Baixo,Média,Baixo,Baixo
RA-1405,1D,1D,Aluno-1405,,10.0,Feminino,2024,Pública,Topázio,8.4749727273,2.0,8.002,8.6363636365,7.51,Não informado,8.75,8.0,9.5,,,,8.17,10.0,Fase 1 (3° e 4° ano),0,8.125,2024,Pública,1,,,Sem risco,Médio,Baixa,Médio,Alto
RA-1406,1D,1D,Aluno-1406,,10.0,Feminino,2024,Pública,Ametista,7.8186772727,2.0,8.002,8.8636363635,7.51,Não informado,7.5,5.5,9.5,,,,8.255,5.0,Fase 2 (5° e 6° ano),-1,8.4375,2024,Pública,1,,,Risco moderado,Médio,Baixa,Médio,Alto
RA-1407,1D,1D,Aluno-1407,,10.0,Masculino,2024,Pública,Ametista,7.5460863636,2.0,10.002,9.318181818,7.51,Não informado,5.75,5.5,6.0,,,,7.5,5.0,Fase 2 (5° e 6° ano),-1,7.8125,2024,Pública,1,,,Risco moderado,Alto,Alta,Médio,Médio
RA-1408,1D,1D,Aluno-1408,,11.0,Masculino,2024,Pública,Ametista,7.6267681818,2.0,10.002,8.409090909,7.51,Não informado,6.75,5.5,8.0,,,,7.5,5.0,Fase 2 (5° e 6° ano),-1,8.4375,2024,Pública,1,,,Risco moderado,Médio,Alta,Médio,Médio
RA-1409,1D,1D,Aluno-1409,,10.0,Masculino,2024,Pública,Ametista,7.8631318181,2.0,10.002,9.0909090905,7.51,Não informado,7.25,7.5,7.0,,,,7.5,5.0,Fase 2 (5° e 6° ano),-1,8.4375,2024,Pública,1,,,Risco moderado,Médio,Alta,Médio,Alto
RA-1410,1E,1E,Aluno-1410,,11.0,Masculino,2024,Pública,Ametista,7.5319272727,2.0,9.002,8.1136363635,7.51,Não informado,6.25,6.5,6.0,,,,8.165,5.0,Fase 2 (5° e 6° ano),-1,8.75,2024,Pública,1,,,Risco moderado,Médio,Média,Médio,Médio
RA-874,1E,1E,Aluno-874,,10.0,Masculino,2023,Pública,Ametista,7.0235939394,2.0,9.502,4.696969697,6.26,Não informado,7.75,6.0,9.5,,,,7.915,5.0,Fase 2 (5° e 6° ano),-1,8.75,2024,Pública,1,,,Risco moderado,Baixo,Alta,Médio,Médio
RA-1411,1E,1E,Aluno-1411,,11.0,Masculino,2024,Pública,Ágata,6.88695,2.0,9.002,9.5,6.26,Não informado,2.75,5.5,0.0,,,,7.835,5.0,Fase 2 (5° e 6° ano),-1,8.4375,2024,Pública,1,,,Risco moderado,Alto,Média,Médio,Baixo
RA-1412,1E,1E,Aluno-1412,,10.0,Masculino,2024,Pública,Topázio,9.2046718615,2.0,10.002,9.3073593075,7.51,Não informado,9.75,10.0,9.5,,,,8.835,10.0,Fase 1 (3° e 4° ano),0,8.75,2024,Pública,1,,,Sem risco,Alto,Alta,Médio,Alto
RA-690,1E,1E,Aluno-690,,11.0,Feminino,2022,Pública,Ametista,7.3853681818,2.0,7.918,8.409090909,7.51,Não informado,6.25,7.5,5.0,,,,7.835,5.0,Fase 2 (5° e 6° ano),-1,8.4375,2024,Pública,1,,,Risco moderado,Médio,Baixa,Médio,Médio
RA-1413,1E,1E,Aluno-1413,,12.0,Masculino,2024,Pública,Ametista,7.7475647186,2.0,9.002,8.593073593,7.51,Não informado,7.25,7.5,7.0,,,,7.92,5.0,Fase 3 (7° e 8° ano),-2,8.4375,2024,Pública,1,,,Risco moderado,Médio,Média,Médio,Médio
RA-1414,1E,1E,Aluno-1414,,10.0,Feminino,2024,Pública,Topázio,8.8400073593,2.0,9.502,9.2965367965,6.885,Não informado,8.5,10.0,7.0,,,,8.835,10.0,Fase 1 (3° e 4° ano),0,8.75,2024,Pública,1,,,Sem risco,Alto,Alta,Médio,Alto
RA-995,1E,1E,Aluno-995,,12.0,Feminino,2023,Pública,Quartzo,5.1103720779,2.0,10.002,5.3896103895,5.635,Não informado,2.0,0.0,4.0,,,,4.25,5.0,Fase 3 (7° e 8° ano),-2,7.1875,2024,Pública,1,,,Risco moderado,Baixo,Alta,Baixo,Baixo
RA-853,1G,1G,Aluno-853,,10.0,Feminino,2022,Pública,Ametista,7.9868666666,3.0,8.502,9.5833333335,6.26,Não informado,6.25,6.5,6.0,,,,7.553333333,10.0,Fase 1 (3° e 4° ano),0,8.333333333,2024,Pública,1,,,Sem risco,Alto,Média,Médio,Alto
RA-854,1G,1G,Aluno-854,,9.0,Feminino,2022,Pública,Ametista,7.8261999999,3.0,9.502,10.0,6.26,Não informado,7.0,7.0,7.0,,,,6.333333333,10.0,Fase 1 (3° e 4° ano),0,5.833333333,2024,Pública,1,,,Sem risco,Alto,Alta,Médio,Alto
RA-1415,1G,1G,Aluno-1415,,10.0,Feminino,2024,Pública,Ametista,7.3712454546,3.0,8.002,9.7727272725,6.26,Não informado,6.75,6.5,7.0,,,,7.056666667,5.0,Fase 2 (5° e 6° ano),-1,7.291666667,2024,Pública,1,,,Risco moderado,Alto,Baixa,Médio,Médio
RA-842,1G,1G,Aluno-842,,10.0,Feminino,2022,Pública,Ametista,7.0729147564,3.0,8.502,7.549407115,6.26,Não informado,7.5,6.0,9.0,,,,6.996666667,5.0,Fase 2 (5° e 6° ano),-1,6.875,2024,Pública,1,,,Risco moderado,Baixo,Média,Médio,Médio
RA-700,1G,1G,Aluno-700,,11.0,Feminino,2022,Pública,Ametista,7.0057454545,3.0,8.502,9.564393939,5.635,Não informado,5.25,5.0,5.5,,,,7.0,5.0,Fase 2 (5° e 6° ano),-1,7.291666667,2024,Pública,1,,,Risco moderado,Alto,Média,Baixo,Médio
RA-1416,1G,1G,Aluno-1416,,12.0,Feminino,2024,Pública,Ametista,7.3755030304,3.0,8.502,8.2765151515,7.51,Não informado,7.75,6.5,9.0,,,,6.386666667,5.0,Fase 2 (5° e 6° ano),-1,7.916666667,2024,Pública,1,,,Risco moderado,Médio,Média,Médio,Médio
RA-911,1G,1G,Aluno-911,,12.0,Masculino,2023,Pública,Quartzo,5.4552454547,3.0,8.002,4.772727273,7.51,Não informado,4.5,5.0,4.0,,,,4.726666667,5.0,Fase 3 (7° e 8° ano),-2,6.041666667,2024,Pública,1,,,Risco moderado,Baixo,Baixa,Médio,Baixo
RA-859,1G,1G,Aluno-859,,9.0,Feminino,2022,Pública,Topázio,8.5817909091,3.0,8.002,9.337121212,7.51,Não informado,8.0,8.0,8.0,,,,8.336666667,10.0,Fase 1 (3° e 4° ano),0,8.958333333,2024,Pública,1,,,Sem risco,Alto,Baixa,Médio,Alto
RA-860,1G,1G,Aluno-860,,9.0,Masculino,2022,Pública,Topázio,8.7738666667,3.0,9.002,9.7916666665,7.51,Não informado,8.5,8.0,9.0,,,,7.946666667,10.0,Fase 1 (3° e 4° ano),0,8.75,2024,Pública,1,,,Sem risco,Alto,Média,Médio,Alto
RA-727,1G,1G,Aluno-727,,10.0,Masculino,2022,Pública,Topázio,8.4470030303,3.0,10.002,8.4848484845,6.26,Não informado,8.5,10.0,7.0,,,,8.056666667,10.0,Fase 1 (3° e 4° ano),0,8.125,2024,Pública,1,,,Sem risco,Médio,Alta,Médio,Alto
RA-1417,1G,1G,Aluno-1417,,10.0,Masculino,2024,Pública,Ametista,7.7436242424,3.0,9.002,9.337121212,7.51,Não informado,9.0,10.0,8.0,,,,6.5,5.0,Fase 2 (5° e 6° ano),-1,6.25,2024,Pública,1,,,Risco moderado,Alto,Média,Médio,Médio
RA-910,1G,1G,Aluno-910,,9.0,Masculino,2023,Pública,Topázio,8.1163818182,3.0,8.502,8.6742424245,7.51,Não informado,7.5,9.0,6.0,,,,7.443333333,10.0,Fase 1 (3° e 4° ano),0,7.916666667,2024,Pública,1,,,Sem risco,Médio,Média,Médio,Alto
RA-840,1G,1G,Aluno-840,,10.0,Masculino,2022,Pública,Topázio,8.5912909091,3.0,9.502,9.337121212,7.51,Não informado,8.0,7.0,9.0,,,,7.946666667,10.0,Fase 1 (3° e 4° ano),0,8.333333333,2024,Pública,1,,,Sem risco,Alto,Alta,Médio,Alto
RA-926,1G,1G,Aluno-926,,10.0,Feminino,2023,Pública,Ametista,7.7830787878,3.0,9.002,9.7727272725,7.51,Não informado,7.0,7.0,7.0,,,,7.22,5.0,Fase 2 (5° e 6° ano),-1,8.333333333,2024,Pública,1,,,Risco moderado,Alto,Média,Médio,Alto
RA-1418,1G,1G,Aluno-1418,,11.0,Masculino,2024,Pública,Ametista,7.7352909091,3.0,8.502,9.128787879,7.51,Não informado,8.25,8.5,8.0,,,,6.833333333,5.0,Fase 2 (5° e 6° ano),-1,7.916666667,2024,Pública,1,,,Risco moderado,Médio,Média,Médio,Médio
RA-927,1G,1G,Aluno-927,,10.0,Feminino,2023,Pública,Ametista,7.9921696969,3.0,8.002,9.318181818,7.51,Não informado,6.5,7.0,6.0,,,,7.22,10.0,Fase 1 (3° e 4° ano),0,8.333333333,2024,Pública,1,,,Sem risco,Alto,Baixa,Médio,Alto
RA-672,1H,1H,Aluno-672,,11.0,Feminino,2021,Pública,Quartzo,4.2118138341,3.0,7.918,3.95256917,6.26,Não informado,0.0,0.0,0.0,,,,4.496666667,5.0,Fase 2 (5° e 6° ano),-1,6.041666667,2024,Pública,1,,,Risco moderado,Baixo,Baixa,Médio,Baixo
RA-1043,1H,1H,Aluno-1043,,11.0,Masculino,2023,Pública,Ametista,7.5398475625,3.0,10.002,7.994071146,7.51,Não informado,8.25,8.5,8.0,,,,6.553333333,5.0,Fase 2 (5° e 6° ano),-1,7.291666667,2024,Pública,1,,,Risco moderado,Médio,Alta,Médio,Médio
RA-738,1H,1H,Aluno-738,,10.0,Feminino,2022,Pública,Ametista,7.2626980238,3.0,10.002,7.292490119,6.885,Não informado,7.25,7.5,7.0,,,,7.39,5.0,Fase 2 (5° e 6° ano),-1,6.875,2024,Pública,1,,,Risco moderado,Baixo,Alta,Médio,Médio
RA-1419,1H,1H,Aluno-1419,,10.0,Feminino,2024,Pública,Topázio,8.7536999999,3.0,8.502,10.0,7.51,Não informado,7.5,6.0,9.0,,,,8.783333333,10.0,Fase 1 (3° e 4° ano),0,8.958333333,2024,Pública,1,,,Sem risco,Alto,Média,Médio,Alto
RA-704,1H,1H,Aluno-704,,12.0,Masculino,2022,Pública,Ágata,6.8121156785,3.0,7.502,8.646245059,5.635,Não informado,6.5,6.0,7.0,,,,6.616666667,5.0,Fase 2 (5° e 6° ano),-1,6.458333333,2024,Pública,1,,,Risco moderado,Médio,Baixa,Baixo,Baixo
RA-705,1H,1H,Aluno-705,,12.0,Masculino,2022,Pública,Quartzo,5.2942476191,3.0,9.002,6.4285714285,5.005,Não informado,3.5,2.0,5.0,,,,4.226666667,5.0,Fase 2 (5° e 6° ano),-1,5.625,2024,Pública,1,,,Risco moderado,Baixo,Média,Baixo,Baixo
RA-822,1H,1H,Aluno-822,,12.0,Masculino,2022,Pública,Quartzo,5.2645678524,3.0,0.0,4.6245059285,5.01,Não informado,6.75,7.5,6.0,,,,6.61,5.0,Fase 3 (7° e 8° ano),-2,6.666666667,2024,Pública,1,,,Risco moderado,Baixo,Baixa,Baixo,Baixo
RA-740,1H,1H,Aluno-740,,11.0,Feminino,2022,Privada,Topázio,8.1611005269,3.0,9.002,9.555335968,7.51,Não informado,8.0,8.0,8.0,,,,8.223333333,5.0,Fase 2 (5° e 6° ano),-1,8.541666667,2024,Privada,1,,,Risco moderado,Alto,Média,Médio,Alto
RA-741,1H,1H,Aluno-741,,12.0,Feminino,2022,Pública,Quartzo,5.0795885374,3.0,8.418,5.2964426875,5.005,Não informado,3.75,3.5,4.0,,,,4.223333333,5.0,Fase 2 (5° e 6° ano),-1,5.833333333,2024,Pública,1,,,Risco moderado,Baixo,Média,Baixo,Baixo
RA-1420,1H,1H,Aluno-1420,,12.0,Masculino,2024,Pública,Quartzo,5.6558,3.0,7.918,5.5208333335,6.26,Não informado,4.5,5.0,4.0,,,,5.44,5.0,Fase 3 (7° e 8° ano),-2,6.458333333,2024,Pública,1,,,Risco moderado,Baixo,Baixa,Médio,Baixo
RA-709,1H,1H,Aluno-709,,12.0,Feminino,2022,Pública,Ágata,6.8337808958,3.0,7.418,7.994071146,7.51,Não informado,6.0,6.0,6.0,,,,6.773333333,5.0,Fase 2 (5° e 6° ano),-1,6.875,2024,Pública,1,,,Risco moderado,Médio,Baixa,Médio,Baixo
RA-1421,1H,1H,Aluno-1421,,11.0,Masculino,2024,Pública,Ametista,7.1269222222,3.0,9.002,6.777777778,7.51,Não informado,7.5,8.0,7.0,,,,7.163333333,5.0,Fase 2 (5° e 6° ano),-1,6.875,2024,Pública,1,,,Risco moderado,Baixo,Média,Médio,Médio
RA-1422,1J,1J,Aluno-1422,,11.0,Feminino,2024,Pública,Ametista,7.0132,4.0,9.502,7.5,7.51,Não informado,4.75,0.0,9.5,,,,7.7475,5.0,Fase 2 (5° e 6° ano),-1,8.125,2024,Pública,1,,,Risco moderado,Baixo,Alta,Médio,Médio
RA-1423,1J,1J,Aluno-1423,,11.0,Masculino,2024,Pública,Ágata,6.40345,4.0,8.502,5.3125,7.51,Não informado,5.75,4.0,7.5,,,,6.5425,5.0,Fase 2 (5° e 6° ano),-1,7.8125,2024,Pública,1,,,Risco moderado,Baixo,Média,Médio,Baixo
RA-733,1J,1J,Aluno-733,,10.0,Feminino,2022,Pública,Topázio,8.808825,4.0,10.002,10.0,7.51,Não informado,9.25,9.0,9.5,,,,9.085,5.0,Fase 2 (5° e 6° ano),-1,8.90625,2024,Pública,1,,,Risco moderado,Alto,Alta,Médio,Alto
RA-836,1J,1J,Aluno-836,,11.0,Masculino,2022,Pública,Ágata,6.0234537878,4.0,9.502,6.439393939,7.51,Não informado,2.75,5.5,0.0,,,,6.25,5.0,Fase 2 (5° e 6° ano),-1,7.34375,2024,Pública,1,,,Risco moderado,Baixo,Alta,Médio,Baixo
RA-1424,1J,1J,Aluno-1424,,12.0,Feminino,2024,Pública,Ametista,7.5543388889,4.0,9.002,8.9444444445,7.51,Não informado,7.25,7.5,7.0,,,,6.915,5.0,Fase 2 (5° e 6° ano),-1,7.8125,2024,Pública,1,,,Risco moderado,Médio,Média,Médio,Médio
RA-1425,1J,1J,Aluno-1425,,12.0,Masculino,2024,Pública,Ágata,6.8290988095,4.0,9.002,6.7976190475,7.51,Não informado,7.0,6.0,8.0,,,,5.92,5.0,Fase 2 (5° e 6° ano),-1,7.34375,2024,Pública,1,,,Risco moderado,Baixo,Média,Médio,Baixo
RA-1426,1J,1J,Aluno-1426,,11.0,Feminino,2023,Pública,Quartzo,5.836747619,4.0,9.502,5.845238095,7.51,Não informado,2.75,5.5,0.0,,,,5.8325,5.0,Fase 2 (5° e 6° ano),-1,7.5,2024,Pública,1,,,Risco moderado,Baixo,Alta,Médio,Baixo
RA-716,1J,1J,Aluno-716,,11.0,Masculino,2022,Pública,Ágata,6.2372943675,4.0,9.002,5.5335968375,7.51,Não informado,5.75,5.5,6.0,,,,5.7875,5.0,Fase 2 (5° e 6° ano),-1,6.71875,2024,Pública,1,,,Risco moderado,Baixo,Média,Médio,Baixo
RA-1049,1J,1J,Aluno-1049,,11.0,Masculino,2023,Pública,Ágata,6.821885606,4.0,9.502,8.03030303,7.51,Não informado,4.5,4.0,5.0,,,,6.745,5.0,Fase 2 (5° e 6° ano),-1,7.65625,2024,Pública,1,,,Risco moderado,Médio,Alta,Médio,Baixo
RA-1427,1J,1J,Aluno-1427,,11.0,Feminino,2024,Pública,Topázio,8.425325,4.0,9.502,10.0,7.51,Não informado,8.0,6.5,9.5,,,,8.6675,5.0,Fase 2 (5° e 6° ano),-1,8.90625,2024,Pública,1,,,Risco moderado,Alto,Alta,Médio,Alto
RA-1052,1J,1J,Aluno-1052,,10.0,Masculino,2023,Pública,Ametista,7.7440325758,4.0,5.834,9.128787879,6.26,Não informado,8.25,8.5,8.0,,,,8.4975,5.0,Fase 2 (5° e 6° ano),-1,8.59375,2024,Pública,1,,,Risco moderado,Médio,Baixa,Médio,Médio
RA-719,1J,1J,Aluno-719,,12.0,Masculino,2021,Pública,Ametista,7.1193969697,4.0,10.002,7.3484848485,7.51,Não informado,6.5,5.0,8.0,,,,6.7425,5.0,Fase 2 (5° e 6° ano),-1,7.5,2024,Pública,1,,,Risco moderado,Baixo,Alta,Médio,Médio
RA-1055,1J,1J,Aluno-1055,,12.0,Masculino,2023,Pública,Ágata,6.4030409091,4.0,10.002,5.7954545455,7.51,Não informado,5.5,4.0,7.0,,,,5.87,5.0,Fase 3 (7° e 8° ano),-2,7.1875,2024,Pública,1,,,Risco moderado,Baixo,Alta,Médio,Baixo
RA-747,1K,1K,Aluno-747,,12.0,Feminino,2022,Pública,Quartzo,5.8450809523,2.0,10.002,8.095238095,5.005,Não informado,2.25,4.5,0.0,,,,5.335,5.0,Fase 3 (7° e 8° ano),-2,7.083333333,2024,Pública,1,,,Risco moderado,Médio,Alta,Baixo,Baixo
RA-928,1K,1K,Aluno-928,,9.0,Feminino,2023,Pública,Topázio,8.8733666667,2.0,8.002,10.0,7.51,Não informado,8.75,8.5,9.0,,,,8.59,10.0,Fase 1 (3° e 4° ano),0,8.541666667,2024,Pública,1,,,Sem risco,Alto,Baixa,Médio,Alto
RA-748,1K,1K,Aluno-748,,11.0,Masculino,2021,Pública,Topázio,8.2272,2.0,9.502,10.0,7.51,Não informado,7.75,7.5,8.0,,,,8.005,5.0,Fase 2 (5° e 6° ano),-1,8.75,2024,Pública,1,,,Risco moderado,Alto,Alta,Médio,Alto
RA-769,1K,1K,Aluno-769,,11.0,Feminino,2022,Pública,Ametista,7.0993428572,2.0,10.002,5.9523809525,7.51,Não informado,6.0,6.0,6.0,,,,8.33,5.0,Fase 2 (5° e 6° ano),-1,7.916666667,2024,Pública,1,,,Risco moderado,Baixo,Alta,Médio,Médio
RA-876,1K,1K,Aluno-876,,9.0,Masculino,2023,Pública,Ametista,7.6120571428,2.0,8.502,9.0476190475,7.51,Não informado,3.75,7.5,0.0,,,,8.09,10.0,Fase 1 (3° e 4° ano),0,8.333333333,2024,Pública,1,,,Sem risco,Médio,Média,Médio,Médio
RA-776,1K,1K,Aluno-776,,11.0,Feminino,2022,Pública,Quartzo,5.1785095238,2.0,7.917,5.9523809525,5.63,Não informado,0.0,0.0,0.0,,,,6.5,5.0,Fase 2 (5° e 6° ano),-1,8.333333333,2024,Pública,1,,,Risco moderado,Baixo,Baixa,Baixo,Baixo
RA-753,1K,1K,Aluno-753,,10.0,Feminino,2022,Pública,Topázio,8.2450571429,2.0,10.002,9.047619048,7.51,Não informado,8.5,9.0,8.0,,,,8.255,5.0,Fase 2 (5° e 6° ano),-1,8.333333333,2024,Pública,1,,,Risco moderado,Médio,Alta,Médio,Alto
RA-601,1K,1K,Aluno-601,,10.0,Masculino,2021,Pública,Topázio,8.5107,2.0,9.502,10.0,7.505,Não informado,8.75,9.5,8.0,,,,8.425,5.0,Fase 2 (5° e 6° ano),-1,8.75,2024,Pública,1,,,Risco moderado,Alto,Alta,Médio,Alto
RA-955,1K,1K,Aluno-955,,11.0,Feminino,2023,Pública,Ágata,6.245452381,2.0,0.0,6.904761905,7.51,Não informado,5.75,6.5,5.0,,,,8.255,5.0,Fase 2 (5° e 6° ano),-1,8.125,2024,Pública,1,,,Risco moderado,Baixo,Baixa,Médio,Baixo
RA-831,1K,1K,Aluno-831,,10.0,Masculino,2022,Pública,Topázio,8.0066285715,2.0,10.002,9.523809524,6.26,Não informado,7.75,6.5,9.0,,,,8.17,5.0,Fase 2 (5° e 6° ano),-1,7.916666667,2024,Pública,1,,,Risco moderado,Alto,Alta,Médio,Alto
RA-1067,1K,1K,Aluno-1067,,11.0,Masculino,2023,Pública,Ametista,7.8400333333,2.0,10.002,8.333333333,7.51,Não informado,6.75,6.5,7.0,,,,8.59,5.0,Fase 2 (5° e 6° ano),-1,8.541666667,2024,Pública,1,,,Risco moderado,Médio,Alta,Médio,Alto
RA-1058,1K,1K,Aluno-1058,,10.0,Feminino,2023,Pública,Ametista,7.703347619,2.0,9.168,8.095238095,6.88,Não informado,7.75,7.5,8.0,,,,8.085,5.0,Fase 2 (5° e 6° ano),-1,8.125,2024,Pública,1,,,Risco moderado,Médio,Alta,Médio,Médio
RA-757,1K,1K,Aluno-757,,11.0,Feminino,2022,Pública,Ametista,7.9388428572,2.0,9.502,9.285714286,7.51,Não informado,7.0,6.5,7.5,,,,8.34,5.0,Fase 2 (5° e 6° ano),-1,8.125,2024,Pública,1,,,Risco moderado,Alto,Alta,Médio,Alto
RA-794,1K,1K,Aluno-794,,10.0,Feminino,2022,Pública,Ametista,7.1456523809,2.0,9.502,6.9047619045,7.51,Não informado,3.0,6.0,0.0,,,,8.255,10.0,Fase 1 (3° e 4° ano),0,8.125,2024,Pública,1,,,Sem risco,Baixo,Alta,Médio,Médio
RA-960,1K,1K,Aluno-960,,11.0,Masculino,2023,Pública,Quartzo,5.286047619,2.0,0.0,8.095238095,7.51,Não informado,3.0,6.0,0.0,,,,5.33,5.0,Fase 2 (5° e 6° ano),-1,7.5,2024,Pública,1,,,Risco moderado,Médio,Baixa,Médio,Baixo
RA-587,1L,1L,Aluno-587,,12.0,Masculino,2022,Pública,Ágata,6.8170571429,2.0,9.002,7.380952381,7.51,Não informado,6.25,6.5,6.0,,,,5.74,5.0,Fase 3 (7° e 8° ano),-2,7.916666667,2024,Pública,1,,,Risco moderado,Baixo,Média,Médio,Baixo
RA-826,1L,1L,Aluno-826,,10.0,Masculino,2022,Pública,Ametista,7.9442,2.0,10.002,10.0,6.26,Não informado,6.75,5.5,8.0,,,,8.59,5.0,Fase 2 (5° e 6° ano),-1,7.5,2024,Pública,1,,,Risco moderado,Alto,Alta,Médio,Alto
RA-789,1L,1L,Aluno-789,,9.0,Feminino,2022,Pública,Topázio,8.0443904763,2.0,9.002,9.047619048,7.51,Não informado,5.25,5.5,5.0,,,,8.085,10.0,Fase 1 (3° e 4° ano),0,9.166666667,2024,Pública,1,,,Sem risco,Médio,Média,Médio,Alto
RA-1056,1L,1L,Aluno-1056,,10.0,Masculino,2023,Pública,Topázio,8.1920095238,2.0,8.502,9.2857142855,7.51,Não informado,8.25,8.5,8.0,,,,8.335,5.0,Fase 2 (5° e 6° ano),-1,9.166666667,2024,Pública,1,,,Risco moderado,Alto,Média,Médio,Alto
RA-1428,1L,1L,Aluno-1428,,10.0,Masculino,2024,Pública,Topázio,8.0061084968,2.0,8.502,8.8562091505,7.51,Não informado,8.0,7.0,9.0,,,,8.085,5.0,Fase 2 (5° e 6° ano),-1,9.166666667,2024,Pública,1,,,Risco moderado,Médio,Média,Médio,Alto
RA-830,1L,1L,Aluno-830,,11.0,Feminino,2022,Pública,Ametista,7.1373428571,2.0,9.002,7.619047619,5.63,Não informado,6.75,6.5,7.0,,,,7.335,5.0,Fase 2 (5° e 6° ano),-1,8.333333333,2024,Pública,1,,,Risco moderado,Baixo,Média,Baixo,Médio
RA-780,1L,1L,Aluno-780,,11.0,Feminino,2022,Pública,Ametista,7.7430333333,2.0,9.502,10.0,5.63,Não informado,6.0,6.0,6.0,,,,8.17,5.0,Fase 2 (5° e 6° ano),-1,8.958333333,2024,Pública,1,,,Risco moderado,Alto,Alta,Baixo,Médio
RA-1057,1L,1L,Aluno-1057,,10.0,Feminino,2023,Pública,Topázio,8.2352,2.0,10.002,10.0,6.26,Não informado,8.0,8.0,8.0,,,,8.17,5.0,Fase 2 (5° e 6° ano),-1,8.75,2024,Pública,1,,,Risco moderado,Alto,Alta,Médio,Alto
RA-1062,1L,1L,Aluno-1062,,10.0,Masculino,2023,Pública,Ametista,7.6147238096,2.0,8.002,9.047619048,5.63,Não informado,7.25,6.5,8.0,,,,8.085,5.0,Fase 2 (5° e 6° ano),-1,8.75,2024,Pública,1,,,Risco moderado,Médio,Baixa,Baixo,Médio
RA-1429,1L,1L,Aluno-1429,,11.0,Masculino,2024,Pública,Topázio,8.0418111111,2.0,9.502,8.888888889,7.51,Não informado,7.75,8.5,7.0,,,,8.085,5.0,Fase 2 (5° e 6° ano),-1,8.958333333,2024,Pública,1,,,Risco moderado,Médio,Alta,Médio,Alto
RA-1430,1L,1L,Aluno-1430,,11.0,Masculino,2024,Pública,Ametista,7.8640333333,2.0,8.502,10.0,7.51,Não informado,6.25,6.0,6.5,,,,8.085,5.0,Fase 2 (5° e 6° ano),-1,8.958333333,2024,Pública,1,,,Risco moderado,Alto,Média,Médio,Alto
RA-767,1L,1L,Aluno-767,,12.0,Masculino,2021,Pública,Topázio,8.1318904762,2.0,9.502,9.0476190475,7.51,Não informado,8.25,8.5,8.0,,,,8.085,5.0,Fase 3 (7° e 8° ano),-2,8.541666667,2024,Pública,1,,,Risco moderado,Médio,Alta,Médio,Alto
RA-943,1L,1L,Aluno-943,,9.0,Feminino,2023,Pública,Topázio,8.9650333333,2.0,10.002,10.0,7.51,Não informado,8.0,7.0,9.0,,,,8.59,10.0,Fase 1 (3° e 4° ano),0,8.958333333,2024,Pública,1,,,Sem risco,Alto,Alta,Médio,Alto
RA-782,1L,1L,Aluno-782,,10.0,Masculino,2022,Pública,Topázio,8.1896285714,2.0,9.502,7.857142857,7.51,Não informado,7.75,7.5,8.0,,,,8.085,10.0,Fase 1 (3° e 4° ano),0,7.5,2024,Pública,1,,,Sem risco,Médio,Alta,Médio,Alto
RA-795,1L,1L,Aluno-795,,10.0,Feminino,2022,Pública,Topázio,8.4414142857,2.0,9.502,9.761904762,6.26,Não informado,9.5,10.0,9.0,,,,8.085,5.0,Fase 2 (5° e 6° ano),-1,8.958333333,2024,Pública,1,,,Risco moderado,Alto,Alta,Médio,Alto
RA-1431,1M,1M,Aluno-1431,,11.0,Feminino,2024,Pública,Ametista,7.9147292443,2.0,9.002,7.7432712215,7.51,Não informado,8.0,8.0,8.0,,,,9.09,5.0,Fase 2 (5° e 6° ano),-1,7.96875,2024,Pública,1,,,Risco moderado,Baixo,Média,Médio,Alto
RA-1432,1M,1M,Aluno-1432,,10.0,Feminino,2024,Pública,Topázio,8.774075,2.0,10.002,10.0,7.51,Não informado,9.5,10.0,9.0,,,,8.505,5.0,Fase 2 (5° e 6° ano),-1,9.21875,2024,Pública,1,,,Risco moderado,Alto,Alta,Médio,Alto
RA-1433,1M,1M,Aluno-1433,,10.0,Feminino,2024,Pública,Topázio,8.1939895962,2.0,8.502,9.068322981,7.51,Não informado,8.75,8.0,9.5,,,,8.505,5.0,Fase 2 (5° e 6° ano),-1,8.28125,2024,Pública,1,,,Risco moderado,Médio,Média,Médio,Alto
RA-1434,1M,1M,Aluno-1434,,10.0,Masculino,2024,Pública,Topázio,8.2775982919,2.0,8.502,7.9813664595,6.26,Não informado,9.0,10.0,8.0,,,,9.76,5.0,Fase 2 (5° e 6° ano),-1,9.53125,2024,Pública,1,,,Risco moderado,Médio,Média,Médio,Alto
RA-958,1M,1M,Aluno-958,,9.0,Feminino,2023,Pública,Topázio,9.531325,2.0,10.002,10.0,6.26,Não informado,10.0,10.0,10.0,,,,9.76,10.0,Fase 1 (3° e 4° ano),0,9.53125,2024,Pública,1,,,Sem risco,Alto,Alta,Médio,Alto
RA-961,1M,1M,Aluno-961,,10.0,Masculino,2023,Pública,Ágata,6.5294179089,2.0,9.002,8.8923395445,6.26,Não informado,5.5,6.0,5.0,,,,5.155,5.0,Fase 2 (5° e 6° ano),-1,5.9375,2024,Pública,1,,,Risco moderado,Médio,Média,Médio,Baixo
RA-1435,1M,1M,Aluno-1435,,10.0,Masculino,2024,Pública,Ametista,7.7196166667,2.0,9.502,7.8333333335,7.51,Não informado,7.5,7.5,7.5,,,,6.165,10.0,Fase 1 (3° e 4° ano),0,7.1875,2024,Pública,1,,,Sem risco,Médio,Alta,Médio,Médio
RA-755,1M,1M,Aluno-755,,10.0,Masculino,2022,Pública,Topázio,8.92545,2.0,10.002,10.0,7.51,Não informado,9.75,10.0,9.5,,,,9.09,5.0,Fase 2 (5° e 6° ano),-1,9.0625,2024,Pública,1,,,Risco moderado,Alto,Alta,Médio,Alto
RA-1436,1M,1M,Aluno-1436,,11.0,Feminino,2024,Pública,Ametista,7.5899146481,2.0,7.418,8.6749482405,7.51,Não informado,8.0,8.0,8.0,,,,7.17,5.0,Fase 2 (5° e 6° ano),-1,8.28125,2024,Pública,1,,,Risco moderado,Médio,Baixa,Médio,Médio
RA-1437,1M,1M,Aluno-1437,,11.0,Feminino,2024,Pública,Ametista,7.9828902174,2.0,8.502,9.347826087,7.51,Não informado,8.0,8.0,8.0,,,,7.92,5.0,Fase 2 (5° e 6° ano),-1,8.28125,2024,Pública,1,,,Risco moderado,Alto,Média,Médio,Alto
RA-1438,1M,1M,Aluno-1438,,10.0,Feminino,2024,Pública,Topázio,8.176825,2.0,10.002,9.0,7.51,Não informado,7.0,6.0,8.0,,,,9.175,5.0,Fase 2 (5° e 6° ano),-1,8.90625,2024,Pública,1,,,Risco moderado,Médio,Alta,Médio,Alto
RA-1439,1M,1M,Aluno-1439,,11.0,Feminino,2024,Pública,Topázio,8.5077,2.0,7.502,10.0,7.51,Não informado,8.5,9.0,8.0,,,,9.345,5.0,Fase 2 (5° e 6° ano),-1,9.375,2024,Pública,1,,,Risco moderado,Alto,Baixa,Médio,Alto
RA-1440,1M,1M,Aluno-1440,,10.0,Feminino,2024,Pública,Ametista,7.4691026915,2.0,9.002,9.5445134575,7.51,Não informado,4.5,9.0,0.0,,,,8.17,5.0,Fase 2 (5° e 6° ano),-1,8.75,2024,Pública,1,,,Risco moderado,Alto,Média,Médio,Médio
RA-1441,1M,1M,Aluno-1441,,9.0,Masculino,2024,Pública,Topázio,8.9616461698,2.0,9.502,9.109730849,7.51,Não informado,8.5,9.0,8.0,,,,9.005,10.0,Fase 1 (3° e 4° ano),0,9.375,2024,Pública,1,,,Sem risco,Médio,Alta,Médio,Alto
RA-1442,1M,1M,Aluno-1442,,13.0,Masculino,2024,Pública,Ametista,7.1351896481,2.0,8.002,8.6749482405,7.51,Não informado,7.25,8.5,6.0,,,,5.745,5.0,Fase 3 (7° e 8° ano),-2,7.5,2024,Pública,1,,,Risco moderado,Médio,Baixa,Médio,Médio
RA-1443,1N,1N,Aluno-1443,,13.0,Feminino,2024,Pública,Ágata,6.9216333333,2.0,6.918,7.5,6.26,Não informado,6.75,6.5,7.0,,,,7.415,5.0,Fase 3 (7° e 8° ano),-2,7.708333333,2024,Pública,1,,,Risco moderado,Baixo,Baixa,Médio,Médio
RA-1444,1N,1N,Aluno-1444,,11.0,Masculino,2024,Pública,Ágata,6.6105888889,2.0,8.502,5.277777778,7.51,Não informado,6.0,8.0,4.0,,,,7.415,5.0,Fase 2 (5° e 6° ano),-1,7.708333333,2024,Pública,1,,,Risco moderado,Baixo,Média,Médio,Baixo
RA-956,1N,1N,Aluno-956,,12.0,Masculino,2023,Pública,Ágata,6.1175906455,2.0,9.502,6.017786561,6.885,Não informado,3.25,6.5,0.0,,,,7.085,5.0,Fase 2 (5° e 6° ano),-1,7.083333333,2024,Pública,1,,,Risco moderado,Baixo,Alta,Médio,Baixo
RA-952,1N,1N,Aluno-952,,9.0,Masculino,2023,Pública,Topázio,8.8536242423,2.0,9.502,9.545454545,6.26,Não informado,8.5,8.0,9.0,,,,9.175,10.0,Fase 1 (3° e 4° ano),0,8.333333333,2024,Pública,1,,,Sem risco,Alto,Alta,Médio,Alto
RA-939,1N,1N,Aluno-939,,12.0,Feminino,2023,Pública,Ametista,7.0513798419,2.0,9.002,8.8833992095,5.63,Não informado,5.0,6.0,4.0,,,,7.495,5.0,Fase 2 (5° e 6° ano),-1,8.125,2024,Pública,1,,,Risco moderado,Médio,Média,Baixo,Médio
RA-953,1N,1N,Aluno-953,,9.0,Feminino,2023,Pública,Ametista,7.961241502,2.0,9.002,6.85770751,6.26,Não informado,8.5,8.0,9.0,,,,7.755,10.0,Fase 1 (3° e 4° ano),0,8.125,2024,Pública,1,,,Sem risco,Baixo,Média,Médio,Alto
RA-954,1N,1N,Aluno-954,,9.0,Feminino,2023,Pública,Topázio,8.2823798419,2.0,9.502,8.8833992095,6.26,Não informado,7.75,6.5,9.0,,,,7.835,10.0,Fase 1 (3° e 4° ano),0,8.125,2024,Pública,1,,,Sem risco,Médio,Alta,Médio,Alto
RA-792,1N,1N,Aluno-792,,11.0,Feminino,2022,Pública,Ágata,6.036012253,2.0,8.502,5.286561265,7.51,Não informado,3.25,6.5,0.0,,,,7.075,5.0,Fase 2 (5° e 6° ano),-1,8.125,2024,Pública,1,,,Risco moderado,Baixo,Média,Médio,Baixo
RA-1000,1N,1N,Aluno-1000,,9.0,Feminino,2023,Pública,Topázio,8.3647909091,2.0,9.002,9.5454545455,6.26,Não informado,7.75,7.5,8.0,,,,7.835,10.0,Fase 1 (3° e 4° ano),0,8.125,2024,Pública,1,,,Sem risco,Alto,Média,Médio,Alto
RA-763,1N,1N,Aluno-763,,11.0,Feminino,2021,Pública,Ágata,6.984760606,2.0,9.002,8.8636363635,6.26,Não informado,5.25,6.5,4.0,,,,6.825,5.0,Fase 2 (5° e 6° ano),-1,7.708333333,2024,Pública,1,,,Risco moderado,Médio,Média,Médio,Médio
RA-1001,1N,1N,Aluno-1001,,10.0,Feminino,2023,Pública,Ametista,7.7964318841,2.0,7.502,9.347826087,7.51,Não informado,7.75,6.5,9.0,,,,7.92,5.0,Fase 2 (5° e 6° ano),-1,7.916666667,2024,Pública,1,,,Risco moderado,Alto,Baixa,Médio,Alto
RA-1445,1N,1N,Aluno-1445,,10.0,Feminino,2024,Pública,Ametista,7.8428666667,2.0,9.502,9.5,7.51,Não informado,7.25,6.5,8.0,,,,7.5,5.0,Fase 2 (5° e 6° ano),-1,7.916666667,2024,Pública,1,,,Risco moderado,Alto,Alta,Médio,Alto
RA-1446,1N,1N,Aluno-1446,,9.0,Masculino,2024,Pública,Quartzo,5.9004061924,2.0,8.002,6.6501976285,6.26,Não informado,0.0,0.0,0.0,,,,7.075,10.0,Fase 1 (3° e 4° ano),0,7.291666667,2024,Pública,1,,,Sem risco,Baixo,Baixa,Médio,Baixo
RA-768,1N,1N,Aluno-768,,12.0,Feminino,2021,Pública,Ametista,7.0345379447,2.0,9.002,7.9841897235,6.26,Não informado,5.5,6.0,5.0,,,,7.495,5.0,Fase 2 (5° e 6° ano),-1,8.125,2024,Pública,1,,,Risco moderado,Médio,Média,Médio,Médio
RA-1447,1N,1N,Aluno-1447,,11.0,Feminino,2024,Pública,Ametista,7.5402350878,2.0,9.502,9.7368421055,7.51,Não informado,5.25,6.5,4.0,,,,7.75,5.0,Fase 2 (5° e 6° ano),-1,7.916666667,2024,Pública,1,,,Risco moderado,Alto,Alta,Médio,Médio
RA-980,1P,1P,Aluno-980,,9.0,Feminino,2023,Pública,Ametista,7.9463883116,4.0,9.002,9.058441558,7.51,Não informado,6.25,6.5,6.0,,,,7.4175,10.0,Fase 1 (3° e 4° ano),0,7.5,2024,Pública,1,,,Sem risco,Médio,Média,Médio,Alto
RA-982,1P,1P,Aluno-982,,8.0,Masculino,2023,Pública,Topázio,8.1198601731,4.0,10.002,8.3658008655,7.51,Não informado,8.25,6.5,10.0,,,,6.79,10.0,Fase 1 (3° e 4° ano),0,6.875,2024,Pública,1,,,Sem risco,Médio,Alta,Médio,Alto
RA-1448,1P,1P,Aluno-1448,,13.0,Feminino,2024,Pública,Ametista,7.4661264069,4.0,9.002,9.5346320345,7.51,Não informado,6.0,6.0,6.0,,,,7.29,5.0,Fase 3 (7° e 8° ano),-2,7.5,2024,Pública,1,,,Risco moderado,Alto,Média,Médio,Médio
RA-1070,1P,1P,Aluno-1070,,12.0,Masculino,2023,Pública,Ágata,6.2871718615,4.0,9.002,9.3073593075,5.635,Não informado,2.25,4.5,0.0,,,,6.6225,5.0,Fase 2 (5° e 6° ano),-1,6.875,2024,Pública,1,,,Risco moderado,Alto,Média,Baixo,Baixo
RA-985,1P,1P,Aluno-985,,9.0,Masculino,2023,Pública,Topázio,8.2432,4.0,8.502,10.0,6.26,Não informado,7.5,8.0,7.0,,,,7.585,10.0,Fase 1 (3° e 4° ano),0,7.5,2024,Pública,1,,,Sem risco,Alto,Média,Médio,Alto
RA-986,1P,1P,Aluno-986,,9.0,Feminino,2023,Pública,Topázio,8.2603406926,4.0,10.002,9.2965367965,6.26,Não informado,8.5,7.5,9.5,,,,6.8325,10.0,Fase 1 (3° e 4° ano),0,7.083333333,2024,Pública,1,,,Sem risco,Alto,Alta,Médio,Alto
RA-810,1P,1P,Aluno-810,,10.0,Masculino,2021,Pública,Ametista,7.7047701754,4.0,7.502,9.4736842105,5.635,Não informado,9.0,8.0,10.0,,,,7.7525,5.0,Fase 2 (5° e 6° ano),-1,6.458333333,2024,Pública,1,,,Risco moderado,Alto,Baixa,Baixo,Médio
RA-987,1P,1P,Aluno-987,,9.0,Masculino,2023,Pública,Topázio,8.3028861472,4.0,9.002,9.0692640695,7.51,Não informado,7.5,8.0,7.0,,,,7.835,10.0,Fase 1 (3° e 4° ano),0,7.708333333,2024,Pública,1,,,Sem risco,Médio,Média,Médio,Alto
RA-988,1P,1P,Aluno-988,,10.0,Feminino,2023,Pública,Topázio,8.1765333333,4.0,9.502,10.0,7.51,Não informado,7.75,6.5,9.0,,,,7.96,5.0,Fase 2 (5° e 6° ano),-1,8.333333333,2024,Pública,1,,,Risco moderado,Alto,Alta,Médio,Alto
RA-805,1R,1R,Aluno-805,,10.0,Masculino,2021,Pública,Ágata,6.9375869048,4.0,8.502,9.523809524,4.38,Não informado,6.0,7.0,5.0,,,,6.7075,5.0,Fase 2 (5° e 6° ano),-1,7.03125,2024,Pública,1,,,Risco moderado,Alto,Média,Baixo,Médio
RA-806,1R,1R,Aluno-806,,10.0,Masculino,2022,Pública,Ágata,6.9727773809,4.0,8.502,6.9047619045,7.51,Não informado,6.75,6.5,7.0,,,,6.875,5.0,Fase 2 (5° e 6° ano),-1,7.65625,2024,Pública,1,,,Risco moderado,Baixo,Média,Médio,Médio
RA-807,1R,1R,Aluno-807,,10.0,Masculino,2022,Pública,Ametista,7.7976285714,4.0,9.002,7.857142857,7.51,Não informado,7.0,6.0,8.0,,,,7.125,10.0,Fase 1 (3° e 4° ano),0,7.5,2024,Pública,1,,,Sem risco,Médio,Média,Médio,Alto
RA-808,1R,1R,Aluno-808,,10.0,Masculino,2022,Pública,Topázio,8.7897,4.0,9.002,10.0,7.51,Não informado,8.75,7.5,10.0,,,,7.88,10.0,Fase 1 (3° e 4° ano),0,8.125,2024,Pública,1,,,Sem risco,Alto,Média,Médio,Alto
RA-963,1R,1R,Aluno-963,,10.0,Feminino,2023,Pública,Topázio,8.3750809524,4.0,7.502,9.761904762,7.51,Não informado,7.5,5.0,10.0,,,,8.045,10.0,Fase 1 (3° e 4° ano),0,8.125,2024,Pública,1,,,Sem risco,Alto,Baixa,Médio,Alto
RA-989,1R,1R,Aluno-989,,10.0,Masculino,2023,Pública,Ametista,7.3743785714,4.0,9.502,7.857142857,6.26,Não informado,6.0,6.0,6.0,,,,6.54,10.0,Fase 1 (3° e 4° ano),0,7.1875,2024,Pública,1,,,Sem risco,Médio,Alta,Médio,Médio
RA-964,1R,1R,Aluno-964,,10.0,Masculino,2023,Pública,Ametista,7.5482416666,4.0,9.502,8.333333333,7.51,Não informado,7.25,7.5,7.0,,,,7.1675,5.0,Fase 2 (5° e 6° ano),-1,7.96875,2024,Pública,1,,,Risco moderado,Médio,Alta,Médio,Médio
RA-1449,1R,1R,Aluno-1449,,10.0,Feminino,2024,Pública,Ametista,7.2143416667,4.0,7.418,8.3333333335,7.51,Não informado,6.75,6.5,7.0,,,,7.04,5.0,Fase 2 (5° e 6° ano),-1,7.96875,2024,Pública,1,,,Risco moderado,Médio,Baixa,Médio,Médio
RA-801,1R,1R,Aluno-801,,10.0,Masculino,2022,Pública,Ágata,6.6752,4.0,9.002,5.75,7.51,Não informado,8.0,7.0,9.0,,,,5.745,5.0,Fase 2 (5° e 6° ano),-1,6.25,2024,Pública,1,,,Risco moderado,Baixo,Média,Médio,Baixo
RA-1450,1R,1R,Aluno-1450,,9.0,Masculino,2024,Pública,Ametista,7.4052357142,4.0,9.502,8.571428571,7.51,Não informado,3.5,0.0,7.0,,,,7.5425,10.0,Fase 1 (3° e 4° ano),0,7.8125,2024,Pública,1,,,Sem risco,Médio,Alta,Médio,Médio
RA-984,1R,1R,Aluno-984,,9.0,Feminino,2023,Pública,Topázio,8.4750809524,4.0,9.502,9.761904762,7.51,Não informado,7.0,7.5,6.5,,,,8.045,10.0,Fase 1 (3° e 4° ano),0,8.125,2024,Pública,1,,,Sem risco,Alto,Alta,Médio,Alto
RA-1451,1R,1R,Aluno-1451,,11.0,Feminino,2024,Pública,Ametista,7.5604797619,4.0,10.002,8.8095238095,7.51,Não informado,6.0,6.0,6.0,,,,7.7525,5.0,Fase 2 (5° e 6° ano),-1,7.96875,2024,Pública,1,,,Risco moderado,Médio,Alta,Médio,Médio
RA-967,1R,1R,Aluno-967,,11.0,Masculino,2023,Pública,Quartzo,5.4426107143,4.0,9.502,3.5714285715,7.51,Não informado,4.75,3.5,6.0,,,,4.995,5.0,Fase 2 (5° e 6° ano),-1,5.78125,2024,Pública,1,,,Risco moderado,Baixo,Alta,Médio,Baixo
RA-968,1R,1R,Aluno-968,,10.0,Feminino,2023,Pública,Ametista,7.8403547619,4.0,9.002,8.8095238095,7.51,Não informado,7.75,8.5,7.0,,,,7.6675,5.0,Fase 2 (5° e 6° ano),-1,8.4375,2024,Pública,1,,,Risco moderado,Médio,Média,Médio,Alto
RA-521,2A,2A,Aluno-521,,11.0,Masculino,2022,Privada,Ametista,7.4798428572,3.0,8.002,9.0357142855,5.005,Não informado,6.25,7.0,5.5,,,,7.276666667,10.0,Fase 2 (5° e 6° ano),0,6.666666667,2024,Privada,2,,,Sem risco,Médio,Baixa,Baixo,Médio
RA-821,2A,2A,Aluno-821,,11.0,Masculino,2022,Pública,Ágata,6.6438666666,3.0,8.502,5.9166666665,7.51,Não informado,4.25,4.5,4.0,,,,6.713333333,10.0,Fase 2 (5° e 6° ano),0,6.666666667,2024,Pública,2,,,Sem risco,Baixo,Média,Médio,Baixo
RA-1075,2A,2A,Aluno-1075,,13.0,Feminino,2023,Pública,Ágata,6.8100812324,3.0,7.5,8.5154061625,3.755,Não informado,6.0,5.0,7.0,,,,7.553333333,5.0,Fase 3 (7° e 8° ano),-1,7.708333333,2024,Pública,2,,,Risco moderado,Médio,Baixa,Baixo,Baixo
RA-1048,2A,2A,Aluno-1048,,11.0,Feminino,2023,Privada,Ametista,7.5198666666,3.0,8.502,6.8333333335,6.255,Não informado,6.25,6.5,6.0,,,,8.283333333,10.0,Fase 1 (3° e 4° ano),1,7.708333333,2024,Privada,2,,,Sem risco,Baixo,Média,Baixo,Médio
RA-1082,2A,2A,Aluno-1082,,13.0,Feminino,2023,Pública,Ágata,6.6114857142,3.0,7.502,7.5714285715,10.0,Não informado,3.75,2.0,5.5,,,,6.943333333,5.0,Fase 3 (7° e 8° ano),-1,7.083333333,2024,Pública,2,,,Risco moderado,Baixo,Baixa,Alto,Baixo
RA-680,2A,2A,Aluno-680,,12.0,Feminino,2021,Pública,Quartzo,4.9800714287,3.0,0.0,6.642857143,5.635,Não informado,3.0,2.5,3.5,,,,6.606666667,5.0,Fase 3 (7° e 8° ano),-1,6.666666667,2024,Pública,2,,,Risco moderado,Baixo,Baixa,Baixo,Baixo
RA-698,2A,2A,Aluno-698,,10.0,Masculino,2021,Pública,Ametista,7.3363190476,3.0,9.002,8.3214285715,6.88,Não informado,4.5,3.0,6.0,,,,7.273333333,10.0,Fase 2 (5° e 6° ano),0,7.291666667,2024,Pública,2,,,Sem risco,Médio,Média,Médio,Médio
RA-1452,2A,2A,Aluno-1452,,12.0,Masculino,2024,Pública,Topázio,8.6268666667,3.0,9.002,10.0,7.51,Não informado,7.75,7.0,8.5,,,,8.17,10.0,Fase 2 (5° e 6° ano),0,7.916666667,2024,Pública,2,,,Sem risco,Alto,Média,Médio,Alto
RA-1453,2A,2A,Aluno-1453,,12.0,Feminino,2021,Pública,Ametista,7.1234857143,3.0,8.502,7.8214285715,6.25,Não informado,6.5,4.5,8.5,,,,7.67,5.0,Fase 3 (7° e 8° ano),-1,7.5,2024,Pública,2,,,Risco moderado,Médio,Média,Baixo,Médio
RA-1454,2A,2A,Aluno-1454,,10.0,Feminino,2023,Pública,Ametista,7.7042238095,3.0,8.002,5.880952381,7.51,Não informado,7.75,7.5,8.0,,,,8.28,10.0,Fase 2 (5° e 6° ano),0,7.708333333,2024,Pública,2,,,Sem risco,Baixo,Baixa,Médio,Médio
RA-1455,2A,2A,Aluno-1455,,12.0,Feminino,2024,Pública,Ágata,6.6442555555,3.0,8.002,7.777777778,7.51,Não informado,3.5,,3.5,,,,7.833333333,5.0,Fase 3 (7° e 8° ano),-1,7.708333333,2024,Pública,2,,,Risco moderado,Baixo,Baixa,Médio,Baixo
RA-529,2A,2A,Aluno-529,,14.0,Masculino,2021,Pública,Quartzo,5.2661285715,3.0,7.002,6.607142857,4.38,Não informado,4.25,2.5,6.0,,,,4.886666667,5.0,Fase 3 (7° e 8° ano),-1,4.791666667,2024,Pública,2,,,Risco moderado,Baixo,Baixa,Baixo,Baixo
RA-1456,2A,2A,Aluno-1456,,11.0,Masculino,2024,Pública,Topázio,8.4929142858,3.0,9.502,9.511904762,7.51,Não informado,7.75,5.5,10.0,,,,7.946666667,10.0,Fase 2 (5° e 6° ano),0,7.5,2024,Pública,2,,,Sem risco,Alto,Alta,Médio,Alto
RA-1015,2B,2B,Aluno-1015,,11.0,Feminino,2023,Pública,Ágata,6.643252381,3.0,7.918,7.8214285715,7.51,Não informado,4.0,2.0,6.0,,,,5.66,10.0,Fase 2 (5° e 6° ano),0,6.041666667,2024,Pública,2,,,Sem risco,Médio,Baixa,Médio,Baixo
RA-483,2B,2B,Aluno-483,,13.0,Feminino,2021,Pública,Ágata,6.578604762,3.0,8.502,5.642857143,6.26,Não informado,5.25,2.0,8.5,,,,8.056666667,5.0,Fase 3 (7° e 8° ano),-1,8.125,2024,Pública,2,,,Risco moderado,Baixo,Média,Médio,Baixo
RA-497,2B,2B,Aluno-497,,15.0,Feminino,2021,Privada - Programa de apadrinhamento,Quartzo,4.4960809524,3.0,7.502,6.095238095,5.63,Não informado,1.0,0.0,2.0,,,,3.506666667,5.0,Fase 3 (7° e 8° ano),-1,5.625,2024,Privada,2,,,Risco moderado,Baixo,Baixa,Baixo,Baixo
RA-1457,2B,2B,Aluno-1457,,12.0,Feminino,2024,Pública,Ágata,6.0197761904,3.0,3.498,8.0357142855,7.51,Não informado,2.75,2.5,3.0,,,,7.663333333,5.0,Fase 3 (7° e 8° ano),-1,7.291666667,2024,Pública,2,,,Risco moderado,Médio,Baixa,Médio,Baixo
RA-688,2B,2B,Aluno-688,,11.0,Masculino,2022,Pública,Topázio,8.9865333333,3.0,9.502,10.0,8.13,Não informado,7.5,6.0,9.0,,,,9.45,10.0,Fase 2 (5° e 6° ano),0,8.333333333,2024,Pública,2,,,Sem risco,Alto,Alta,Alto,Alto
RA-696,2B,2B,Aluno-696,,10.0,Feminino,2021,Pública,Ametista,7.4826809523,3.0,7.418,7.845238095,7.51,Não informado,5.25,5.0,5.5,,,,8.0,10.0,Fase 2 (5° e 6° ano),0,7.708333333,2024,Pública,2,,,Sem risco,Médio,Baixa,Médio,Médio
RA-1458,2B,2B,Aluno-1458,,12.0,Feminino,2024,Pública,Quartzo,5.8790736842,3.0,8.751,7.2807017545,7.51,Não informado,3.25,0.5,6.0,,,,5.213333333,5.0,Fase 3 (7° e 8° ano),-1,6.041666667,2024,Pública,2,,,Risco moderado,Baixo,Média,Médio,Baixo
RA-1034,2B,2B,Aluno-1034,,11.0,Masculino,2023,Pública,Topázio,8.0333666666,3.0,7.502,8.0833333335,7.51,Não informado,7.5,7.5,7.5,,,,8.223333333,10.0,Fase 2 (5° e 6° ano),0,7.708333333,2024,Pública,2,,,Sem risco,Médio,Baixa,Médio,Alto
RA-491,2B,2B,Aluno-491,,12.0,Masculino,2022,Pública,Ágata,6.9952476191,3.0,7.502,9.011904762,7.51,Não informado,5.25,1.5,9.0,,,,7.166666667,5.0,Fase 3 (7° e 8° ano),-1,7.083333333,2024,Pública,2,,,Risco moderado,Médio,Baixa,Médio,Médio
RA-1027,2B,2B,Aluno-1027,,11.0,Feminino,2023,Pública,Topázio,8.2208666667,3.0,9.502,10.0,7.51,Não informado,5.25,6.0,4.5,,,,8.39,10.0,Fase 2 (5° e 6° ano),0,7.916666667,2024,Pública,2,,,Sem risco,Alto,Alta,Médio,Alto
RA-1023,2B,2B,Aluno-1023,,10.0,Feminino,2023,Pública,Topázio,9.4985809523,3.0,9.502,9.511904762,9.375,Não informado,9.5,9.0,10.0,,,,9.563333333,10.0,Fase 2 (5° e 6° ano),0,8.958333333,2024,Pública,2,,,Sem risco,Alto,Alta,Alto,Alto
RA-686,2C,2C,Aluno-686,,11.0,Feminino,2022,Pública,Topázio,8.0402595237,3.0,8.002,8.7857142855,6.885,Não informado,7.25,5.0,9.5,,,,7.503333333,10.0,Fase 2 (5° e 6° ano),0,8.4375,2024,Pública,2,,,Sem risco,Médio,Baixa,Médio,Alto
RA-480,2C,2C,Aluno-480,,12.0,Feminino,2021,Pública,Ametista,7.2602023809,3.0,6.25,8.0714285715,7.51,Não informado,5.0,2.5,7.5,,,,7.443333333,10.0,Fase 2 (5° e 6° ano),0,7.8125,2024,Pública,2,,,Sem risco,Médio,Baixa,Médio,Médio
RA-1459,2C,2C,Aluno-1459,,12.0,Masculino,2024,Pública,Ágata,6.6653904761,3.0,8.002,8.2976190475,7.51,Não informado,3.75,2.0,5.5,,,,7.273333333,5.0,Fase 3 (7° e 8° ano),-1,7.5,2024,Pública,2,,,Risco moderado,Médio,Baixa,Médio,Baixo
RA-1460,2C,2C,Aluno-1460,,12.0,Masculino,2024,Pública,Ágata,6.7848052632,3.0,9.502,7.460526316,7.51,Não informado,3.25,2.5,4.0,,,,6.27,10.0,Fase 2 (5° e 6° ano),0,6.875,2024,Pública,2,,,Sem risco,Baixo,Alta,Médio,Baixo
RA-1017,2C,2C,Aluno-1017,,12.0,Masculino,2023,Pública,Ametista,7.3455214285,3.0,9.502,7.8095238095,6.26,Não informado,5.0,2.5,7.5,,,,7.443333333,10.0,Fase 2 (5° e 6° ano),0,7.1875,2024,Pública,2,,,Sem risco,Baixo,Alta,Médio,Médio
RA-499,2C,2C,Aluno-499,,12.0,Masculino,2021,Pública,Ametista,7.5794738095,3.0,8.502,9.0476190475,7.51,Não informado,4.75,2.0,7.5,,,,7.5,10.0,Fase 2 (5° e 6° ano),0,7.1875,2024,Pública,2,,,Sem risco,Médio,Média,Médio,Médio
RA-514,2C,2C,Aluno-514,,11.0,Feminino,2022,Pública,Ágata,6.2195809524,3.0,9.002,7.595238095,4.385,Não informado,3.0,3.0,3.0,,,,5.996666667,10.0,Fase 2 (5° e 6° ano),0,5.625,2024,Pública,2,,,Sem risco,Baixo,Média,Baixo,Baixo
RA-1461,2C,2C,Aluno-1461,,12.0,Feminino,2024,Pública,Ágata,6.8719619048,3.0,10.002,9.273809524,7.51,Não informado,2.75,0.5,5.0,,,,7.33,5.0,Fase 3 (7° e 8° ano),-1,7.5,2024,Pública,2,,,Risco moderado,Alto,Alta,Médio,Baixo
RA-1462,2D,2D,Aluno-1462,,13.0,Feminino,2024,Pública,Ametista,7.6243666666,3.0,8.502,10.0,7.51,Não informado,6.5,6.0,7.0,,,,7.053333333,5.0,Fase 3 (7° e 8° ano),-1,8.125,2024,Pública,2,,,Risco moderado,Alto,Média,Médio,Médio
RA-1463,2D,2D,Aluno-1463,,12.0,Masculino,2024,Pública,Topázio,9.074561111,3.0,8.502,9.722222222,7.51,Não informado,10.0,10.0,10.0,,,,8.113333333,10.0,Fase 2 (5° e 6° ano),0,9.0625,2024,Pública,2,,,Sem risco,Alto,Média,Médio,Alto
RA-1464,2D,2D,Aluno-1464,,13.0,Feminino,2024,Pública,Ametista,7.288424359,3.0,8.002,7.794871795,7.51,Não informado,6.25,4.0,8.5,,,,7.61,5.0,Fase 3 (7° e 8° ano),-1,9.0625,2024,Pública,2,,,Risco moderado,Baixo,Baixa,Médio,Médio
RA-687,2D,2D,Aluno-687,,11.0,Masculino,2022,Pública,Topázio,8.2739844611,3.0,7.502,9.2355889725,7.51,Não informado,7.25,6.5,8.0,,,,8.003333333,10.0,Fase 2 (5° e 6° ano),0,8.75,2024,Pública,2,,,Sem risco,Alto,Baixa,Médio,Alto
RA-1030,2D,2D,Aluno-1030,,12.0,Masculino,2023,Pública,Ametista,7.740191604,3.0,7.418,8.28320802,4.385,Não informado,8.0,10.0,6.0,,,,7.61,10.0,Fase 2 (5° e 6° ano),0,7.8125,2024,Pública,2,,,Sem risco,Médio,Baixa,Baixo,Médio
RA-1465,2D,2D,Aluno-1465,,12.0,Masculino,2024,Pública,Ametista,7.3344666666,3.0,7.418,8.75,7.51,Não informado,5.75,5.0,6.5,,,,7.833333333,5.0,Fase 3 (7° e 8° ano),-1,8.75,2024,Pública,2,,,Risco moderado,Médio,Baixa,Médio,Médio
RA-522,2D,2D,Aluno-522,,11.0,Masculino,2021,Pública,Topázio,8.6777119048,3.0,8.002,9.523809524,7.51,Não informado,9.0,9.5,8.5,,,,7.89,10.0,Fase 2 (5° e 6° ano),0,8.4375,2024,Pública,2,,,Sem risco,Alto,Baixa,Médio,Alto
RA-501,2D,2D,Aluno-501,,11.0,Masculino,2021,Privada,Topázio,8.2779474937,3.0,7.002,7.9949874685,7.51,Não informado,8.75,8.5,9.0,,,,8.17,10.0,Fase 2 (5° e 6° ano),0,8.4375,2024,Privada,2,,,Sem risco,Médio,Baixa,Médio,Alto
RA-1466,2D,2D,Aluno-1466,,12.0,Masculino,2024,Pública,Topázio,8.2137238096,3.0,10.002,7.380952381,7.51,Não informado,7.5,7.0,8.0,,,,8.056666667,10.0,Fase 2 (5° e 6° ano),0,8.75,2024,Pública,2,,,Sem risco,Baixo,Alta,Médio,Alto
RA-502,2D,2D,Aluno-502,,10.0,Feminino,2021,Privada - Programa de Apadrinhamento,Topázio,8.5023309524,3.0,9.002,9.761904762,3.755,Não informado,8.0,6.0,10.0,,,,8.84,10.0,Fase 2 (5° e 6° ano),0,9.0625,2024,Privada,2,,,Sem risco,Alto,Média,Baixo,Alto
RA-1467,2D,2D,Aluno-1467,,12.0,Masculino,2024,Pública,Topázio,8.8367112782,3.0,9.002,9.022556391,7.51,Não informado,9.25,9.0,9.5,,,,8.28,10.0,Fase 2 (5° e 6° ano),0,8.75,2024,Pública,2,,,Sem risco,Médio,Média,Médio,Alto
RA-1468,2D,2D,Aluno-1468,,12.0,Feminino,2024,Pública,Topázio,8.1281028822,3.0,8.502,8.972431078,7.51,Não informado,7.0,4.5,9.5,,,,7.443333333,10.0,Fase 2 (5° e 6° ano),0,8.4375,2024,Pública,2,,,Sem risco,Médio,Média,Médio,Alto
RA-527,2D,2D,Aluno-527,,11.0,Feminino,2022,Pública,Topázio,8.1403666666,3.0,9.002,10.0,7.51,Não informado,6.0,6.5,5.5,,,,7.383333333,10.0,Fase 2 (5° e 6° ano),0,8.125,2024,Pública,2,,,Sem risco,Alto,Média,Médio,Alto
RA-1469,2D,2D,Aluno-1469,,13.0,Masculino,2024,Pública,Ametista,7.4597555555,3.0,8.502,9.4444444445,7.51,Não informado,4.75,6.0,3.5,,,,8.223333333,5.0,Fase 3 (7° e 8° ano),-1,8.75,2024,Pública,2,,,Risco moderado,Alto,Média,Médio,Médio
RA-1470,2G,2G,Aluno-1470,,12.0,Feminino,2024,Pública,Quartzo,5.967421532,4.0,8.002,6.35610766,6.26,Não informado,5.0,5.0,5.0,,,,5.4125,5.0,Fase 3 (7° e 8° ano),-1,6.875,2024,Pública,2,,,Risco moderado,Baixo,Baixa,Médio,Baixo
RA-1471,2G,2G,Aluno-1471,,13.0,Masculino,2024,Pública,Ametista,7.4044554348,4.0,10.002,7.195652174,7.51,Não informado,7.5,8.0,7.0,,,,7.2425,5.0,Fase 3 (7° e 8° ano),-1,7.65625,2024,Pública,2,,,Risco moderado,Baixo,Alta,Médio,Médio
RA-710,2G,2G,Aluno-710,,12.0,Masculino,2021,Pública,Ametista,7.0366241342,4.0,9.168,8.170995671,5.625,Não informado,6.75,8.0,5.5,,,,6.5375,5.0,Fase 3 (7° e 8° ano),-1,7.65625,2024,Pública,2,,,Risco moderado,Médio,Alta,Baixo,Médio
RA-1472,2G,2G,Aluno-1472,,11.0,Masculino,2022,Pública,Topázio,8.773575,4.0,8.502,10.0,7.51,Não informado,8.75,9.0,8.5,,,,8.1275,10.0,Fase 2 (5° e 6° ano),0,7.96875,2024,Pública,2,,,Sem risco,Alto,Média,Médio,Alto
RA-837,2G,2G,Aluno-837,,10.0,Masculino,2022,Pública,Ametista,7.9648467391,4.0,7.502,9.7826086955,6.885,Não informado,6.75,6.0,7.5,,,,7.5825,10.0,Fase 2 (5° e 6° ano),0,7.03125,2024,Pública,2,,,Sem risco,Alto,Baixa,Médio,Alto
RA-549,2G,2G,Aluno-549,,12.0,Masculino,2021,Pública,Ágata,6.5398187888,4.0,10.002,7.204968944,6.255,Não informado,5.75,5.0,6.5,,,,5.9125,5.0,Fase 3 (7° e 8° ano),-1,6.40625,2024,Pública,2,,,Risco moderado,Baixo,Alta,Baixo,Baixo
RA-571,2G,2G,Aluno-571,,13.0,Feminino,2021,Pública,Ágata,6.2964554348,4.0,7.002,8.695652174,4.375,Não informado,5.25,5.0,5.5,,,,5.8325,5.0,Fase 3 (7° e 8° ano),-1,7.03125,2024,Pública,2,,,Risco moderado,Médio,Baixa,Baixo,Baixo
RA-731,2G,2G,Aluno-731,,12.0,Feminino,2021,Pública,Quartzo,4.7704873377,4.0,9.502,4.1883116885,4.375,Não informado,2.5,0.0,5.0,,,,4.835,5.0,Fase 3 (7° e 8° ano),-1,5.78125,2024,Pública,2,,,Risco moderado,Baixo,Alta,Baixo,Baixo
RA-706,2G,2G,Aluno-706,,11.0,Feminino,2021,Pública,Quartzo,5.8701964286,4.0,0.0,7.142857143,6.26,Não informado,3.25,3.0,3.5,,,,7.0,10.0,Fase 2 (5° e 6° ano),0,7.65625,2024,Pública,2,,,Sem risco,Baixo,Baixa,Médio,Baixo
RA-707,2G,2G,Aluno-707,,12.0,Feminino,2021,Pública,Ágata,6.4975618421,4.0,7.917,7.7236842105,4.375,Não informado,6.5,7.0,6.0,,,,6.415,5.0,Fase 3 (7° e 8° ano),-1,6.40625,2024,Pública,2,,,Risco moderado,Baixo,Baixa,Baixo,Baixo
RA-1044,2G,2G,Aluno-1044,,11.0,Feminino,2023,Pública,Ametista,7.9667119048,4.0,7.502,9.523809524,7.51,Não informado,7.0,7.0,7.0,,,,7.21,10.0,Fase 2 (5° e 6° ano),0,7.1875,2024,Pública,2,,,Sem risco,Alto,Baixa,Médio,Alto
RA-1054,2G,2G,Aluno-1054,,13.0,Masculino,2023,Pública,Ágata,6.9857885093,4.0,9.502,7.3291925465,7.51,Não informado,6.25,6.0,6.5,,,,6.75,5.0,Fase 3 (7° e 8° ano),-1,7.1875,2024,Pública,2,,,Risco moderado,Baixo,Alta,Médio,Médio
RA-721,2G,2G,Aluno-721,,10.0,Feminino,2021,Pública,Topázio,8.8986026915,4.0,9.002,9.5445134575,8.135,Não informado,8.25,9.0,7.5,,,,8.755,10.0,Fase 2 (5° e 6° ano),0,8.75,2024,Pública,2,,,Sem risco,Alto,Média,Alto,Alto
RA-1473,2G,2G,Aluno-1473,,13.0,Masculino,2024,Pública,Ágata,6.6893206005,4.0,9.502,8.4368530025,5.625,Não informado,5.25,6.0,4.5,,,,6.415,5.0,Fase 3 (7° e 8° ano),-1,6.5625,2024,Pública,2,,,Risco moderado,Médio,Alta,Baixo,Baixo
RA-735,2H,2H,Aluno-735,,12.0,Feminino,2021,Pública,Ametista,7.7888467391,4.0,8.002,9.7826086955,6.255,Não informado,8.0,8.0,8.0,,,,7.705,5.0,Fase 3 (7° e 8° ano),-1,7.65625,2024,Pública,2,,,Risco moderado,Alto,Baixa,Baixo,Alto
RA-712,2H,2H,Aluno-712,,13.0,Masculino,2021,Pública,Ágata,6.2236373706,4.0,7.502,5.983436853,5.625,Não informado,6.75,7.0,6.5,,,,6.04,5.0,Fase 3 (7° e 8° ano),-1,6.5625,2024,Pública,2,,,Risco moderado,Baixo,Baixa,Baixo,Baixo
RA-1103,2H,2H,Aluno-1103,,11.0,Masculino,2023,Pública,Ametista,7.861995031,4.0,8.502,7.763975155,7.51,Não informado,7.25,6.0,8.5,,,,7.54,10.0,Fase 2 (5° e 6° ano),0,7.5,2024,Pública,2,,,Sem risco,Baixo,Média,Médio,Alto
RA-570,2H,2H,Aluno-570,,12.0,Feminino,2021,Pública,Ágata,6.8133640787,4.0,8.002,8.0020703935,5.625,Não informado,6.75,6.0,7.5,,,,6.4075,5.0,Fase 3 (7° e 8° ano),-1,7.1875,2024,Pública,2,,,Risco moderado,Médio,Baixa,Baixo,Baixo
RA-713,2H,2H,Aluno-713,,11.0,Masculino,2021,Pública,Ametista,7.4675009834,4.0,8.002,7.525879917,7.51,Não informado,6.75,6.0,7.5,,,,6.79,10.0,Fase 2 (5° e 6° ano),0,7.03125,2024,Pública,2,,,Sem risco,Baixo,Baixa,Médio,Médio
RA-714,2H,2H,Aluno-714,,13.0,Masculino,2021,Pública,Quartzo,5.4653662008,4.0,0.0,6.873706004,6.255,Não informado,4.0,8.0,0.0,,,,6.9975,5.0,Fase 3 (7° e 8° ano),-1,7.65625,2024,Pública,2,,,Risco moderado,Baixo,Baixa,Baixo,Baixo
RA-737,2H,2H,Aluno-737,,11.0,Feminino,2022,Pública,Topázio,8.4695488613,4.0,8.502,8.6542443065,6.885,Não informado,9.25,9.0,9.5,,,,8.0,10.0,Fase 2 (5° e 6° ano),0,7.5,2024,Pública,2,,,Sem risco,Médio,Média,Médio,Alto
RA-1474,2H,2H,Aluno-1474,,11.0,Feminino,2024,Pública,Ametista,7.3842075052,4.0,8.002,7.960662526,5.625,Não informado,7.5,7.0,8.0,,,,6.2875,10.0,Fase 2 (5° e 6° ano),0,6.71875,2024,Pública,2,,,Sem risco,Médio,Baixa,Baixo,Médio
RA-1036,2H,2H,Aluno-1036,,12.0,Feminino,2023,Pública,Topázio,8.2841303831,4.0,10.002,9.0890269155,7.51,Não informado,7.0,7.0,7.0,,,,7.7475,10.0,Fase 2 (5° e 6° ano),0,7.65625,2024,Pública,2,,,Sem risco,Médio,Alta,Médio,Alto
RA-576,2H,2H,Aluno-576,,12.0,Feminino,2022,Pública,Topázio,8.93195,4.0,8.502,10.0,7.51,Não informado,9.25,9.0,9.5,,,,8.4975,10.0,Fase 2 (5° e 6° ano),0,7.8125,2024,Pública,2,,,Sem risco,Alto,Média,Médio,Alto
RA-577,2H,2H,Aluno-577,,12.0,Feminino,2022,Pública,Ágata,6.6291591097,4.0,8.502,5.7660455485,5.625,Não informado,8.0,7.0,9.0,,,,6.535,5.0,Fase 3 (7° e 8° ano),-1,6.5625,2024,Pública,2,,,Risco moderado,Baixo,Média,Baixo,Baixo
RA-580,2H,2H,Aluno-580,,12.0,Feminino,2021,Pública,Ametista,7.9281521222,4.0,9.002,8.871635611,7.51,Não informado,9.25,10.0,8.5,,,,7.2475,5.0,Fase 3 (7° e 8° ano),-1,7.03125,2024,Pública,2,,,Risco moderado,Médio,Média,Médio,Alto
RA-581,2H,2H,Aluno-581,,12.0,Masculino,2021,Pública,Ametista,7.0833015528,4.0,7.418,8.198757764,5.625,Não informado,8.75,8.0,9.5,,,,6.165,5.0,Fase 3 (7° e 8° ano),-1,6.5625,2024,Pública,2,,,Risco moderado,Médio,Baixa,Baixo,Médio
RA-841,2H,2H,Aluno-841,,12.0,Masculino,2022,Pública,Ágata,6.0357712243,4.0,10.002,6.3272311215,7.51,Não informado,3.25,4.0,2.5,,,,5.83,5.0,Fase 3 (7° e 8° ano),-1,7.03125,2024,Pública,2,,,Risco moderado,Baixo,Alta,Médio,Baixo
RA-730,2I,2I,Aluno-730,,11.0,Feminino,2021,Pública,Topázio,8.4692555557,3.0,8.002,7.152777778,6.885,Não informado,9.5,10.0,9.0,,,,8.666666667,10.0,Fase 2 (5° e 6° ano),0,9.166666667,2024,Pública,2,,,Sem risco,Baixo,Baixa,Médio,Alto
RA-855,2I,2I,Aluno-855,,10.0,Feminino,2022,Pública,Topázio,8.5785333334,3.0,9.002,10.0,7.51,Não informado,8.5,9.0,8.0,,,,7.386666667,10.0,Fase 2 (5° e 6° ano),0,7.5,2024,Pública,2,,,Sem risco,Alto,Média,Médio,Alto
RA-820,2I,2I,Aluno-820,,11.0,Masculino,2022,Pública,Ametista,7.4265725491,3.0,10.002,6.573529412,7.51,Não informado,6.25,6.0,6.5,,,,6.386666667,10.0,Fase 2 (5° e 6° ano),0,8.333333333,2024,Pública,2,,,Sem risco,Baixo,Alta,Médio,Médio
RA-715,2I,2I,Aluno-715,,11.0,Feminino,2022,Pública,Quartzo,5.3098253133,3.0,9.002,5.2506265665,3.755,Não informado,2.75,2.0,3.5,,,,4.67,10.0,Fase 2 (5° e 6° ano),0,5.0,2024,Pública,2,,,Sem risco,Baixo,Média,Baixo,Baixo
RA-1038,2I,2I,Aluno-1038,,11.0,Feminino,2023,Pública,Ametista,7.9646385965,3.0,8.002,7.5438596495,7.51,Não informado,8.5,10.0,7.0,,,,7.273333333,10.0,Fase 2 (5° e 6° ano),0,7.5,2024,Pública,2,,,Sem risco,Baixo,Baixa,Médio,Alto
RA-1475,2I,2I,Aluno-1475,,10.0,Feminino,2024,Pública,Ametista,7.4139017544,3.0,9.002,8.070175439,7.51,Não informado,5.0,7.0,3.0,,,,6.993333333,10.0,Fase 2 (5° e 6° ano),0,7.5,2024,Pública,2,,,Sem risco,Médio,Média,Médio,Médio
RA-1039,2I,2I,Aluno-1039,,13.0,Masculino,2023,Pública,Ametista,7.5496444444,3.0,8.002,9.722222222,7.51,Não informado,7.25,8.0,6.5,,,,6.77,5.0,Fase 3 (7° e 8° ano),-1,7.5,2024,Pública,2,,,Risco moderado,Alto,Baixa,Médio,Médio
RA-745,2I,2I,Aluno-745,,11.0,Masculino,2021,Privada - Programa de Apadrinhamento,Topázio,8.6102,3.0,9.002,10.0,6.26,Não informado,8.5,8.0,9.0,,,,8.17,10.0,Fase 2 (5° e 6° ano),0,7.5,2024,Privada,2,,,Sem risco,Alto,Média,Médio,Alto
RA-718,2I,2I,Aluno-718,,10.0,Feminino,2022,Pública,Topázio,8.7058111111,3.0,10.002,9.5138888885,5.635,Não informado,9.5,9.0,10.0,,,,7.946666667,10.0,Fase 1 (3° e 4° ano),1,7.5,2024,Pública,2,,,Sem risco,Alto,Alta,Baixo,Alto
RA-1040,2I,2I,Aluno-1040,,12.0,Masculino,2023,Pública,Ametista,7.7641999999,3.0,9.502,8.5416666665,7.51,Não informado,8.25,8.0,8.5,,,,7.273333333,5.0,Fase 3 (7° e 8° ano),-1,7.5,2024,Pública,2,,,Risco moderado,Médio,Alta,Médio,Médio
RA-746,2I,2I,Aluno-746,,10.0,Masculino,2022,Pública,Ametista,7.9033111111,3.0,8.502,7.4305555555,7.51,Não informado,8.0,8.0,8.0,,,,7.33,10.0,Fase 2 (5° e 6° ano),0,7.5,2024,Pública,2,,,Sem risco,Baixo,Média,Médio,Alto
RA-1069,2K,2K,Aluno-1069,,12.0,Masculino,2023,Pública,Ametista,7.6789173913,4.0,9.002,7.0760869565,7.51,Não informado,6.25,7.0,5.5,,,,7.75,10.0,Fase 2 (5° e 6° ano),0,8.125,2024,Pública,2,,,Sem risco,Baixo,Média,Médio,Médio
RA-1476,2K,2K,Aluno-1476,,11.0,Feminino,2024,Pública,Topázio,8.80795,4.0,9.502,10.0,5.635,Não informado,8.5,8.0,9.0,,,,8.7525,10.0,Fase 2 (5° e 6° ano),0,8.4375,2024,Pública,2,,,Sem risco,Alto,Alta,Baixo,Alto
RA-827,2K,2K,Aluno-827,,12.0,Feminino,2022,Pública,Topázio,8.2483467391,4.0,10.002,9.7826086955,5.01,Não informado,7.25,6.0,8.5,,,,7.875,10.0,Fase 2 (5° e 6° ano),0,7.65625,2024,Pública,2,,,Sem risco,Alto,Alta,Baixo,Alto
RA-1477,2K,2K,Aluno-1477,,11.0,Masculino,2024,Pública,Ametista,7.051498913,4.0,8.002,8.010869565,7.51,Não informado,5.0,5.0,5.0,,,,6.2875,10.0,Fase 2 (5° e 6° ano),0,6.40625,2024,Pública,2,,,Sem risco,Médio,Baixa,Médio,Médio
RA-762,2K,2K,Aluno-762,,14.0,Masculino,2022,Pública,Quartzo,5.9677326087,4.0,10.002,6.4239130435,6.26,Não informado,3.75,4.0,3.5,,,,5.7525,5.0,Fase 4 (9° ano),-2,6.5625,2024,Pública,2,,,Risco moderado,Baixo,Alta,Médio,Baixo
RA-778,2K,2K,Aluno-778,,11.0,Feminino,2021,Pública,Topázio,8.0754139589,4.0,10.002,8.1235697945,7.51,Não informado,7.0,5.0,9.0,,,,7.7475,10.0,Fase 2 (5° e 6° ano),0,7.5,2024,Pública,2,,,Sem risco,Médio,Alta,Médio,Alto
RA-591,2K,2K,Aluno-591,,13.0,Masculino,2021,Pública,Ágata,6.8360336957,4.0,7.418,7.9130434785,6.255,Não informado,7.5,6.0,9.0,,,,6.54,5.0,Fase 3 (7° e 8° ano),-1,5.78125,2024,Pública,2,,,Risco moderado,Médio,Baixa,Baixo,Baixo
RA-1478,2K,2K,Aluno-1478,,11.0,Masculino,2024,Pública,Ágata,6.7210333334,4.0,8.002,6.666666667,6.255,Não informado,4.25,4.0,4.5,,,,7.1225,10.0,Fase 2 (5° e 6° ano),0,6.875,2024,Pública,2,,,Sem risco,Baixo,Baixa,Baixo,Baixo
RA-829,2K,2K,Aluno-829,,10.0,Feminino,2022,Privada - Programa de Apadrinhamento,Topázio,9.171825,4.0,9.502,9.75,9.38,Não informado,8.0,6.0,10.0,,,,9.215,10.0,Fase 1 (3° e 4° ano),1,8.90625,2024,Privada,2,,,Sem risco,Alto,Alta,Alto,Alto
RA-1479,2K,2K,Aluno-1479,,12.0,Masculino,2024,Pública,Ágata,6.6157662393,4.0,8.502,6.1965811965,7.51,Não informado,4.25,4.0,4.5,,,,6.0325,10.0,Fase 2 (5° e 6° ano),0,7.1875,2024,Pública,2,,,Sem risco,Baixo,Média,Médio,Baixo
RA-1480,2K,2K,Aluno-1480,,12.0,Masculino,2024,Pública,Ametista,7.09445,4.0,8.502,8.875,7.51,Não informado,5.5,,5.5,,,,6.9975,5.0,Fase 3 (7° e 8° ano),-1,7.1875,2024,Pública,2,,,Risco moderado,Médio,Média,Médio,Médio
RA-438,2K,2K,Aluno-438,,12.0,Masculino,2022,Pública,Ametista,7.9302836957,4.0,9.168,8.6630434785,7.51,Não informado,8.25,7.0,9.5,,,,7.915,5.0,Fase 3 (7° e 8° ano),-1,7.96875,2024,Pública,2,,,Risco moderado,Médio,Alta,Médio,Alto
RA-607,2K,2K,Aluno-607,,12.0,Masculino,2022,Pública,Ametista,7.6486021739,4.0,8.502,7.4782608695,7.51,Não informado,7.0,7.0,7.0,,,,7.165,10.0,Fase 2 (5° e 6° ano),0,7.1875,2024,Pública,2,,,Sem risco,Baixo,Média,Médio,Médio
RA-1481,2K,2K,Aluno-1481,,12.0,Feminino,2024,Pública,Ágata,6.8607217391,4.0,8.502,8.7826086955,7.51,Não informado,4.75,4.0,5.5,,,,6.8275,5.0,Fase 3 (7° e 8° ano),-1,6.875,2024,Pública,2,,,Risco moderado,Médio,Média,Médio,Baixo
RA-1482,2K,2K,Aluno-1482,,14.0,Masculino,2024,Pública,Quartzo,5.2257,4.0,8.502,5.0,7.51,Não informado,0.0,0.0,0.0,,,,6.8725,5.0,Fase 3 (7° e 8° ano),-1,7.5,2024,Pública,2,,,Risco moderado,Baixo,Média,Médio,Baixo
RA-1483,2K,2K,Aluno-1483,,11.0,Masculino,2024,Pública,Ametista,7.3114336957,4.0,9.502,7.9130434785,7.51,Não informado,6.5,6.0,7.0,,,,5.7475,10.0,Fase 2 (5° e 6° ano),0,5.78125,2024,Pública,2,,,Sem risco,Médio,Alta,Médio,Médio
RA-1484,2L,2L,Aluno-1484,,14.0,Feminino,2024,Pública,Ametista,7.7542,3.0,9.002,10.0,6.26,Não informado,7.0,5.0,9.0,,,,7.89,5.0,Fase 3 (7° e 8° ano),-1,7.5,2024,Pública,2,,,Risco moderado,Alto,Média,Médio,Médio
RA-1485,2L,2L,Aluno-1485,,13.0,Masculino,2024,Pública,Ágata,6.7386875777,3.0,9.002,7.7432712215,5.625,Não informado,5.0,5.0,5.0,,,,7.386666667,5.0,Fase 3 (7° e 8° ano),-1,7.5,2024,Pública,2,,,Risco moderado,Baixo,Média,Baixo,Baixo
RA-1486,2L,2L,Aluno-1486,,11.0,Masculino,2024,Pública,Ágata,6.8654745099,3.0,8.002,5.431372549,6.26,Não informado,5.75,6.0,5.5,,,,7.056666667,10.0,Fase 2 (5° e 6° ano),0,7.916666667,2024,Pública,2,,,Sem risco,Baixo,Baixa,Médio,Baixo
RA-597,2L,2L,Aluno-597,,11.0,Masculino,2022,Pública,Ametista,7.8432910973,3.0,9.002,9.3271221535,7.51,Não informado,6.0,5.0,7.0,,,,6.883333333,10.0,Fase 2 (5° e 6° ano),0,7.5,2024,Pública,2,,,Sem risco,Alto,Média,Médio,Alto
RA-624,2L,2L,Aluno-624,,12.0,Masculino,2022,Pública,Ametista,7.2294256729,3.0,8.002,8.219461698,7.51,Não informado,4.0,8.0,0.0,,,,7.213333333,10.0,Fase 2 (5° e 6° ano),0,7.916666667,2024,Pública,2,,,Sem risco,Médio,Baixa,Médio,Médio
RA-1487,2L,2L,Aluno-1487,,13.0,Feminino,2024,Pública,Topázio,8.0267434782,3.0,10.002,9.5652173915,6.26,Não informado,8.25,7.0,9.5,,,,7.833333333,5.0,Fase 3 (7° e 8° ano),-1,7.708333333,2024,Pública,2,,,Risco moderado,Alto,Alta,Médio,Alto
RA-1488,2L,2L,Aluno-1488,,11.0,Feminino,2024,Pública,Ágata,6.7668935818,3.0,8.002,7.111801242,7.51,Não informado,3.5,7.0,0.0,,,,6.716666667,10.0,Fase 2 (5° e 6° ano),0,7.5,2024,Pública,2,,,Sem risco,Baixo,Baixa,Médio,Baixo
RA-1489,2L,2L,Aluno-1489,,12.0,Masculino,2024,Pública,Quartzo,5.9842289855,3.0,9.002,5.793478261,6.26,Não informado,5.0,5.0,5.0,,,,5.663333333,5.0,Fase 3 (7° e 8° ano),-1,6.666666667,2024,Pública,2,,,Risco moderado,Baixo,Média,Médio,Baixo
RA-600,2L,2L,Aluno-600,,11.0,Feminino,2021,Pública,Ametista,7.847373913,3.0,8.002,8.010869565,7.51,Não informado,7.5,8.0,7.0,,,,7.22,10.0,Fase 2 (5° e 6° ano),0,7.5,2024,Pública,2,,,Sem risco,Médio,Baixa,Médio,Alto
RA-663,2L,2L,Aluno-663,,12.0,Masculino,2022,Pública,Ágata,6.6964194617,3.0,8.502,7.0910973085,5.625,Não informado,6.5,6.0,7.0,,,,6.89,5.0,Fase 3 (7° e 8° ano),-1,6.875,2024,Pública,2,,,Risco moderado,Baixo,Média,Baixo,Baixo
RA-1490,2L,2L,Aluno-1490,,12.0,Feminino,2024,Privada,Ametista,7.3725768116,3.0,8.502,9.5652173915,6.26,Não informado,7.75,8.0,7.5,,,,6.333333333,5.0,Fase 3 (7° e 8° ano),-1,6.666666667,2024,Privada,2,,,Risco moderado,Alto,Média,Médio,Médio
RA-1491,2L,2L,Aluno-1491,,12.0,Masculino,2024,Pública,Ametista,7.5072,3.0,9.002,6.25,7.51,Não informado,6.5,6.0,7.0,,,,7.78,10.0,Fase 2 (5° e 6° ano),0,7.5,2024,Pública,2,,,Sem risco,Baixo,Média,Médio,Médio
RA-1066,2L,2L,Aluno-1066,,11.0,Feminino,2023,Pública,Ametista,7.9326223603,3.0,9.502,8.3954451345,6.26,Não informado,7.25,7.0,7.5,,,,7.386666667,10.0,Fase 2 (5° e 6° ano),0,7.5,2024,Pública,2,,,Sem risco,Médio,Alta,Médio,Alto
RA-630,2L,2L,Aluno-630,,11.0,Masculino,2022,Pública,Ágata,6.8799855073,3.0,0.0,8.4782608695,7.51,Não informado,5.75,6.0,5.5,,,,7.666666667,10.0,Fase 2 (5° e 6° ano),0,7.5,2024,Pública,2,,,Sem risco,Médio,Baixa,Médio,Baixo
RA-1492,2L,2L,Aluno-1492,,9.0,Masculino,2024,Pública,Topázio,8.4790205129,3.0,8.002,8.8141025645,7.51,Não informado,8.0,6.0,10.0,,,,8.45,10.0,Fase 1 (3° e 4° ano),1,8.75,2024,Pública,2,,,Sem risco,Médio,Baixa,Médio,Alto
RA-834,2L,2L,Aluno-834,,11.0,Masculino,2022,Pública,Topázio,8.5136461697,3.0,8.002,9.109730849,6.26,Não informado,8.75,9.0,8.5,,,,8.723333333,10.0,Fase 2 (5° e 6° ano),0,7.708333333,2024,Pública,2,,,Sem risco,Médio,Baixa,Médio,Alto
RA-784,2M,2M,Aluno-784,,11.0,Feminino,2022,Privada - Programa de Apadrinhamento,Topázio,8.8857454545,3.0,8.002,9.7727272725,5.635,Não informado,8.75,8.0,9.5,,,,9.4,10.0,Fase 2 (5° e 6° ano),0,9.375,2024,Privada,2,,,Sem risco,Alto,Baixa,Baixo,Alto
RA-1059,2M,2M,Aluno-1059,,11.0,Masculino,2023,Pública,Topázio,8.67845,3.0,8.002,10.0,6.26,Não informado,7.5,7.5,7.5,,,,9.23,10.0,Fase 2 (5° e 6° ano),0,9.0625,2024,Pública,2,,,Sem risco,Alto,Baixa,Médio,Alto
RA-612,2M,2M,Aluno-612,,12.0,Feminino,2021,Privada - Programa de Apadrinhamento,Topázio,9.1340409091,3.0,8.002,9.5454545455,6.26,Não informado,9.75,9.5,10.0,,,,9.4,10.0,Fase 2 (5° e 6° ano),0,9.6875,2024,Privada,2,,,Sem risco,Alto,Baixa,Médio,Alto
RA-1060,2M,2M,Aluno-1060,,12.0,Masculino,2023,Pública,Ágata,6.4484166666,3.0,9.585,6.0,6.26,Não informado,3.25,3.5,3.0,,,,6.163333333,10.0,Fase 2 (5° e 6° ano),0,7.8125,2024,Pública,2,,,Sem risco,Baixo,Alta,Médio,Baixo
RA-761,2M,2M,Aluno-761,,11.0,Masculino,2022,Pública,Topázio,8.1745939393,3.0,8.502,8.8636363635,6.26,Não informado,7.25,8.0,6.5,,,,8.003333333,10.0,Fase 2 (5° e 6° ano),0,8.75,2024,Pública,2,,,Sem risco,Médio,Média,Médio,Alto
RA-1493,2M,2M,Aluno-1493,,12.0,Masculino,2024,Pública,Ágata,6.3786613239,3.0,8.502,7.8468899525,7.51,Não informado,4.0,3.5,4.5,,,,5.946666667,5.0,Fase 3 (7° e 8° ano),-1,7.1875,2024,Pública,2,,,Risco moderado,Médio,Média,Médio,Baixo
RA-665,2M,2M,Aluno-665,,12.0,Feminino,2022,Pública,Quartzo,5.6987030302,3.0,8.334,5.068181818,5.63,Não informado,4.75,3.0,6.5,,,,5.443333333,5.0,Fase 3 (7° e 8° ano),-1,7.5,2024,Pública,2,,,Risco moderado,Baixo,Média,Baixo,Baixo
RA-1115,2M,2M,Aluno-1115,,12.0,Feminino,2023,Pública,Ágata,6.5700686869,3.0,8.002,4.2676767675,7.51,Não informado,6.25,6.5,6.0,,,,5.826666667,10.0,Fase 2 (5° e 6° ano),0,7.5,2024,Pública,2,,,Sem risco,Baixo,Baixa,Médio,Baixo
RA-1061,2M,2M,Aluno-1061,,11.0,Masculino,2023,Pública,Topázio,8.76595,3.0,8.502,10.0,6.26,Não informado,8.5,7.0,10.0,,,,8.73,10.0,Fase 2 (5° e 6° ano),0,8.4375,2024,Pública,2,,,Sem risco,Alto,Média,Médio,Alto
RA-1494,2M,2M,Aluno-1494,,11.0,Feminino,2024,Pública,Quartzo,5.8748823529,3.0,0.0,6.7794117645,7.51,Não informado,4.25,8.5,0.0,,,,5.84,10.0,Fase 2 (5° e 6° ano),0,7.5,2024,Pública,2,,,Sem risco,Baixo,Baixa,Médio,Baixo
RA-1495,2M,2M,Aluno-1495,,11.0,Feminino,2021,Pública,Topázio,8.4845030302,3.0,9.002,8.318181818,7.51,Não informado,8.25,8.5,8.0,,,,8.223333333,10.0,Fase 2 (5° e 6° ano),0,8.75,2024,Pública,2,,,Sem risco,Médio,Média,Médio,Alto
RA-606,2M,2M,Aluno-606,,11.0,Masculino,2022,Pública,Ágata,6.6452606061,3.0,8.502,7.6136363635,6.885,Não informado,3.25,3.5,3.0,,,,5.606666667,10.0,Fase 2 (5° e 6° ano),0,8.125,2024,Pública,2,,,Sem risco,Baixo,Média,Médio,Baixo
RA-594,2M,2M,Aluno-594,,12.0,Masculino,2022,Pública,Ágata,6.8909666666,3.0,6.918,5.75,6.26,Não informado,7.0,6.5,7.5,,,,6.053333333,10.0,Fase 2 (5° e 6° ano),0,8.125,2024,Pública,2,,,Sem risco,Baixo,Baixa,Médio,Baixo
RA-1496,2M,2M,Aluno-1496,,12.0,Feminino,2024,Pública,Ágata,6.7799738095,3.0,9.002,5.7142857145,7.51,Não informado,4.25,2.5,6.0,,,,6.773333333,10.0,Fase 2 (5° e 6° ano),0,7.8125,2024,Pública,2,,,Sem risco,Baixo,Média,Médio,Baixo
RA-1497,2M,2M,Aluno-1497,,12.0,Feminino,2024,Pública,Quartzo,5.2423787879,3.0,0.0,5.0227272725,7.51,Não informado,2.0,4.0,0.0,,,,6.996666667,10.0,Fase 2 (5° e 6° ano),0,6.875,2024,Pública,2,,,Sem risco,Baixo,Baixa,Médio,Baixo
RA-1498,2M,2M,Aluno-1498,,13.0,Feminino,2024,Pública,Ametista,7.1478818182,3.0,8.502,7.840909091,7.51,Não informado,7.0,5.0,9.0,,,,6.33,5.0,Fase 3 (7° e 8° ano),-1,8.125,2024,Pública,2,,,Risco moderado,Médio,Média,Médio,Médio
RA-1499,2N,2N,Aluno-1499,,12.0,Feminino,2024,Pública,Ametista,7.9148,3.0,8.418,9.25,6.885,Não informado,6.5,6.0,7.0,,,,7.11,10.0,Fase 2 (5° e 6° ano),0,8.125,2024,Pública,2,,,Sem risco,Alto,Média,Médio,Alto
RA-788,2N,2N,Aluno-788,,10.0,Masculino,2021,Privada - Programa de Apadrinhamento,Ametista,7.9221068268,3.0,8.418,9.519450801,6.26,Não informado,5.75,4.0,7.5,,,,7.783333333,10.0,Fase 2 (5° e 6° ano),0,8.4375,2024,Privada,2,,,Sem risco,Alto,Média,Médio,Alto
RA-1500,2N,2N,Aluno-1500,,11.0,Masculino,2024,Pública,Ametista,7.3604500001,3.0,9.502,8.3333333335,6.885,Não informado,3.5,2.0,5.0,,,,7.556666667,10.0,Fase 2 (5° e 6° ano),0,8.4375,2024,Pública,2,,,Sem risco,Médio,Alta,Médio,Médio
RA-777,2N,2N,Aluno-777,,10.0,Feminino,2022,Pública,Ametista,7.5635154081,3.0,8.002,8.7757437075,7.51,Não informado,4.5,3.5,5.5,,,,7.723333333,10.0,Fase 2 (5° e 6° ano),0,8.125,2024,Pública,2,,,Sem risco,Médio,Baixa,Médio,Médio
RA-1063,2N,2N,Aluno-1063,,12.0,Masculino,2023,Pública,Ametista,7.27925,3.0,5.25,9.75,7.51,Não informado,7.75,9.0,6.5,,,,6.11,5.0,Fase 3 (7° e 8° ano),-1,7.8125,2024,Pública,2,,,Risco moderado,Alto,Baixa,Médio,Médio
RA-664,2N,2N,Aluno-664,,12.0,Feminino,2022,Pública,Ametista,7.5017244089,3.0,9.002,6.7734553775,7.51,Não informado,5.75,3.0,8.5,,,,7.666666667,10.0,Fase 2 (5° e 6° ano),0,8.125,2024,Pública,2,,,Sem risco,Baixo,Média,Médio,Médio
RA-1501,2N,2N,Aluno-1501,,11.0,Feminino,2024,Pública,Topázio,8.04495,3.0,9.502,10.0,7.51,Não informado,5.0,4.5,5.5,,,,7.5,10.0,Fase 2 (5° e 6° ano),0,8.4375,2024,Pública,2,,,Sem risco,Alto,Alta,Médio,Alto
RA-764,2N,2N,Aluno-764,,10.0,Masculino,2022,Privada,Ametista,7.8383702899,3.0,8.002,7.8804347825,7.51,Não informado,6.0,3.0,9.0,,,,8.336666667,10.0,Fase 2 (5° e 6° ano),0,8.4375,2024,Privada,2,,,Sem risco,Médio,Baixa,Médio,Alto
RA-1064,2N,2N,Aluno-1064,,11.0,Masculino,2023,Pública,Topázio,8.9802350877,3.0,9.502,9.7368421055,7.51,Não informado,8.5,8.0,9.0,,,,8.783333333,10.0,Fase 2 (5° e 6° ano),0,8.75,2024,Pública,2,,,Sem risco,Alto,Alta,Médio,Alto
RA-1065,2N,2N,Aluno-1065,,11.0,Feminino,2023,Pública,Topázio,8.8634934783,3.0,9.502,8.8152173915,6.26,Não informado,9.25,9.0,9.5,,,,8.84,10.0,Fase 2 (5° e 6° ano),0,9.0625,2024,Pública,2,,,Sem risco,Médio,Alta,Médio,Alto
RA-1502,2N,2N,Aluno-1502,,12.0,Feminino,2024,Pública,Ágata,6.8860910256,3.0,8.002,7.628205128,7.51,Não informado,5.25,3.5,7.0,,,,7.39,5.0,Fase 3 (7° e 8° ano),-1,7.8125,2024,Pública,2,,,Risco moderado,Baixo,Baixa,Médio,Baixo
RA-781,2N,2N,Aluno-781,,11.0,Feminino,2021,Pública,Topázio,8.4962833334,3.0,8.002,9.75,7.51,Não informado,7.25,5.0,9.5,,,,8.506666667,10.0,Fase 2 (5° e 6° ano),0,8.4375,2024,Pública,2,,,Sem risco,Alto,Baixa,Médio,Alto
RA-608,2N,2N,Aluno-608,,11.0,Masculino,2022,Pública,Quartzo,5.7789862318,3.0,9.002,3.054347826,6.885,Não informado,4.25,5.0,3.5,,,,5.053333333,10.0,Fase 2 (5° e 6° ano),0,7.1875,2024,Pública,2,,,Sem risco,Baixo,Média,Médio,Baixo
RA-796,2P,2P,Aluno-796,,12.0,Feminino,2022,Pública,Ametista,7.0524577032,3.0,8.502,8.2212885155,7.51,Não informado,5.25,3.0,7.5,,,,7.326666667,5.0,Fase 3 (7° e 8° ano),-1,7.916666667,2024,Pública,2,,,Risco moderado,Médio,Média,Médio,Médio
RA-797,2P,2P,Aluno-797,,12.0,Masculino,2021,Pública,Ágata,6.5973151515,3.0,9.168,4.840909091,7.51,Não informado,7.25,8.0,6.5,,,,6.723333333,5.0,Fase 3 (7° e 8° ano),-1,6.666666667,2024,Pública,2,,,Risco moderado,Baixo,Alta,Médio,Baixo
RA-636,2P,2P,Aluno-636,,12.0,Masculino,2022,Pública,Ágata,6.3802279106,3.0,8.002,4.90430622,7.51,Não informado,5.25,4.0,6.5,,,,5.553333333,10.0,Fase 2 (5° e 6° ano),0,6.875,2024,Pública,2,,,Sem risco,Baixo,Baixa,Médio,Baixo
RA-1140,2P,2P,Aluno-1140,,12.0,Feminino,2023,Pública,Ametista,7.3473880383,3.0,6.834,6.1124401915,7.51,Não informado,7.0,4.5,9.5,,,,7.39,10.0,Fase 2 (5° e 6° ano),0,8.125,2024,Pública,2,,,Sem risco,Baixo,Baixa,Médio,Médio
RA-1503,2P,2P,Aluno-1503,,13.0,Feminino,2024,Pública,Ágata,6.9916999999,3.0,7.502,10.0,7.51,Não informado,2.75,3.0,2.5,,,,7.723333333,5.0,Fase 3 (7° e 8° ano),-1,8.958333333,2024,Pública,2,,,Risco moderado,Alto,Baixa,Médio,Médio
RA-814,2P,2P,Aluno-814,,11.0,Masculino,2022,Pública,Ametista,7.9716484848,3.0,7.418,9.090909091,7.51,Não informado,7.5,8.0,7.0,,,,7.053333333,10.0,Fase 2 (5° e 6° ano),0,7.5,2024,Pública,2,,,Sem risco,Médio,Baixa,Médio,Alto
RA-637,2P,2P,Aluno-637,,12.0,Feminino,2021,Pública,Ametista,7.6853212122,3.0,7.502,6.2272727275,7.51,Não informado,7.75,6.5,9.0,,,,7.776666667,10.0,Fase 2 (5° e 6° ano),0,8.333333333,2024,Pública,2,,,Sem risco,Baixo,Baixa,Médio,Médio
RA-652,2P,2P,Aluno-652,,11.0,Feminino,2022,Pública,Ametista,7.3618969697,3.0,8.002,6.931818182,7.51,Não informado,5.5,4.5,6.5,,,,7.663333333,10.0,Fase 2 (5° e 6° ano),0,7.916666667,2024,Pública,2,,,Sem risco,Baixo,Baixa,Médio,Médio
RA-816,2P,2P,Aluno-816,,11.0,Feminino,2022,Privada - Programa de Apadrinhamento,Topázio,8.9297454546,3.0,7.002,9.7727272725,7.51,Não informado,9.25,8.5,10.0,,,,8.786666667,10.0,Fase 2 (5° e 6° ano),0,9.166666667,2024,Privada,2,,,Sem risco,Alto,Baixa,Médio,Alto
RA-1504,2P,2P,Aluno-1504,,12.0,Feminino,2024,Pública,Ágata,6.057060606,3.0,7.5,4.6136363635,5.63,Não informado,6.75,5.0,8.5,,,,6.94,5.0,Fase 3 (7° e 8° ano),-1,5.833333333,2024,Pública,2,,,Risco moderado,Baixo,Baixa,Baixo,Baixo
RA-638,2P,2P,Aluno-638,,11.0,Feminino,2021,Pública,Ágata,6.7464878789,3.0,8.502,5.7272727275,7.51,Não informado,5.0,4.0,6.0,,,,5.936666667,10.0,Fase 2 (5° e 6° ano),0,8.125,2024,Pública,2,,,Sem risco,Baixo,Média,Médio,Baixo
RA-1505,2P,2P,Aluno-1505,,13.0,Masculino,2024,Pública,Ágata,6.7199171717,3.0,9.502,7.5252525255,7.51,Não informado,3.75,3.0,4.5,,,,6.943333333,5.0,Fase 3 (7° e 8° ano),-1,8.75,2024,Pública,2,,,Risco moderado,Baixo,Alta,Médio,Baixo
RA-643,2P,2P,Aluno-643,,12.0,Masculino,2022,Pública,Ágata,6.4022390751,3.0,9.002,6.8660287085,7.51,Não informado,4.5,3.0,6.0,,,,5.826666667,5.0,Fase 3 (7° e 8° ano),-1,8.125,2024,Pública,2,,,Risco moderado,Baixo,Média,Médio,Baixo
RA-645,2P,2P,Aluno-645,,12.0,Feminino,2022,Pública,Ametista,7.502239394,3.0,7.418,8.3863636365,7.51,Não informado,5.25,3.0,7.5,,,,7.556666667,10.0,Fase 2 (5° e 6° ano),0,7.708333333,2024,Pública,2,,,Sem risco,Médio,Baixa,Médio,Médio
RA-1068,2R,2R,Aluno-1068,,11.0,Masculino,2023,Pública,Topázio,9.0150030303,3.0,9.502,9.068181818,7.51,Não informado,9.5,9.0,10.0,,,,8.73,10.0,Fase 2 (5° e 6° ano),0,8.541666667,2024,Pública,2,,,Sem risco,Médio,Alta,Médio,Alto
RA-798,2R,2R,Aluno-798,,12.0,Masculino,2022,Pública,Quartzo,4.6743653679,3.0,6.834,3.5064935065,7.51,Não informado,4.75,4.0,5.5,,,,2.943333333,5.0,Fase 3 (7° e 8° ano),-1,5.0,2024,Pública,2,,,Risco moderado,Baixo,Baixa,Médio,Baixo
RA-799,2R,2R,Aluno-799,,11.0,Feminino,2022,Pública,Ametista,7.7026484849,3.0,7.918,9.090909091,7.51,Não informado,5.25,5.0,5.5,,,,7.5,10.0,Fase 2 (5° e 6° ano),0,7.916666667,2024,Pública,2,,,Sem risco,Médio,Baixa,Médio,Médio
RA-1506,2R,2R,Aluno-1506,,11.0,Feminino,2024,Pública,Ametista,7.1518558442,3.0,8.002,8.3874458875,7.51,Não informado,3.5,0.0,7.0,,,,7.886666667,10.0,Fase 2 (5° e 6° ano),0,6.458333333,2024,Pública,2,,,Sem risco,Médio,Baixa,Médio,Médio
RA-802,2R,2R,Aluno-802,,11.0,Masculino,2021,Pública,Ametista,7.8317974025,3.0,7.502,7.012987013,7.51,Não informado,8.75,9.0,8.5,,,,6.723333333,10.0,Fase 2 (5° e 6° ano),0,8.333333333,2024,Pública,2,,,Sem risco,Baixo,Baixa,Médio,Alto
RA-1507,2R,2R,Aluno-1507,,12.0,Masculino,2024,Pública,Quartzo,5.0460770563,3.0,6.918,4.448051948,7.51,Não informado,5.0,5.0,5.0,,,,3.776666667,5.0,Fase 3 (7° e 8° ano),-1,4.583333333,2024,Pública,2,,,Risco moderado,Baixo,Baixa,Médio,Baixo
RA-1071,2R,2R,Aluno-1071,,12.0,Masculino,2023,Pública,Quartzo,4.8048623378,3.0,8.002,4.1883116885,7.51,Não informado,4.5,4.0,5.0,,,,2.996666667,5.0,Fase 3 (7° e 8° ano),-1,4.166666667,2024,Pública,2,,,Risco moderado,Baixo,Baixa,Médio,Baixo
RA-1508,2R,2R,Aluno-1508,,10.0,Feminino,2024,Pública,Topázio,8.1804207793,3.0,7.502,7.2294372295,7.51,Não informado,9.25,10.0,8.5,,,,8.166666667,10.0,Fase 2 (5° e 6° ano),0,7.5,2024,Pública,2,,,Sem risco,Baixo,Baixa,Médio,Alto
RA-1509,2R,2R,Aluno-1509,,11.0,Masculino,2024,Pública,Ametista,7.5602303032,3.0,8.502,6.5151515155,7.51,Não informado,7.5,7.0,8.0,,,,7.446666667,10.0,Fase 2 (5° e 6° ano),0,6.666666667,2024,Pública,2,,,Sem risco,Baixo,Média,Médio,Médio
RA-1510,2R,2R,Aluno-1510,,11.0,Feminino,2024,Pública,Topázio,9.4647454544,3.0,10.002,9.7727272725,7.51,Não informado,10.0,10.0,10.0,,,,9.003333333,10.0,Fase 2 (5° e 6° ano),0,9.583333333,2024,Pública,2,,,Sem risco,Alto,Alta,Médio,Alto
RA-785,2U,2U,Aluno-785,,11.0,Feminino,2022,Pública,Topázio,9.1548666666,3.0,9.502,10.0,7.51,Não informado,9.0,8.0,10.0,,,,8.893333333,10.0,Fase 2 (5° e 6° ano),0,8.75,2024,Pública,2,,,Sem risco,Alto,Alta,Médio,Alto
RA-1511,2U,2U,Aluno-1511,,11.0,Feminino,2024,Pública,Topázio,8.9217077641,3.0,10.002,9.3271221535,7.51,Não informado,8.75,8.0,9.5,,,,8.556666667,10.0,Fase 2 (5° e 6° ano),0,8.4375,2024,Pública,2,,,Sem risco,Alto,Alta,Médio,Alto
RA-752,2U,2U,Aluno-752,,12.0,Feminino,2022,Pública,Ágata,6.57279265,3.0,9.502,7.525879917,7.51,Não informado,5.75,7.0,4.5,,,,5.613333333,5.0,Fase 3 (7° e 8° ano),-1,5.9375,2024,Pública,2,,,Risco moderado,Baixo,Alta,Médio,Baixo
RA-790,2U,2U,Aluno-790,,13.0,Masculino,2022,Pública,Ágata,6.8089355072,3.0,7.502,6.811594203,7.51,Não informado,6.75,4.0,9.5,,,,6.883333333,5.0,Fase 3 (7° e 8° ano),-1,7.1875,2024,Pública,2,,,Risco moderado,Baixo,Baixa,Médio,Baixo
RA-590,2U,2U,Aluno-590,,12.0,Feminino,2021,Privada,Ágata,6.7123780538,3.0,8.002,8.457556936,6.26,Não informado,4.0,8.0,0.0,,,,7.723333333,5.0,Fase 3 (7° e 8° ano),-1,7.5,2024,Privada,2,,,Risco moderado,Médio,Baixa,Médio,Baixo
RA-1512,2U,2U,Aluno-1512,,10.0,Feminino,2024,Pública,Topázio,8.10445,3.0,9.502,10.0,7.51,Não informado,5.5,7.0,4.0,,,,7.61,10.0,Fase 2 (5° e 6° ano),0,7.8125,2024,Pública,2,,,Sem risco,Alto,Alta,Médio,Alto
RA-472,2U,2U,Aluno-472,,14.0,Feminino,2022,Pública,Ágata,6.6397610766,3.0,7.502,7.48447205,7.51,Não informado,6.25,4.0,8.5,,,,6.333333333,5.0,Fase 3 (7° e 8° ano),-1,6.25,2024,Pública,2,,,Risco moderado,Baixo,Baixa,Médio,Baixo
RA-628,2U,2U,Aluno-628,,13.0,Masculino,2022,Pública,Topázio,8.2366166666,3.0,9.002,10.0,7.51,Não informado,9.0,8.0,10.0,,,,7.833333333,5.0,Fase 3 (7° e 8° ano),-1,7.1875,2024,Pública,2,,,Risco moderado,Alto,Média,Médio,Alto
RA-1513,2U,2U,Aluno-1513,,12.0,Feminino,2024,Pública,Ágata,6.5509171717,3.0,8.502,7.5252525255,7.51,Não informado,3.75,4.0,3.5,,,,7.223333333,5.0,Fase 3 (7° e 8° ano),-1,7.5,2024,Pública,2,,,Risco moderado,Baixo,Média,Médio,Baixo
RA-1514,2U,2U,Aluno-1514,,12.0,Feminino,2024,Pública,Ametista,7.5205762626,3.0,9.002,7.97979798,7.51,Não informado,5.5,5.0,6.0,,,,7.273333333,10.0,Fase 2 (5° e 6° ano),0,7.1875,2024,Pública,2,,,Sem risco,Médio,Média,Médio,Médio
RA-629,2U,2U,Aluno-629,,11.0,Feminino,2022,Pública,Topázio,8.0612952382,3.0,10.002,9.523809524,7.51,Não informado,6.0,6.0,6.0,,,,7.276666667,10.0,Fase 2 (5° e 6° ano),0,7.5,2024,Pública,2,,,Sem risco,Alto,Alta,Médio,Alto
RA-832,2U,2U,Aluno-832,,11.0,Masculino,2022,Pública,Topázio,8.2403304348,3.0,9.002,8.695652174,7.51,Não informado,8.0,7.0,9.0,,,,7.5,10.0,Fase 2 (5° e 6° ano),0,7.5,2024,Pública,2,,,Sem risco,Médio,Média,Médio,Alto
RA-1515,2U,2U,Aluno-1515,,12.0,Feminino,2024,Pública,Quartzo,5.8321333333,3.0,6.418,6.6666666665,6.255,Não informado,3.5,6.0,1.0,,,,6.72,5.0,Fase 3 (7° e 8° ano),-1,6.875,2024,Pública,2,,,Risco moderado,Baixo,Baixa,Baixo,Baixo
RA-833,2U,2U,Aluno-833,,11.0,Masculino,2022,Pública,Topázio,8.5184577641,3.0,9.002,9.3271221535,7.51,Não informado,8.0,9.0,7.0,,,,7.946666667,10.0,Fase 2 (5° e 6° ano),0,8.125,2024,Pública,2,,,Sem risco,Alto,Média,Médio,Alto
RA-819,2U,2U,Aluno-819,,10.0,Masculino,2022,Pública,Topázio,8.6525524844,3.0,10.002,7.784679089,7.51,Não informado,9.0,8.0,10.0,,,,8.503333333,10.0,Fase 1 (3° e 4° ano),1,8.4375,2024,Pública,2,,,Sem risco,Baixo,Alta,Médio,Alto
RA-1073,3A,3A,Aluno-1073,,13.0,Feminino,2022,Pública,Ametista,7.08599457733333,4.0,9.168,6.37097288666667,7.5,Não informado,6.5,6.5,5.0,8.0,,,5.7875,10.0,Fase 3 (7° e 8° ano),0,6.875,2024,Pública,3,,,Sem risco,Baixo,Alta,Médio,Médio
RA-494,3A,3A,Aluno-494,,13.0,Feminino,2022,Privada,Ametista,7.92228132833333,4.0,7.5,7.32932330833333,8.755,Não informado,6.33333333333333,6.0,5.5,7.5,,,8.915,10.0,Fase 3 (7° e 8° ano),0,7.8125,2024,Privada,3,,,Sem risco,Baixo,Baixa,Alto,Alto
RA-484,3A,3A,Aluno-484,,13.0,Masculino,2022,Pública,Quartzo,3.83547765733333,4.0,8.334,3.91413828666667,2.51,Não informado,0.0,0.0,0.0,0.0,,,3.1225,10.0,Fase 3 (7° e 8° ano),0,3.4375,2024,Pública,3,,,Sem risco,Baixo,Média,Baixo,Baixo
RA-496,3A,3A,Aluno-496,,13.0,Masculino,2021,Privada,Ágata,6.72660750773333,4.0,10.002,5.315995872,6.255,Não informado,5.66666666666667,5.0,4.5,7.5,,,6.1625,10.0,Fase 3 (7° e 8° ano),0,6.71875,2024,Privada,3,,,Sem risco,Baixo,Alta,Baixo,Baixo
RA-1516,3A,3A,Aluno-1516,,13.0,Feminino,2024,Privada,Ametista,7.21706603313333,4.0,9.585,5.404288499,9.38,Não informado,4.66666666666667,0.0,5.0,9.0,,,7.5475,10.0,Fase 3 (7° e 8° ano),3,7.96875,2024,Privada,3,,,Sem risco,Baixo,Alta,Alto,Médio
RA-1143,3A,3A,Aluno-1143,,16.0,Feminino,2021,Pública,Quartzo,5.88122566833333,4.0,9.585,5.201336675,9.38,Não informado,3.16666666666667,3.0,6.5,0.0,,,6.79,2.5,Fase 6 (2° EM),-3,7.03125,2024,Pública,3,,,Alto risco,Baixo,Alta,Alto,Baixo
RA-1517,3A,3A,Aluno-1517,,15.0,Masculino,2024,Pública,Ágata,6.24074444446667,4.0,9.168,4.30555555566667,9.38,Não informado,4.66666666666667,5.0,4.5,4.5,,,6.7075,5.0,Fase 4 (9° ano),-1,7.5,2024,Pública,3,,,Risco moderado,Baixo,Alta,Alto,Baixo
RA-1518,3A,3A,Aluno-1518,,15.0,Feminino,2022,Pública,Quartzo,5.72138214286667,4.0,7.084,5.71428571433333,9.38,Não informado,1.75,0.0,3.5,,,,6.5825,5.0,Fase 4 (9° ano),-1,7.65625,2024,Pública,3,,,Risco moderado,Baixo,Baixa,Alto,Baixo
RA-227,3A,3A,Aluno-227,,13.0,Masculino,2022,Pública,Topázio,8.07401545533334,4.0,9.585,8.09757727666667,9.38,Não informado,6.5,4.0,6.0,9.5,,,7.54,10.0,Fase 3 (7° e 8° ano),0,7.5,2024,Pública,3,,,Sem risco,Médio,Alta,Alto,Alto
RA-487,3A,3A,Aluno-487,,12.0,Feminino,2021,Privada - Programa de Apadrinhamento,Topázio,9.4171373016,4.0,9.168,9.44126984133333,9.38,Não informado,9.66666666666667,10.0,9.0,10.0,,,9.1725,10.0,Fase 3 (7° e 8° ano),0,9.0625,2024,Privada,3,,,Sem risco,Alto,Alta,Alto,Alto
RA-1076,3A,3A,Aluno-1076,,13.0,Feminino,2021,Pública,Ametista,7.4795983652,4.0,8.334,7.77703349266667,8.125,Não informado,6.33333333333333,5.5,6.5,7.0,,,6.5425,10.0,Fase 3 (7° e 8° ano),0,7.03125,2024,Pública,3,,,Sem risco,Baixo,Média,Alto,Médio
RA-1084,3A,3A,Aluno-1084,,12.0,Feminino,2023,Pública,Ágata,6.90711096493333,4.0,8.751,7.705263158,5.63,Não informado,3.66666666666667,1.0,6.0,4.0,,,7.4575,10.0,Fase 3 (7° e 8° ano),0,7.03125,2024,Pública,3,,,Sem risco,Baixo,Média,Baixo,Baixo
RA-1519,3A,3A,Aluno-1519,,15.0,Masculino,2024,,Ametista,7.2102221178,4.0,9.585,5.56090225566667,8.755,Não informado,4.83333333333333,0.0,6.5,8.0,,,7.5025,10.0,Fase 3 (7° e 8° ano),3,7.96875,2024,Não informado,3,,,Sem risco,Baixo,Alta,Alto,Médio
RA-490,3A,3A,Aluno-490,,12.0,Feminino,2022,Privada,Ametista,7.36808429026667,4.0,9.168,5.51100478466667,8.755,Não informado,6.16666666666667,5.5,6.0,7.0,,,7.295,10.0,Fase 2 (5° e 6° ano),1,7.8125,2024,Privada,3,,,Sem risco,Baixo,Alta,Alto,Médio
RA-346,3A,3A,Aluno-346,,12.0,Masculino,2022,Pública,Ametista,7.7617496032,4.0,10.002,9.14920634933333,2.51,Não informado,6.16666666666667,6.0,4.5,8.0,,,8.2525,10.0,Fase 3 (7° e 8° ano),0,7.96875,2024,Pública,3,,,Sem risco,Alto,Alta,Baixo,Médio
RA-546,3B,3B,Aluno-546,,13.0,Feminino,2021,Pública,Quartzo,5.70242601006667,4.0,5.832,3.78383838366667,8.135,Não informado,4.66666666666667,0.0,4.0,10.0,,,5.5,10.0,Fase 3 (7° e 8° ano),0,5.15625,2024,Pública,3,,,Sem risco,Baixo,Baixa,Alto,Baixo
RA-1087,3B,3B,Aluno-1087,,13.0,Feminino,2023,Pública,Ágata,6.913936532,4.0,7.917,8.39326599333333,8.755,Não informado,2.66666666666667,2.0,5.0,1.0,,,6.58,10.0,Fase 3 (7° e 8° ano),0,7.1875,2024,Pública,3,,,Sem risco,Médio,Baixa,Alto,Baixo
RA-493,3B,3B,Aluno-493,,11.0,Feminino,2021,Pública,Ametista,7.464325,4.0,10.002,8.93333333333333,10.0,Não informado,3.16666666666667,3.0,4.0,2.5,,,6.705,10.0,Fase 2 (5° e 6° ano),1,7.03125,2024,Pública,3,,,Sem risco,Médio,Alta,Alto,Médio
RA-1520,3B,3B,Aluno-1520,,14.0,Feminino,2024,Pública,Ametista,7.00264621213333,4.0,8.334,9.06060606066667,8.75,Não informado,3.75,4.0,3.5,,,,7.3325,5.0,Fase 4 (9° ano),-1,7.65625,2024,Pública,3,,,Risco moderado,Médio,Média,Alto,Médio
RA-1072,3B,3B,Aluno-1072,,12.0,Masculino,2023,Pública,Ametista,7.8153856754,4.0,8.751,5.62788671033333,8.755,Não informado,8.16666666666667,8.0,7.0,9.5,,,7.545,10.0,Fase 3 (7° e 8° ano),0,7.96875,2024,Pública,3,,,Sem risco,Baixo,Média,Alto,Alto
RA-1521,3B,3B,Aluno-1521,,14.0,Feminino,2024,Pública,Quartzo,5.06578884433333,4.0,7.5,6.157902555,2.51,Não informado,3.16666666666667,2.0,5.5,2.0,,,5.4525,5.0,Fase 4 (9° ano),-1,6.09375,2024,Pública,3,,,Risco moderado,Baixo,Baixa,Baixo,Baixo
RA-536,3B,3B,Aluno-536,,11.0,Feminino,2021,Pública,Ametista,7.7704681818,4.0,8.334,9.109090909,8.135,Não informado,5.5,6.5,4.5,5.5,,,7.415,10.0,Fase 2 (5° e 6° ano),1,7.1875,2024,Pública,3,,,Sem risco,Médio,Média,Alto,Médio
RA-1079,3B,3B,Aluno-1079,,13.0,Masculino,2023,Pública,Quartzo,5.42534132993333,4.0,7.5,4.51649831633333,2.51,Não informado,6.33333333333333,5.0,7.5,6.5,,,4.1625,10.0,Fase 3 (7° e 8° ano),0,4.21875,2024,Pública,3,,,Sem risco,Baixo,Baixa,Baixo,Baixo
RA-331,3B,3B,Aluno-331,,14.0,Feminino,2021,Pública,Ágata,6.23104570706667,4.0,8.751,7.73535353533333,8.755,Não informado,3.5,4.0,3.5,3.0,,,5.62,5.0,Fase 4 (9° ano),-1,6.09375,2024,Pública,3,,,Risco moderado,Baixo,Média,Alto,Baixo
RA-1522,3B,3B,Aluno-1522,,13.0,Masculino,2024,Pública,Topázio,8.3261,4.0,8.751,10.0,9.38,Não informado,7.0,10.0,4.0,,,,7.1275,10.0,Fase 3 (7° e 8° ano),0,6.875,2024,Pública,3,,,Sem risco,Alto,Média,Alto,Alto
RA-1096,3B,3B,Aluno-1096,,11.0,Feminino,2023,Pública,Topázio,9.18988333333333,4.0,9.168,9.86666666666667,8.755,Não informado,8.5,8.5,7.0,10.0,,,9.09,10.0,Fase 2 (5° e 6° ano),1,9.0625,2024,Pública,3,,,Sem risco,Alto,Alta,Alto,Alto
RA-513,3B,3B,Aluno-513,,11.0,Masculino,2021,Privada,Topázio,8.72863253966667,4.0,10.002,8.83174603166667,8.135,Não informado,7.66666666666667,9.0,5.5,8.5,,,8.545,10.0,Fase 2 (5° e 6° ano),1,9.0625,2024,Privada,3,,,Sem risco,Médio,Alta,Alto,Alto
RA-531,3B,3B,Aluno-531,,12.0,Masculino,2022,Pública,Ametista,7.91279264706667,4.0,9.168,9.80392156866667,4.38,Não informado,6.66666666666667,6.5,4.5,9.0,,,7.335,10.0,Fase 3 (7° e 8° ano),0,7.96875,2024,Pública,3,,,Sem risco,Alto,Alta,Baixo,Alto
RA-1523,3B,3B,Aluno-1523,,11.0,Masculino,2024,Pública,Topázio,8.67371279,4.0,6.666,9.28327228333333,8.755,Não informado,8.16666666666667,8.0,6.5,10.0,,,8.755,10.0,Fase 2 (5° e 6° ano),1,8.90625,2024,Pública,3,,,Sem risco,Alto,Baixa,Alto,Alto
RA-1524,3B,3B,Aluno-1524,,14.0,Feminino,2024,Pública,Quartzo,5.54738055553333,4.0,7.917,2.77777777766667,7.51,Não informado,4.0,4.0,,,,,6.9175,5.0,Fase 4 (9° ano),-1,7.65625,2024,Pública,3,,,Risco moderado,Baixo,Baixa,Médio,Baixo
RA-1147,3B,3B,Aluno-1147,,15.0,Feminino,2023,Pública,Quartzo,5.83311851853333,4.0,8.751,6.125925926,8.755,Não informado,3.16666666666667,2.0,5.0,2.5,,,5.495,5.0,Fase 4 (9° ano),-1,6.25,2024,Pública,3,,,Risco moderado,Baixo,Média,Alto,Baixo
RA-479,3C,3C,Aluno-479,,12.0,Masculino,2021,Privada - Programa de Apadrinhamento,Topázio,8.90196666666667,3.0,9.168,9.86666666666667,2.51,Não informado,9.66666666666667,10.0,9.0,10.0,,,9.45,10.0,Fase 2 (5° e 6° ano),1,9.375,2024,Privada,3,,,Sem risco,Alto,Alta,Baixo,Alto
RA-517,3C,3C,Aluno-517,,14.0,Feminino,2021,Pública,Quartzo,5.88046658316667,3.0,7.5,5.26649958233333,2.51,Não informado,5.0,4.5,4.0,6.5,,,6.11,10.0,Fase 3 (7° e 8° ano),0,6.041666667,2024,Pública,3,,,Sem risco,Baixo,Baixa,Baixo,Baixo
RA-325,3C,3C,Aluno-325,,12.0,Masculino,2022,Pública,Topázio,8.38513333323334,3.0,9.168,9.86666666666667,7.51,Não informado,7.0,7.0,5.5,8.5,,,7.553333333,10.0,Fase 3 (7° e 8° ano),0,8.333333333,2024,Pública,3,,,Sem risco,Alto,Alta,Médio,Alto
RA-1525,3C,3C,Aluno-1525,,13.0,Masculino,2024,Pública,Ametista,7.77826349203333,3.0,7.917,8.29365079366667,5.63,Não informado,7.0,6.5,5.5,9.0,,,7.553333333,10.0,Fase 3 (7° e 8° ano),0,8.541666667,2024,Pública,3,,,Sem risco,Médio,Baixa,Baixo,Alto
RA-518,3C,3C,Aluno-518,,12.0,Masculino,2022,Pública,Ágata,6.3467483709,3.0,8.334,6.830075188,2.51,Não informado,4.0,7.5,3.5,1.0,,,6.94,10.0,Fase 3 (7° e 8° ano),0,7.083333333,2024,Pública,3,,,Sem risco,Baixo,Média,Baixo,Baixo
RA-1146,3C,3C,Aluno-1146,,15.0,Feminino,2023,Pública,Quartzo,5.3933086048,3.0,10.002,5.017209691,6.88,Não informado,2.0,2.0,0.0,4.0,,,5.883333333,5.0,Fase 5 (1° EM),-2,6.25,2024,Pública,3,,,Risco moderado,Baixo,Alta,Médio,Baixo
RA-530,3C,3C,Aluno-530,,12.0,Masculino,2021,Pública,Ametista,7.21453441943333,3.0,8.751,6.46883876366667,9.38,Não informado,4.5,4.0,6.0,3.5,,,7.496666667,10.0,Fase 3 (7° e 8° ano),0,7.083333333,2024,Pública,3,,,Sem risco,Baixo,Média,Alto,Médio
RA-524,3C,3C,Aluno-524,,13.0,Masculino,2021,Pública,Ametista,7.02632255636667,3.0,7.083,5.11177944866667,2.51,Não informado,8.66666666666667,8.5,7.5,10.0,,,7.39,10.0,Fase 3 (7° e 8° ano),0,8.333333333,2024,Pública,3,,,Sem risco,Baixo,Baixa,Baixo,Médio
RA-578,3C,3C,Aluno-578,,12.0,Masculino,2021,Privada - Programa de Apadrinhamento,Topázio,9.06619999996667,3.0,10.002,10.0,2.51,Não informado,9.83333333333333,10.0,9.5,10.0,,,9.45,10.0,Fase 2 (5° e 6° ano),1,9.583333333,2024,Privada,3,,,Sem risco,Alto,Alta,Baixo,Alto
RA-526,3C,3C,Aluno-526,,14.0,Masculino,2022,Pública,Ametista,7.84315789483333,3.0,9.585,9.38245614033333,8.13,Não informado,7.33333333333333,8.5,3.5,10.0,,,7.496666667,5.0,Fase 4 (9° ano),-1,7.291666667,2024,Pública,3,,,Risco moderado,Alto,Alta,Alto,Alto
RA-528,3C,3C,Aluno-528,,13.0,Masculino,2021,Pública,Ametista,7.2763300753,3.0,9.168,5.79348370933333,7.51,Não informado,6.66666666666667,8.5,4.5,7.0,,,6.936666667,10.0,Fase 3 (7° e 8° ano),0,7.291666667,2024,Pública,3,,,Sem risco,Baixo,Alta,Médio,Médio
RA-516,3C,3C,Aluno-516,,11.0,Masculino,2021,Privada - Programa de Apadrinhamento,Topázio,8.38403333336667,3.0,10.002,10.0,2.51,Não informado,8.83333333333333,8.0,8.5,10.0,,,7.56,10.0,Fase 2 (5° e 6° ano),1,8.541666667,2024,Privada,3,,,Sem risco,Alto,Alta,Baixo,Alto
RA-534,3C,3C,Aluno-534,,14.0,Masculino,2021,Pública,Ametista,7.08885505426667,3.0,9.585,6.04344193833333,7.51,Não informado,5.0,4.0,4.0,7.0,,,7.103333333,10.0,Fase 3 (7° e 8° ano),0,7.5,2024,Pública,3,,,Sem risco,Baixo,Alta,Médio,Médio
RA-1097,3C,3C,Aluno-1097,,15.0,Masculino,2023,Pública,Quartzo,5.47532489563333,3.0,10.002,4.84979114466667,6.25,Não informado,3.0,4.5,4.5,0.0,,,5.88,5.0,Fase 4 (9° ano),-1,6.041666667,2024,Pública,3,,,Risco moderado,Baixo,Alta,Baixo,Baixo
RA-360,3C,3C,Aluno-360,,14.0,Feminino,2021,Pública,Ágata,6.29317568916667,3.0,8.334,5.618045113,5.0,Não informado,5.83333333333333,4.0,6.0,7.5,,,6.993333333,5.0,Fase 4 (9° ano),-1,7.708333333,2024,Pública,3,,,Risco moderado,Baixo,Média,Baixo,Baixo
RA-1526,3D,3D,Aluno-1526,,13.0,Feminino,2024,Pública,Ametista,7.9798,4.0,9.168,10.0,8.75,Não informado,3.75,2.0,5.5,,,,8.1275,10.0,Fase 3 (7° e 8° ano),0,8.125,2024,Pública,3,,,Sem risco,Alto,Alta,Alto,Alto
RA-1077,3D,3D,Aluno-1077,,12.0,Masculino,2023,Pública,Quartzo,5.54386574073333,4.0,0.0,7.70370370366667,6.885,Não informado,2.0,0.0,6.0,0.0,,,6.37,10.0,Fase 3 (7° e 8° ano),0,6.40625,2024,Pública,3,,,Sem risco,Baixo,Baixa,Médio,Baixo
RA-508,3D,3D,Aluno-508,,12.0,Masculino,2022,Pública,Ágata,6.77170862573333,4.0,7.083,5.567251462,7.51,Não informado,4.66666666666667,0.0,7.0,7.0,,,7.5,10.0,Fase 2 (5° e 6° ano),1,7.65625,2024,Pública,3,,,Sem risco,Baixo,Baixa,Médio,Baixo
RA-363,3D,3D,Aluno-363,,14.0,Masculino,2022,Privada,Ametista,7.61780357146667,4.0,9.585,9.523809524,5.625,Não informado,5.33333333333333,4.0,3.5,8.5,,,6.955,10.0,Fase 3 (7° e 8° ano),0,7.34375,2024,Privada,3,,,Sem risco,Alto,Alta,Baixo,Médio
RA-340,3D,3D,Aluno-340,,13.0,Masculino,2021,Pública,Ágata,6.71543732946667,4.0,7.917,6.58576998066667,7.51,Não informado,5.16666666666667,6.0,7.0,2.5,,,5.83,10.0,Fase 3 (7° e 8° ano),0,6.5625,2024,Pública,3,,,Sem risco,Baixo,Baixa,Médio,Baixo
RA-1527,3D,3D,Aluno-1527,,13.0,Masculino,2024,Pública,Topázio,8.631675,4.0,9.168,10.0,7.51,Não informado,8.0,9.0,7.0,,,,7.835,10.0,Fase 3 (7° e 8° ano),0,7.96875,2024,Pública,3,,,Sem risco,Alto,Alta,Médio,Alto
RA-509,3D,3D,Aluno-509,,13.0,Feminino,2021,Pública,Ágata,6.91815227273333,4.0,9.168,6.36363636366667,2.51,Não informado,6.0,6.0,4.5,7.5,,,7.2475,10.0,Fase 3 (7° e 8° ano),0,8.28125,2024,Pública,3,,,Sem risco,Baixo,Alta,Baixo,Médio
RA-500,3D,3D,Aluno-500,,12.0,Feminino,2021,Privada - Programa de Apadrinhamento,Topázio,8.07770833333333,4.0,9.585,10.0,2.51,Não informado,6.66666666666667,6.0,6.0,8.0,,,8.3775,10.0,Fase 3 (7° e 8° ano),0,8.59375,2024,Privada,3,,,Sem risco,Alto,Alta,Baixo,Alto
RA-1528,3D,3D,Aluno-1528,,13.0,Masculino,2024,Pública,Ametista,7.62258409093334,4.0,9.168,7.787878788,7.51,Não informado,5.66666666666667,3.0,6.0,8.0,,,7.335,10.0,Fase 3 (7° e 8° ano),0,7.96875,2024,Pública,3,,,Sem risco,Baixo,Alta,Médio,Médio
RA-1089,3D,3D,Aluno-1089,,12.0,Feminino,2023,Pública,Ametista,7.6221531746,4.0,9.168,7.03968253966667,8.13,Não informado,6.83333333333333,6.0,6.0,8.5,,,6.995,10.0,Fase 3 (7° e 8° ano),0,7.1875,2024,Pública,3,,,Sem risco,Baixo,Alta,Alto,Médio
RA-1090,3D,3D,Aluno-1090,,14.0,Masculino,2023,Pública,Ametista,7.7652831384,4.0,9.585,7.62183235866667,7.51,Não informado,6.33333333333333,3.5,7.5,8.0,,,7.4175,10.0,Fase 3 (7° e 8° ano),0,7.8125,2024,Pública,3,,,Sem risco,Baixo,Alta,Médio,Médio
RA-503,3D,3D,Aluno-503,,12.0,Masculino,2021,Pública,Topázio,8.54749561406667,4.0,9.585,9.82456140366667,7.51,Não informado,7.66666666666667,6.0,8.0,9.0,,,7.7925,10.0,Fase 2 (5° e 6° ano),1,7.8125,2024,Pública,3,,,Sem risco,Alto,Alta,Médio,Alto
RA-1093,3D,3D,Aluno-1093,,12.0,Masculino,2023,Pública,Topázio,8.5079027778,4.0,7.5,7.72222222233333,8.13,Não informado,8.66666666666667,8.5,8.0,9.5,,,8.8825,10.0,Fase 3 (7° e 8° ano),0,8.90625,2024,Pública,3,,,Sem risco,Baixo,Baixa,Alto,Alto
RA-1094,3D,3D,Aluno-1094,,12.0,Feminino,2023,Pública,Topázio,8.0164785714,4.0,9.168,9.52380952366667,2.51,Não informado,7.33333333333333,6.0,7.5,8.5,,,8.1675,10.0,Fase 3 (7° e 8° ano),0,8.4375,2024,Pública,3,,,Sem risco,Alto,Alta,Baixo,Alto
RA-1095,3D,3D,Aluno-1095,,14.0,Masculino,2023,Pública,Ágata,6.10854751466667,4.0,7.5,7.84502924,7.51,Não informado,2.33333333333333,3.0,2.0,2.0,,,5.125,10.0,Fase 3 (7° e 8° ano),0,5.46875,2024,Pública,3,,,Sem risco,Médio,Baixa,Médio,Baixo
RA-1098,3D,3D,Aluno-1098,,14.0,Feminino,2023,Pública,Ágata,6.5744562514,4.0,8.751,5.822406257,7.51,Não informado,3.5,1.0,3.5,6.0,,,6.7475,10.0,Fase 3 (7° e 8° ano),0,7.34375,2024,Pública,3,,,Sem risco,Baixo,Média,Médio,Baixo
RA-1106,3F,3F,Aluno-1106,,13.0,Masculino,2023,Pública,Quartzo,5.93627208626667,4.0,8.334,5.43123543133333,7.51,Não informado,0.0,0.0,0.0,0.0,,,7.5,10.0,Fase 3 (7° e 8° ano),0,7.65625,2024,Pública,3,,,Sem risco,Baixo,Média,Médio,Baixo
RA-568,3F,3F,Aluno-568,,16.0,Masculino,2021,Pública,Quartzo,5.54586428573333,5.0,7.917,3.261904762,8.13,Não informado,5.16666666666667,5.0,5.5,5.0,,,5.496,5.0,Fase 5 (1° EM),-2,6.5625,2024,Pública,3,,,Risco moderado,Baixo,Baixa,Alto,Baixo
RA-558,3F,3F,Aluno-558,,16.0,Masculino,2022,Pública,Quartzo,5.04805450313333,5.0,9.168,3.77639751566667,8.13,Não informado,3.0,2.5,4.0,2.5,,,4.268,5.0,Fase 5 (1° EM),-2,6.09375,2024,Pública,3,,,Risco moderado,Baixo,Alta,Alto,Baixo
RA-559,3F,3F,Aluno-559,,13.0,Masculino,2021,Pública,Ágata,6.15815897433333,5.0,10.002,5.705128205,8.13,Não informado,3.16666666666667,1.0,2.5,6.0,,,4.728,10.0,Fase 3 (7° e 8° ano),0,6.25,2024,Pública,3,,,Sem risco,Baixo,Alta,Alto,Baixo
RA-1529,3F,3F,Aluno-1529,,14.0,Feminino,2024,Pública,Ágata,6.7100794872,5.0,6.666,7.435897436,7.51,Não informado,5.5,6.0,5.5,5.0,,,6.964,5.0,Fase 4 (9° ano),-1,8.125,2024,Pública,3,,,Risco moderado,Baixo,Baixa,Médio,Baixo
RA-1111,3F,3F,Aluno-1111,,12.0,Feminino,2023,Pública,Ágata,6.11603281573333,5.0,6.249,4.60041407866667,7.5,Não informado,5.0,5.0,4.0,6.0,,,5.824,10.0,Fase 2 (5° e 6° ano),1,6.5625,2024,Pública,3,,,Sem risco,Baixo,Baixa,Médio,Baixo
RA-1108,3F,3F,Aluno-1108,,13.0,Masculino,2023,Pública,Ágata,6.0172150104,5.0,9.168,3.75465838533333,8.13,Não informado,3.66666666666667,3.5,3.5,4.0,,,5.422,10.0,Fase 3 (7° e 8° ano),0,7.1875,2024,Pública,3,,,Sem risco,Baixo,Alta,Alto,Baixo
RA-542,3F,3F,Aluno-542,,13.0,Feminino,2021,Pública,Ágata,6.7205649586,5.0,8.751,6.48136645966667,8.13,Não informado,3.93333333333333,1.5,5.0,5.3,,,6.232,10.0,Fase 3 (7° e 8° ano),0,7.03125,2024,Pública,3,,,Sem risco,Baixo,Média,Alto,Baixo
RA-543,3F,3F,Aluno-543,,12.0,Feminino,2022,Pública,Topázio,8.0467871118,5.0,8.751,9.61697722566667,2.51,Não informado,6.83333333333333,7.0,6.5,7.0,,,8.7,10.0,Fase 2 (5° e 6° ano),1,8.90625,2024,Pública,3,,,Sem risco,Alto,Média,Baixo,Alto
RA-1530,3F,3F,Aluno-1530,,13.0,Masculino,2024,Pública,Quartzo,4.63915357142,5.0,0.0,2.52380952376667,8.13,Não informado,2.83333333333333,1.5,7.0,0.0,,,5.258,10.0,Fase 3 (7° e 8° ano),0,7.03125,2024,Pública,3,,,Sem risco,Baixo,Baixa,Alto,Baixo
RA-555,3F,3F,Aluno-555,,14.0,Masculino,2021,Pública,Quartzo,5.11147018633333,5.0,10.002,2.75051759833333,6.885,Não informado,4.33333333333333,5.0,4.0,4.0,,,5.03,5.0,Fase 4 (9° ano),-1,5.0,2024,Pública,3,,,Risco moderado,Baixo,Alta,Médio,Baixo
RA-1531,3F,3F,Aluno-1531,,14.0,Masculino,2024,Pública,Ametista,7.0491790134,5.0,8.751,7.97268673366667,7.505,Não informado,5.83333333333333,4.5,8.0,5.0,,,7.14,5.0,Fase 4 (9° ano),-1,7.34375,2024,Pública,3,,,Risco moderado,Médio,Média,Médio,Médio
RA-1099,3G,3G,Aluno-1099,,14.0,Feminino,2023,Pública,Ametista,7.33248333333333,4.0,8.334,8.13333333333333,10.0,Não informado,3.83333333333333,2.5,3.5,5.5,,,6.6225,10.0,Fase 3 (7° e 8° ano),0,7.8125,2024,Pública,3,,,Sem risco,Médio,Média,Alto,Médio
RA-1154,3G,3G,Aluno-1154,,14.0,Masculino,2023,Pública,Ametista,7.566075,4.0,7.917,9.2,7.51,Não informado,8.0,7.0,7.0,10.0,,,6.745,5.0,Fase 4 (9° ano),-1,7.34375,2024,Pública,3,,,Risco moderado,Alto,Baixa,Médio,Médio
RA-1100,3G,3G,Aluno-1100,,12.0,Masculino,2023,Pública,Ágata,6.64970833333333,4.0,7.5,7.1,7.51,Não informado,4.66666666666667,4.0,4.0,6.0,,,5.6175,10.0,Fase 2 (5° e 6° ano),1,6.71875,2024,Pública,3,,,Sem risco,Baixo,Baixa,Médio,Baixo
RA-381,3G,3G,Aluno-381,,15.0,Masculino,2021,Pública,Quartzo,5.940775,4.0,8.334,6.13333333333333,7.51,Não informado,3.66666666666667,2.5,4.5,4.0,,,6.1225,5.0,Fase 5 (1° EM),-2,6.71875,2024,Pública,3,,,Risco moderado,Baixo,Média,Médio,Baixo
RA-364,3G,3G,Aluno-364,,13.0,Masculino,2021,Pública,Topázio,8.2697037582,4.0,8.751,9.526143791,7.51,Não informado,7.5,8.0,5.0,9.5,,,7.2075,10.0,Fase 3 (7° e 8° ano),0,7.96875,2024,Pública,3,,,Sem risco,Alto,Média,Médio,Alto
RA-539,3G,3G,Aluno-539,,13.0,Feminino,2022,Privada - Programa de Apadrinhamento,Topázio,8.46553333333334,4.0,10.002,9.23333333333333,7.51,Não informado,5.83333333333333,5.0,3.5,9.0,,,9.13,10.0,Fase 3 (7° e 8° ano),0,8.75,2024,Privada,3,,,Sem risco,Alto,Alta,Médio,Alto
RA-573,3G,3G,Aluno-573,,13.0,Masculino,2021,Pública,Ametista,7.83905,4.0,9.168,9.5,8.755,Não informado,5.0,6.0,3.5,5.5,,,6.8275,10.0,Fase 3 (7° e 8° ano),0,7.8125,2024,Pública,3,,,Sem risco,Alto,Alta,Alto,Alto
RA-1107,3G,3G,Aluno-1107,,13.0,Feminino,2023,Pública,Quartzo,5.9731,4.0,8.751,6.2,2.51,Não informado,2.5,1.0,3.5,3.0,,,6.785,10.0,Fase 3 (7° e 8° ano),0,7.5,2024,Pública,3,,,Sem risco,Baixo,Média,Baixo,Baixo
RA-368,3G,3G,Aluno-368,,15.0,Masculino,2021,Pública,Ágata,6.78215833333333,4.0,7.917,6.16666666666667,7.51,Não informado,7.0,4.5,7.0,9.5,,,6.7025,5.0,Fase 4 (9° ano),-1,7.65625,2024,Pública,3,,,Risco moderado,Baixo,Baixa,Médio,Baixo
RA-387,3G,3G,Aluno-387,,15.0,Masculino,2021,Pública,Ágata,6.1255,4.0,7.5,7.16666666666667,7.51,Não informado,4.33333333333333,5.0,4.0,4.0,,,5.9975,5.0,Fase 4 (9° ano),-1,6.25,2024,Pública,3,,,Risco moderado,Baixo,Baixa,Médio,Baixo
RA-556,3G,3G,Aluno-556,,13.0,Feminino,2021,Pública,Quartzo,5.83337738093333,4.0,7.083,6.17142857133333,2.51,Não informado,3.83333333333333,1.5,4.5,5.5,,,6.1625,10.0,Fase 3 (7° e 8° ano),0,6.40625,2024,Pública,3,,,Sem risco,Baixo,Baixa,Baixo,Baixo
RA-389,3G,3G,Aluno-389,,13.0,Masculino,2021,Pública,Ametista,7.2079551282,4.0,9.585,6.67435897433333,8.76,Não informado,5.16666666666667,6.5,4.0,5.0,,,6.745,10.0,Fase 3 (7° e 8° ano),0,6.5625,2024,Pública,3,,,Sem risco,Baixo,Alta,Alto,Médio
RA-390,3G,3G,Aluno-390,,13.0,Feminino,2022,Pública,Ágata,6.5472236842,4.0,7.5,6.08070175433333,8.755,Não informado,4.16666666666667,3.0,2.5,7.0,,,6.08,10.0,Fase 3 (7° e 8° ano),0,6.5625,2024,Pública,3,,,Sem risco,Baixo,Baixa,Alto,Baixo
RA-376,3G,3G,Aluno-376,,14.0,Feminino,2021,Pública,Quartzo,5.8965735888,4.0,10.002,8.28728461066667,2.51,Não informado,2.83333333333333,2.0,5.0,1.5,,,6.325,5.0,Fase 4 (9° ano),-1,6.5625,2024,Pública,3,,,Risco moderado,Médio,Alta,Baixo,Baixo
RA-584,3G,3G,Aluno-584,,12.0,Feminino,2021,Pública,Ágata,6.75291439393333,4.0,8.751,5.63636363633333,8.755,Não informado,4.33333333333333,2.0,5.0,6.0,,,6.37,10.0,Fase 3 (7° e 8° ano),0,7.34375,2024,Pública,3,,,Sem risco,Baixo,Média,Alto,Baixo
RA-535,3H,3H,Aluno-535,,12.0,Feminino,2021,Pública,Ametista,7.6595559524,5.0,9.168,7.161904762,8.135,Não informado,6.0,7.0,5.5,5.5,,,7.5,10.0,Fase 3 (7° e 8° ano),0,7.96875,2024,Pública,3,,,Sem risco,Baixo,Alta,Alto,Médio
RA-547,3H,3H,Aluno-547,,13.0,Feminino,2021,Pública,Ametista,7.21029067233333,5.0,8.751,7.03062002833333,8.135,Não informado,6.83333333333333,9.0,4.5,7.0,,,5.932,10.0,Fase 3 (7° e 8° ano),0,5.625,2024,Pública,3,,,Sem risco,Baixo,Média,Alto,Médio
RA-557,3H,3H,Aluno-557,,12.0,Masculino,2021,Privada - Programa de Apadrinhamento,Topázio,9.35098646613333,5.0,10.002,8.756265664,7.51,Não informado,9.66666666666667,10.0,9.0,10.0,,,9.576,10.0,Fase 3 (7° e 8° ano),0,10.0,2024,Privada,3,,,Sem risco,Médio,Alta,Médio,Alto
RA-548,3H,3H,Aluno-548,,13.0,Masculino,2021,Pública,Ametista,7.24016880346667,5.0,9.168,7.60042735066667,7.51,Não informado,6.66666666666667,9.0,5.0,6.0,,,5.626,10.0,Fase 3 (7° e 8° ano),0,5.9375,2024,Pública,3,,,Sem risco,Baixo,Alta,Médio,Médio
RA-1102,3H,3H,Aluno-1102,,12.0,Masculino,2023,Pública,Topázio,8.44061190473333,5.0,8.751,9.39047619033333,8.13,Não informado,9.33333333333333,10.0,8.0,10.0,,,7.07,10.0,Fase 2 (5° e 6° ano),1,5.9375,2024,Pública,3,,,Sem risco,Alto,Média,Alto,Alto
RA-1532,3H,3H,Aluno-1532,,15.0,Masculino,2024,Pública,Quartzo,4.54854478106667,5.0,0.0,3.90572390533333,7.51,Não informado,2.0,0.0,6.0,0.0,,,6.832,5.0,Fase 4 (9° ano),-1,7.5,2024,Pública,3,,,Risco moderado,Baixo,Baixa,Médio,Baixo
RA-538,3H,3H,Aluno-538,,14.0,Masculino,2022,Pública,Ágata,6.51409401706667,5.0,8.751,7.66880341866667,7.51,Não informado,6.16666666666667,10.0,4.5,4.0,,,5.292,5.0,Fase 4 (9° ano),-1,5.625,2024,Pública,3,,,Risco moderado,Baixo,Média,Médio,Baixo
RA-365,3H,3H,Aluno-365,,11.0,Feminino,2022,Pública,Topázio,8.52698333333333,5.0,9.585,10.0,7.51,Não informado,6.66666666666667,8.0,7.0,5.0,,,8.202,10.0,Fase 2 (5° e 6° ano),1,8.4375,2024,Pública,3,,,Sem risco,Alto,Alta,Médio,Alto
RA-563,3H,3H,Aluno-563,,12.0,Feminino,2021,Pública,Topázio,8.59544761906667,5.0,9.168,9.461904762,8.135,Não informado,8.33333333333333,10.0,9.0,6.0,,,7.468,10.0,Fase 3 (7° e 8° ano),0,8.125,2024,Pública,3,,,Sem risco,Alto,Alta,Alto,Alto
RA-1157,3H,3H,Aluno-1157,,15.0,Masculino,2023,Pública,Ametista,7.91608293653333,5.0,9.585,9.08253968266667,7.51,Não informado,7.0,8.0,6.0,7.0,,,8.466,5.0,Fase 4 (9° ano),-1,7.96875,2024,Pública,3,,,Risco moderado,Médio,Alta,Médio,Alto
RA-258,3H,3H,Aluno-258,,13.0,Feminino,2021,Pública,Ágata,6.42906388886667,5.0,7.084,6.94444444433333,7.51,Não informado,2.5,,5.0,0.0,,,6.732,10.0,Fase 3 (7° e 8° ano),0,7.34375,2024,Pública,3,,,Sem risco,Baixo,Baixa,Médio,Baixo
RA-369,3H,3H,Aluno-369,,13.0,Masculino,2022,Pública,Quartzo,5.667282265,5.0,8.751,4.90811965833333,7.51,Não informado,1.66666666666667,0.0,0.0,5.0,,,5.428,10.0,Fase 3 (7° e 8° ano),0,6.40625,2024,Pública,3,,,Sem risco,Baixo,Média,Médio,Baixo
RA-375,3H,3H,Aluno-375,,13.0,Masculino,2021,Pública,Ametista,7.9700346154,5.0,9.585,9.44358974366667,7.51,Não informado,6.83333333333333,9.0,5.5,6.0,,,6.432,10.0,Fase 3 (7° e 8° ano),0,7.1875,2024,Pública,3,,,Sem risco,Alto,Alta,Médio,Alto
RA-1533,3I,3I,Aluno-1533,,14.0,Feminino,2024,Pública,Topázio,9.08982898553334,4.0,9.168,9.71014492766667,8.135,Não informado,9.5,10.0,8.5,10.0,,,8.3375,10.0,Fase 3 (7° e 8° ano),0,8.5,2024,Pública,3,,,Sem risco,Alto,Alta,Alto,Alto
RA-1534,3I,3I,Aluno-1534,,13.0,Feminino,2024,Pública,Ametista,7.18836666666667,4.0,7.917,9.66666666666667,8.135,Não informado,1.16666666666667,2.0,1.5,0.0,,,8.0825,10.0,Fase 3 (7° e 8° ano),0,8.0,2024,Pública,3,,,Sem risco,Alto,Baixa,Alto,Médio
RA-1160,3I,3I,Aluno-1160,,14.0,Masculino,2023,Pública,Ágata,6.27419098233333,4.0,8.751,8.201288245,7.51,Não informado,3.16666666666667,5.5,2.0,2.0,,,6.2475,5.0,Fase 4 (9° ano),-1,6.25,2024,Pública,3,,,Risco moderado,Médio,Média,Médio,Baixo
RA-562,3I,3I,Aluno-562,,13.0,Feminino,2021,Pública,Topázio,8.39273333333333,4.0,8.334,9.83333333333333,8.135,Não informado,7.83333333333333,7.5,7.5,8.5,,,7.25,10.0,Fase 3 (7° e 8° ano),0,7.625,2024,Pública,3,,,Sem risco,Alto,Média,Alto,Alto
RA-1112,3I,3I,Aluno-1112,,13.0,Masculino,2023,Pública,Ágata,6.856082394,4.0,9.585,9.02791197,8.135,Não informado,4.0,4.0,4.0,4.0,,,4.705,10.0,Fase 3 (7° e 8° ano),0,5.375,2024,Pública,3,,,Sem risco,Médio,Alta,Alto,Baixo
RA-1535,3I,3I,Aluno-1535,,13.0,Feminino,2024,Pública,Ametista,7.10939096993333,4.0,8.751,5.10312151633333,7.51,Não informado,5.83333333333333,7.5,5.5,4.5,,,7.9175,10.0,Fase 3 (7° e 8° ano),0,7.125,2024,Pública,3,,,Sem risco,Baixo,Média,Médio,Médio
RA-1536,3I,3I,Aluno-1536,,15.0,Feminino,2024,Pública,Ametista,7.65374444446667,4.0,9.168,8.72222222233333,8.135,Não informado,7.0,10.0,3.5,7.5,,,7.4575,5.0,Fase 4 (9° ano),-1,7.875,2024,Pública,3,,,Risco moderado,Médio,Alta,Alto,Médio
RA-357,3I,3I,Aluno-357,,14.0,Masculino,2022,Pública,Ametista,7.7315694042,4.0,8.751,9.02818035433333,8.135,Não informado,7.66666666666667,8.5,7.0,7.5,,,7.0825,5.0,Fase 4 (9° ano),-1,7.875,2024,Pública,3,,,Risco moderado,Médio,Média,Alto,Médio
RA-583,3I,3I,Aluno-583,,14.0,Feminino,2021,Pública,Ametista,7.44759103593333,4.0,7.917,8.90445517966667,8.135,Não informado,5.0,6.5,4.5,4.0,,,6.87,10.0,Fase 3 (7° e 8° ano),0,6.875,2024,Pública,3,,,Sem risco,Médio,Baixa,Alto,Médio
RA-1537,3I,3I,Aluno-1537,,14.0,Feminino,2024,Pública,Topázio,8.17626323133333,4.0,9.168,8.33064949,8.135,Não informado,8.66666666666667,10.0,6.0,10.0,,,8.67,5.0,Fase 4 (9° ano),-1,8.125,2024,Pública,3,,,Risco moderado,Médio,Alta,Alto,Alto
RA-599,3K,3K,Aluno-599,,12.0,Masculino,2022,Pública,Topázio,8.3569352941,3.0,10.002,8.60784313733333,9.375,Não informado,7.66666666666667,8.0,7.0,8.0,,,7.28,10.0,Fase 2 (5° e 6° ano),1,7.083333333,2024,Pública,3,,,Sem risco,Médio,Alta,Alto,Alto
RA-651,3K,3K,Aluno-651,,12.0,Feminino,2022,Pública,Topázio,8.6893000001,3.0,9.168,10.0,7.51,Não informado,7.5,10.0,6.0,6.5,,,8.336666667,10.0,Fase 2 (5° e 6° ano),1,8.541666667,2024,Pública,3,,,Sem risco,Alto,Alta,Médio,Alto
RA-1131,3K,3K,Aluno-1131,,13.0,Feminino,2023,Privada - Programa de Apadrinhamento,Topázio,8.2889555555,3.0,8.334,9.27777777766667,6.255,Não informado,8.33333333333333,8.0,7.0,10.0,,,7.893333333,10.0,Fase 3 (7° e 8° ano),0,7.291666667,2024,Privada,3,,,Sem risco,Alto,Média,Baixo,Alto
RA-403,3K,3K,Aluno-403,,14.0,Masculino,2021,Pública,Topázio,8.00848888883333,3.0,8.751,7.361111111,7.51,Não informado,7.66666666666667,6.0,8.0,9.0,,,7.613333333,10.0,Fase 3 (7° e 8° ano),0,8.541666667,2024,Pública,3,,,Sem risco,Baixo,Média,Médio,Alto
RA-1538,3K,3K,Aluno-1538,,13.0,Masculino,2021,Pública,Ametista,7.96317037043333,3.0,9.168,7.935185185,8.13,Não informado,7.16666666666667,7.5,6.0,8.0,,,7.106666667,10.0,Fase 2 (5° e 6° ano),1,7.916666667,2024,Pública,3,,,Sem risco,Médio,Alta,Alto,Alto
RA-469,3K,3K,Aluno-469,,13.0,Feminino,2022,Pública,Ametista,7.6846398693,3.0,9.168,9.498366013,7.51,Não informado,5.0,6.0,4.0,5.0,,,6.94,10.0,Fase 3 (7° e 8° ano),0,7.291666667,2024,Pública,3,,,Sem risco,Alto,Alta,Médio,Médio
RA-1121,3K,3K,Aluno-1121,,12.0,Masculino,2023,Pública,Topázio,8.40716666663333,3.0,9.585,10.0,7.51,Não informado,6.66666666666667,9.0,5.0,6.0,,,8.28,10.0,Fase 3 (7° e 8° ano),0,7.083333333,2024,Pública,3,,,Sem risco,Alto,Alta,Médio,Alto
RA-1122,3K,3K,Aluno-1122,,12.0,Masculino,2023,Pública,Ametista,7.81732222216667,3.0,8.751,9.861111111,7.51,Não informado,5.33333333333333,5.0,4.5,6.5,,,7.22,10.0,Fase 2 (5° e 6° ano),1,7.083333333,2024,Pública,3,,,Sem risco,Alto,Média,Médio,Alto
RA-422,3K,3K,Aluno-422,,14.0,Masculino,2022,Pública,Quartzo,5.54498148143333,3.0,7.5,6.15740740733333,7.51,Não informado,2.83333333333333,3.0,4.5,1.0,,,5.5,5.0,Fase 4 (9° ano),-1,6.458333333,2024,Pública,3,,,Risco moderado,Baixo,Baixa,Médio,Baixo
RA-1117,3K,3K,Aluno-1117,,12.0,Feminino,2023,Pública,Ametista,7.60156296286667,3.0,8.751,8.31481481466667,7.51,Não informado,5.66666666666667,5.0,5.0,7.0,,,6.833333333,10.0,Fase 2 (5° e 6° ano),1,8.125,2024,Pública,3,,,Sem risco,Médio,Média,Médio,Médio
RA-1539,3K,3K,Aluno-1539,,13.0,Feminino,2024,Pública,Ametista,7.7095888889,3.0,6.667,9.02777777766667,6.885,Não informado,6.83333333333333,6.0,7.0,7.5,,,7.056666667,10.0,Fase 3 (7° e 8° ano),0,7.708333333,2024,Pública,3,,,Sem risco,Médio,Baixa,Médio,Médio
RA-618,3K,3K,Aluno-618,,15.0,Masculino,2021,Pública,Ágata,6.71834814823333,3.0,10.002,8.324074074,6.88,Não informado,4.16666666666667,5.0,4.5,3.0,,,6.826666667,5.0,Fase 5 (1° EM),-2,6.666666667,2024,Pública,3,,,Risco moderado,Médio,Alta,Médio,Baixo
RA-669,3K,3K,Aluno-669,,12.0,Masculino,2022,Pública,Ágata,6.6438703703,3.0,7.5,4.85185185166667,7.51,Não informado,5.33333333333333,5.0,6.0,5.0,,,6.883333333,10.0,Fase 3 (7° e 8° ano),0,7.291666667,2024,Pública,3,,,Sem risco,Baixo,Baixa,Médio,Baixo
RA-408,3K,3K,Aluno-408,,14.0,Feminino,2022,Pública,Ágata,6.5276296297,3.0,7.5,4.98148148166667,7.51,Não informado,4.83333333333333,3.0,5.5,6.0,,,6.776666667,10.0,Fase 3 (7° e 8° ano),0,7.083333333,2024,Pública,3,,,Sem risco,Baixo,Baixa,Médio,Baixo
RA-610,3K,3K,Aluno-610,,11.0,Feminino,2022,Pública,Ametista,7.89488888893333,3.0,9.585,9.69444444433333,3.76,Não informado,6.33333333333333,8.0,5.0,6.0,,,8.336666667,10.0,Fase 2 (5° e 6° ano),1,6.875,2024,Pública,3,,,Sem risco,Alto,Alta,Baixo,Alto
RA-409,3K,3K,Aluno-409,,13.0,Feminino,2022,Pública,Topázio,8.2254629629,3.0,9.585,9.23148148133333,7.51,Não informado,7.16666666666667,7.0,7.5,7.0,,,7.223333333,10.0,Fase 3 (7° e 8° ano),0,7.916666667,2024,Pública,3,,,Sem risco,Alto,Alta,Médio,Alto
RA-464,3L,3L,Aluno-464,,15.0,Feminino,2022,Pública,Ágata,6.87200906433333,4.0,9.168,7.85146198833333,8.76,Não informado,4.33333333333333,3.0,3.5,6.5,,,7.1175,5.0,Fase 4 (9° ano),-1,7.1875,2024,Pública,3,,,Risco moderado,Médio,Alta,Alto,Baixo
RA-1165,3L,3L,Aluno-1165,,13.0,Feminino,2023,Pública,Ametista,7.90804427246667,4.0,8.751,6.82972136233333,8.135,Não informado,8.0,9.0,7.5,7.5,,,7.83,10.0,Fase 3 (7° e 8° ano),0,6.875,2024,Pública,3,,,Sem risco,Baixo,Média,Alto,Alto
RA-466,3L,3L,Aluno-466,,15.0,Masculino,2022,Pública,Ágata,6.7787491228,4.0,8.751,7.223245614,8.76,Não informado,4.0,3.0,6.5,2.5,,,7.665,5.0,Fase 4 (9° ano),-1,7.5,2024,Pública,3,,,Risco moderado,Baixo,Média,Alto,Baixo
RA-414,3L,3L,Aluno-414,,14.0,Feminino,2021,Pública,Ametista,7.18762592593333,4.0,7.917,8.42962962966667,7.51,Não informado,6.0,9.0,3.0,6.0,,,5.67,10.0,Fase 3 (7° e 8° ano),0,6.25,2024,Pública,3,,,Sem risco,Médio,Baixa,Médio,Médio
RA-401,3L,3L,Aluno-401,,14.0,Feminino,2021,Pública,Ágata,6.72891140353333,4.0,6.666,6.83947368433333,6.885,Não informado,4.83333333333333,7.0,5.0,2.5,,,6.915,10.0,Fase 3 (7° e 8° ano),0,6.5625,2024,Pública,3,,,Sem risco,Baixo,Baixa,Médio,Baixo
RA-1141,3L,3L,Aluno-1141,,13.0,Feminino,2023,Pública,Ágata,6.79389086686667,4.0,9.585,6.19153766766667,7.51,Não informado,4.16666666666667,5.0,4.5,3.0,,,6.7825,10.0,Fase 3 (7° e 8° ano),0,6.5625,2024,Pública,3,,,Sem risco,Baixo,Alta,Médio,Baixo
RA-592,3L,3L,Aluno-592,,12.0,Feminino,2021,Privada,Ametista,7.1216222136,4.0,7.917,6.10815273466667,2.51,Não informado,7.83333333333333,7.0,8.0,8.5,,,7.625,10.0,Fase 2 (5° e 6° ano),1,7.65625,2024,Privada,3,,,Sem risco,Baixo,Baixa,Baixo,Médio
RA-474,3L,3L,Aluno-474,,15.0,Masculino,2021,Pública,Ágata,6.02475370373333,4.0,9.168,5.81851851866667,7.51,Não informado,3.0,4.0,3.0,2.0,,,6.8725,5.0,Fase 4 (9° ano),-1,7.1875,2024,Pública,3,,,Risco moderado,Baixo,Alta,Médio,Baixo
RA-602,3L,3L,Aluno-602,,13.0,Masculino,2021,Pública,Topázio,8.64740931373333,4.0,9.585,9.67058823533333,7.51,Não informado,7.33333333333333,9.0,5.0,8.0,,,8.545,10.0,Fase 3 (7° e 8° ano),0,8.28125,2024,Pública,3,,,Sem risco,Alto,Alta,Médio,Alto
RA-666,3L,3L,Aluno-666,,12.0,Masculino,2022,Pública,Topázio,8.18583880293333,4.0,10.002,7.881527348,7.51,Não informado,7.16666666666667,10.0,5.5,6.0,,,8.375,10.0,Fase 3 (7° e 8° ano),0,7.5,2024,Pública,3,,,Sem risco,Médio,Alta,Médio,Alto
RA-604,3L,3L,Aluno-604,,12.0,Feminino,2021,Pública,Ametista,7.42962355526667,4.0,8.334,7.50299277633333,8.13,Não informado,7.0,8.0,5.5,7.5,,,6.21,10.0,Fase 2 (5° e 6° ano),1,6.40625,2024,Pública,3,,,Sem risco,Baixo,Média,Alto,Médio
RA-476,3L,3L,Aluno-476,,14.0,Feminino,2021,Pública,Ágata,6.7359982456,4.0,7.917,6.596491228,7.51,Não informado,4.5,7.0,4.0,2.5,,,6.745,10.0,Fase 3 (7° e 8° ano),0,6.25,2024,Pública,3,,,Sem risco,Baixo,Baixa,Médio,Baixo
RA-423,3L,3L,Aluno-423,,14.0,Feminino,2022,Pública,Ágata,6.61619370486667,4.0,5.833,6.501135191,8.13,Não informado,4.33333333333333,6.0,3.5,3.5,,,6.8275,10.0,Fase 3 (7° e 8° ano),0,6.875,2024,Pública,3,,,Sem risco,Baixo,Baixa,Alto,Baixo
RA-631,3L,3L,Aluno-631,,14.0,Masculino,2022,Pública,Ágata,6.79567342046667,4.0,8.334,7.21220043566667,8.75,Não informado,4.16666666666667,7.0,3.5,2.0,,,6.245,10.0,Fase 3 (7° e 8° ano),0,5.625,2024,Pública,3,,,Sem risco,Baixo,Média,Alto,Baixo
RA-658,3M,3M,Aluno-658,,12.0,Feminino,2022,Pública,Ametista,7.50703333333333,5.0,8.751,10.0,8.135,Não informado,3.66666666666667,5.5,2.5,3.0,,,6.738,10.0,Fase 2 (5° e 6° ano),1,7.375,2024,Pública,3,,,Sem risco,Alto,Média,Alto,Médio
RA-1540,3M,3M,Aluno-1540,,14.0,Feminino,2024,Pública,Quartzo,5.69623333333333,5.0,8.334,5.0,7.51,Não informado,2.66666666666667,2.0,2.0,4.0,,,6.83,5.0,Fase 4 (9° ano),-1,7.125,2024,Pública,3,,,Risco moderado,Baixo,Média,Médio,Baixo
RA-1541,3M,3M,Aluno-1541,,13.0,Masculino,2024,Pública,Topázio,8.337,5.0,9.168,8.63333333333333,6.88,Não informado,8.16666666666667,9.0,7.0,8.5,,,7.736,10.0,Fase 3 (7° e 8° ano),0,8.25,2024,Pública,3,,,Sem risco,Médio,Alta,Médio,Alto
RA-1114,3M,3M,Aluno-1114,,12.0,Feminino,2023,Pública,Ametista,7.43746666666667,5.0,8.751,9.53333333333333,2.51,Não informado,5.0,5.0,3.0,7.0,,,7.836,10.0,Fase 3 (7° e 8° ano),0,8.375,2024,Pública,3,,,Sem risco,Alto,Média,Baixo,Médio
RA-662,3M,3M,Aluno-662,,13.0,Feminino,2022,Pública,Ametista,7.10747785546667,5.0,7.917,7.61072261066667,7.51,Não informado,4.16666666666667,4.5,5.0,3.0,,,7.234,10.0,Fase 3 (7° e 8° ano),0,7.625,2024,Pública,3,,,Sem risco,Baixo,Baixa,Médio,Médio
RA-760,3M,3M,Aluno-760,,13.0,Masculino,2021,Pública,Ágata,6.9425818182,5.0,9.168,7.090909091,7.51,Não informado,5.0,2.5,3.5,9.0,,,6.158,10.0,Fase 3 (7° e 8° ano),0,6.25,2024,Pública,3,,,Sem risco,Baixo,Alta,Médio,Médio
RA-1542,3M,3M,Aluno-1542,,16.0,Feminino,2024,Pública,Ágata,6.0886079922,5.0,7.501,6.30487329433333,8.135,Não informado,3.16666666666667,1.0,3.5,5.0,,,6.966,5.0,Fase 5 (1° EM),-2,7.375,2024,Pública,3,,,Risco moderado,Baixo,Baixa,Alto,Baixo
RA-404,3M,3M,Aluno-404,,14.0,Feminino,2021,Pública,Ágata,6.62458823526667,5.0,8.334,6.28627450966667,2.51,Não informado,5.66666666666667,6.0,5.0,6.0,,,6.998,10.0,Fase 3 (7° e 8° ano),0,7.5,2024,Pública,3,,,Sem risco,Baixo,Média,Baixo,Baixo
RA-1119,3M,3M,Aluno-1119,,14.0,Feminino,2023,Pública,Ametista,7.38826666666667,5.0,9.585,8.71666666666667,7.51,Não informado,5.66666666666667,6.0,3.5,7.5,,,7.698,5.0,Fase 4 (9° ano),-1,7.625,2024,Pública,3,,,Risco moderado,Médio,Alta,Médio,Médio
RA-1116,3M,3M,Aluno-1116,,15.0,Masculino,2023,Pública,Quartzo,3.7894777778,5.0,0.0,3.35555555566667,6.26,Não informado,2.33333333333333,1.0,3.0,3.0,,,5.066,5.0,Fase 4 (9° ano),-1,5.125,2024,Pública,3,,,Risco moderado,Baixo,Baixa,Médio,Baixo
RA-667,3M,3M,Aluno-667,,13.0,Masculino,2021,Pública,Ametista,7.17713060426667,5.0,9.168,7.03898635466667,7.51,Não informado,4.66666666666667,5.5,4.5,4.0,,,6.966,10.0,Fase 3 (7° e 8° ano),0,7.75,2024,Pública,3,,,Sem risco,Baixo,Alta,Médio,Médio
RA-605,3M,3M,Aluno-605,,13.0,Feminino,2021,Pública,Ágata,6.0175222222,5.0,7.5,6.19444444433333,6.885,Não informado,2.66666666666667,1.5,3.5,3.0,,,5.534,10.0,Fase 3 (7° e 8° ano),0,7.0,2024,Pública,3,,,Sem risco,Baixo,Baixa,Médio,Baixo
RA-1543,3M,3M,Aluno-1543,,14.0,Masculino,2024,Pública,Ágata,6.7545846154,5.0,7.5,8.076923077,7.51,Não informado,5.0,6.0,4.0,,,,7.066,5.0,Fase 4 (9° ano),-1,7.25,2024,Pública,3,,,Risco moderado,Médio,Baixa,Médio,Baixo
RA-1118,3M,3M,Aluno-1118,,14.0,Feminino,2023,Pública,Ametista,7.0305545924,5.0,7.084,7.84643962866667,9.38,Não informado,3.83333333333333,3.0,4.5,4.0,,,6.866,10.0,Fase 3 (7° e 8° ano),0,6.75,2024,Pública,3,,,Sem risco,Médio,Baixa,Alto,Médio
RA-1544,3M,3M,Aluno-1544,,14.0,Feminino,2024,Pública,Ágata,6.90556862746667,5.0,8.334,8.674509804,6.885,Não informado,5.83333333333333,5.5,5.5,6.5,,,6.598,5.0,Fase 4 (9° ano),-1,6.625,2024,Pública,3,,,Risco moderado,Médio,Média,Médio,Baixo
RA-1545,3N,3N,Aluno-1545,,12.0,Feminino,2024,Pública,Ametista,7.29659857553333,2.0,7.501,6.210826211,8.13,Não informado,8.16666666666667,8.0,6.5,10.0,,,6.165,10.0,Fase 3 (7° e 8° ano),0,6.25,2024,Pública,3,,,Sem risco,Baixo,Baixa,Alto,Médio
RA-1127,3N,3N,Aluno-1127,,12.0,Feminino,2023,Pública,Topázio,8.18096666666667,2.0,9.168,10.0,7.51,Não informado,5.83333333333333,8.5,4.5,4.5,,,7.67,10.0,Fase 3 (7° e 8° ano),0,8.125,2024,Pública,3,,,Sem risco,Alto,Alta,Médio,Alto
RA-1129,3N,3N,Aluno-1129,,12.0,Masculino,2023,Pública,Ametista,7.36041764706667,2.0,9.168,7.137254902,8.13,Não informado,6.83333333333333,9.0,5.5,6.0,,,5.745,10.0,Fase 3 (7° e 8° ano),0,6.875,2024,Pública,3,,,Sem risco,Baixo,Alta,Alto,Médio
RA-1546,3N,3N,Aluno-1546,,14.0,Masculino,2024,Pública,Ágata,6.90066210826667,2.0,8.334,6.37464387466667,8.75,Não informado,4.66666666666667,5.0,3.0,6.0,,,6.17,10.0,Fase 3 (7° e 8° ano),0,7.5,2024,Pública,3,,,Sem risco,Baixo,Média,Alto,Baixo
RA-1130,3N,3N,Aluno-1130,,12.0,Masculino,2023,Pública,Ágata,6.5639529412,2.0,8.751,6.27843137266667,8.13,Não informado,4.33333333333333,7.5,3.5,2.0,,,5.33,10.0,Fase 3 (7° e 8° ano),0,6.875,2024,Pública,3,,,Sem risco,Baixo,Média,Alto,Baixo
RA-1168,3N,3N,Aluno-1168,,14.0,Feminino,2023,Pública,Ágata,6.8640539216,2.0,9.585,7.68235294133333,7.51,Não informado,5.66666666666667,8.5,3.5,5.0,,,6.33,5.0,Fase 4 (9° ano),-1,7.1875,2024,Pública,3,,,Risco moderado,Baixo,Alta,Médio,Baixo
RA-613,3N,3N,Aluno-613,,15.0,Masculino,2021,Pública,Ametista,7.4019,2.0,8.334,9.56666666666667,7.51,Não informado,7.33333333333333,8.0,6.0,8.0,,,6.25,5.0,Fase 4 (9° ano),-1,6.875,2024,Pública,3,,,Risco moderado,Alto,Média,Médio,Médio
RA-433,3N,3N,Aluno-433,,14.0,Masculino,2022,Pública,Ametista,7.21815714286667,2.0,7.918,8.380952381,8.13,Não informado,4.83333333333333,6.5,4.0,4.0,,,6.415,10.0,Fase 3 (7° e 8° ano),0,6.875,2024,Pública,3,,,Sem risco,Médio,Baixa,Alto,Médio
RA-1547,3N,3N,Aluno-1547,,14.0,Feminino,2024,Pública,Ágata,6.7484806268,2.0,7.917,6.46723646733333,8.13,Não informado,6.66666666666667,9.5,6.0,4.5,,,6.335,5.0,Fase 4 (9° ano),-1,7.5,2024,Pública,3,,,Risco moderado,Baixo,Baixa,Alto,Baixo
RA-1548,3N,3N,Aluno-1548,,13.0,Feminino,2024,Pública,Ágata,6.48249971506667,2.0,8.334,5.242165242,7.51,Não informado,4.83333333333333,9.0,4.5,1.0,,,5.665,10.0,Fase 3 (7° e 8° ano),0,7.5,2024,Pública,3,,,Sem risco,Baixo,Média,Médio,Baixo
RA-304,3N,3N,Aluno-304,,16.0,Masculino,2021,Pública,Ágata,6.8524114846,2.0,10.002,7.82689075633333,7.51,Não informado,7.16666666666667,9.0,5.5,7.0,,,5.825,2.5,Fase 6 (2° EM),-3,6.875,2024,Pública,3,,,Alto risco,Médio,Alta,Médio,Baixo
RA-1549,3N,3N,Aluno-1549,,15.0,Masculino,2024,Pública,Ágata,6.51486220046667,2.0,9.585,7.44139433566667,7.51,Não informado,4.16666666666667,5.5,3.0,4.0,,,6.325,5.0,Fase 5 (1° EM),-2,7.1875,2024,Pública,3,,,Risco moderado,Baixo,Alta,Médio,Baixo
RA-632,3P,3P,Aluno-632,,12.0,Feminino,2022,Pública,Ametista,7.515491249,4.0,7.917,8.99916457833333,6.875,Não informado,4.16666666666667,0.0,6.0,6.5,,,7.875,10.0,Fase 3 (7° e 8° ano),0,8.28125,2024,Pública,3,,,Sem risco,Médio,Baixa,Médio,Médio
RA-633,3P,3P,Aluno-633,,13.0,Feminino,2021,Pública,Quartzo,5.22847017546667,4.0,4.584,4.707017544,2.51,Não informado,3.33333333333333,4.0,6.0,0.0,,,6.1175,10.0,Fase 3 (7° e 8° ano),0,6.875,2024,Pública,3,,,Sem risco,Baixo,Baixa,Baixo,Baixo
RA-1137,3P,3P,Aluno-1137,,11.0,Feminino,2023,Pública,Ametista,7.18375265246667,4.0,8.334,7.58863826233333,8.13,Não informado,3.5,1.0,4.5,5.0,,,7.4575,10.0,Fase 2 (5° e 6° ano),1,8.28125,2024,Pública,3,,,Sem risco,Baixo,Média,Alto,Médio
RA-646,3P,3P,Aluno-646,,14.0,Masculino,2021,Pública,Ametista,7.71549166666667,4.0,10.002,9.26666666666667,7.51,Não informado,6.16666666666667,9.0,4.5,5.0,,,7.7475,5.0,Fase 4 (9° ano),-1,8.28125,2024,Pública,3,,,Risco moderado,Alto,Alta,Médio,Médio
RA-1550,3P,3P,Aluno-1550,,15.0,Masculino,2024,Pública,Ágata,6.06423611106667,4.0,9.585,5.222222222,7.51,Não informado,4.33333333333333,5.0,3.0,5.0,,,6.2025,5.0,Fase 4 (9° ano),-1,7.03125,2024,Pública,3,,,Risco moderado,Baixo,Alta,Médio,Baixo
RA-1139,3P,3P,Aluno-1139,,12.0,Masculino,2023,Pública,Ágata,6.9062763576,4.0,8.334,6.15271512133333,7.51,Não informado,4.66666666666667,5.0,3.0,6.0,,,7.04,10.0,Fase 2 (5° e 6° ano),1,7.5,2024,Pública,3,,,Sem risco,Baixo,Média,Médio,Baixo
RA-444,3P,3P,Aluno-444,,14.0,Masculino,2021,Pública,Quartzo,5.41018863826667,4.0,8.334,6.37727652466667,2.51,Não informado,3.66666666666667,2.0,5.0,4.0,,,5.96,5.0,Fase 4 (9° ano),-1,6.25,2024,Pública,3,,,Risco moderado,Baixo,Média,Baixo,Baixo
RA-445,3P,3P,Aluno-445,,14.0,Masculino,2022,Pública,Ametista,7.3416246032,4.0,7.917,8.715873016,7.51,Não informado,4.0,3.0,6.0,3.0,,,7.3725,10.0,Fase 3 (7° e 8° ano),0,7.8125,2024,Pública,3,,,Sem risco,Médio,Baixa,Médio,Médio
RA-639,3P,3P,Aluno-639,,12.0,Feminino,2021,Pública,Quartzo,5.7693807644,4.0,7.917,5.27819548866667,2.51,Não informado,3.83333333333333,1.0,4.5,6.0,,,6.1625,10.0,Fase 3 (7° e 8° ano),0,6.71875,2024,Pública,3,,,Sem risco,Baixo,Baixa,Baixo,Baixo
RA-1142,3P,3P,Aluno-1142,,12.0,Feminino,2023,Pública,Topázio,8.39056666666667,4.0,8.334,9.13333333333333,7.51,Não informado,8.5,10.0,8.0,7.5,,,7.335,10.0,Fase 3 (7° e 8° ano),0,8.125,2024,Pública,3,,,Sem risco,Alto,Média,Médio,Alto
RA-1551,3P,3P,Aluno-1551,,15.0,Masculino,2024,Pública,Quartzo,5.9717087542,4.0,9.585,4.771043771,7.51,Não informado,3.5,1.0,5.5,4.0,,,6.79,5.0,Fase 5 (1° EM),-2,7.5,2024,Pública,3,,,Risco moderado,Baixo,Alta,Médio,Baixo
RA-458,3P,3P,Aluno-458,,15.0,Masculino,2021,Pública,Quartzo,5.68016150793333,4.0,8.751,3.73968253966667,6.88,Não informado,4.0,3.0,4.0,5.0,,,6.83,5.0,Fase 4 (9° ano),-1,7.03125,2024,Pública,3,,,Risco moderado,Baixo,Média,Médio,Baixo
RA-1552,3P,3P,Aluno-1552,,13.0,Masculino,2024,Pública,Ametista,7.44330128206667,4.0,9.585,9.74358974366667,7.51,Não informado,3.16666666666667,1.0,4.5,4.0,,,7.165,10.0,Fase 3 (7° e 8° ano),0,7.1875,2024,Pública,3,,,Sem risco,Alto,Alta,Médio,Médio
RA-1170,3P,3P,Aluno-1170,,15.0,Masculino,2023,Pública,Ágata,6.095440873,4.0,9.168,5.565079365,8.13,Não informado,3.5,1.0,2.5,7.0,,,6.7475,5.0,Fase 5 (1° EM),-2,7.03125,2024,Pública,3,,,Risco moderado,Baixo,Alta,Alto,Baixo
RA-642,3P,3P,Aluno-642,,12.0,Feminino,2021,Pública,Ametista,7.08259126986667,4.0,9.585,9.14920634933333,3.76,Não informado,4.0,2.0,5.0,5.0,,,6.9975,10.0,Fase 3 (7° e 8° ano),0,7.1875,2024,Pública,3,,,Sem risco,Alto,Alta,Baixo,Médio
RA-1553,3R,3R,Aluno-1553,,13.0,Masculino,2024,Pública,Ametista,7.6411843137,3.0,8.334,9.00392156866667,7.51,Não informado,4.33333333333333,6.0,5.0,2.0,,,7.78,10.0,Fase 3 (7° e 8° ano),0,8.333333333,2024,Pública,3,,,Sem risco,Médio,Média,Médio,Médio
RA-1554,3R,3R,Aluno-1554,,15.0,Masculino,2024,Pública,Ágata,6.94169259263333,3.0,6.666,9.62962962966667,8.76,Não informado,4.0,3.0,,5.0,,,7.22,5.0,Fase 5 (1° EM),-2,7.291666667,2024,Pública,3,,,Risco moderado,Alto,Baixa,Alto,Médio
RA-649,3R,3R,Aluno-649,,14.0,Feminino,2021,Pública,Ágata,6.98532969176667,3.0,8.751,6.00448179266667,8.76,Não informado,3.66666666666667,5.5,4.0,1.5,,,7.333333333,10.0,Fase 3 (7° e 8° ano),0,8.333333333,2024,Pública,3,,,Sem risco,Baixo,Média,Alto,Médio
RA-1136,3R,3R,Aluno-1136,,14.0,Feminino,2023,Pública,Quartzo,5.45817983186667,3.0,8.751,4.54789915966667,8.135,Não informado,1.66666666666667,1.0,2.0,2.0,,,6.383333333,5.0,Fase 4 (9° ano),-1,7.5,2024,Pública,3,,,Risco moderado,Baixo,Média,Alto,Baixo
RA-653,3R,3R,Aluno-653,,13.0,Feminino,2022,Pública,Topázio,8.10321764703333,3.0,8.751,9.537254902,8.76,Não informado,5.16666666666667,6.5,4.5,4.5,,,7.89,10.0,Fase 3 (7° e 8° ano),0,8.333333333,2024,Pública,3,,,Sem risco,Alto,Média,Alto,Alto
RA-456,3R,3R,Aluno-456,,13.0,Feminino,2022,Pública,Topázio,8.33112456136667,3.0,7.083,9.38245614033333,7.51,Não informado,6.5,9.0,6.0,4.5,,,8.893333333,10.0,Fase 3 (7° e 8° ano),0,9.166666667,2024,Pública,3,,,Sem risco,Alto,Baixa,Médio,Alto
RA-655,3R,3R,Aluno-655,,14.0,Feminino,2021,Pública,Topázio,8.23860000006667,3.0,7.501,10.0,8.76,Não informado,6.83333333333333,8.0,4.0,8.5,,,7.166666667,10.0,Fase 3 (7° e 8° ano),0,8.125,2024,Pública,3,,,Sem risco,Alto,Baixa,Alto,Alto
RA-656,3R,3R,Aluno-656,,13.0,Feminino,2021,Pública,Ágata,6.66815294126667,3.0,9.168,5.97843137266667,7.51,Não informado,4.16666666666667,5.0,3.5,4.0,,,6.106666667,10.0,Fase 3 (7° e 8° ano),0,7.5,2024,Pública,3,,,Sem risco,Baixo,Alta,Médio,Baixo
RA-657,3R,3R,Aluno-657,,13.0,Feminino,2021,Pública,Topázio,8.2074333334,3.0,8.751,9.6,6.885,Não informado,7.5,8.0,4.5,10.0,,,7.056666667,10.0,Fase 3 (7° e 8° ano),0,8.125,2024,Pública,3,,,Sem risco,Alto,Média,Médio,Alto
RA-1555,3R,3R,Aluno-1555,,13.0,Masculino,2024,Pública,Ametista,7.4827333334,3.0,8.334,10.0,6.255,Não informado,3.0,9.0,0.0,0.0,,,8.056666667,10.0,Fase 3 (7° e 8° ano),0,8.125,2024,Pública,3,,,Sem risco,Alto,Média,Baixo,Médio
RA-461,3R,3R,Aluno-461,,13.0,Feminino,2021,Pública,Ametista,7.5447559291,3.0,8.751,9.182446312,7.51,Não informado,4.5,3.0,4.5,6.0,,,7.056666667,10.0,Fase 3 (7° e 8° ano),0,7.708333333,2024,Pública,3,,,Sem risco,Alto,Média,Médio,Médio
RA-398,3U,3U,Aluno-398,,12.0,Feminino,2022,Pública,Ametista,7.24579999996667,3.0,7.083,5.73333333333333,7.51,Não informado,8.0,8.5,7.5,8.0,,,6.553333333,10.0,Fase 3 (7° e 8° ano),0,7.291666667,2024,Pública,3,,,Sem risco,Baixo,Baixa,Médio,Médio
RA-586,3U,3U,Aluno-586,,11.0,Feminino,2021,Privada - Programa de Apadrinhamento,Topázio,8.70238730166667,3.0,9.168,9.24126984133333,7.51,Não informado,8.5,7.5,8.0,10.0,,,8.056666667,10.0,Fase 2 (5° e 6° ano),1,8.75,2024,Privada,3,,,Sem risco,Alto,Alta,Médio,Alto
RA-623,3U,3U,Aluno-623,,15.0,Masculino,2022,Pública,Ágata,6.3577333333,3.0,8.334,7.4,6.885,Não informado,4.0,3.5,2.5,6.0,,,7.05,5.0,Fase 4 (9° ano),-1,6.458333333,2024,Pública,3,,,Risco moderado,Baixo,Média,Médio,Baixo
RA-588,3U,3U,Aluno-588,,11.0,Feminino,2021,Privada - Programa de Apadrinhamento,Topázio,8.67613333333333,3.0,9.168,9.83333333333333,7.51,Não informado,7.83333333333333,8.5,8.0,7.0,,,8.0,10.0,Fase 2 (5° e 6° ano),1,8.75,2024,Privada,3,,,Sem risco,Alto,Alta,Médio,Alto
RA-626,3U,3U,Aluno-626,,13.0,Masculino,2021,Pública,Ágata,6.4075902255,3.0,9.585,3.38045112766667,6.885,Não informado,5.33333333333333,5.5,3.5,7.0,,,6.443333333,10.0,Fase 3 (7° e 8° ano),0,7.291666667,2024,Pública,3,,,Sem risco,Baixo,Alta,Médio,Baixo
RA-1556,3U,3U,Aluno-1556,,14.0,Masculino,2024,Pública,Ágata,6.66681111116667,3.0,7.917,5.22222222233333,7.51,Não informado,4.0,3.5,,4.5,,,7.44,10.0,Fase 3 (7° e 8° ano),0,7.916666667,2024,Pública,3,,,Sem risco,Baixo,Baixa,Médio,Baixo
RA-455,3U,3U,Aluno-455,,14.0,Feminino,2022,Pública,Ametista,7.0989888889,3.0,8.751,6.111111111,8.13,Não informado,4.5,3.0,6.5,4.0,,,7.276666667,10.0,Fase 3 (7° e 8° ano),0,8.333333333,2024,Pública,3,,,Sem risco,Baixo,Média,Alto,Médio
RA-614,3U,3U,Aluno-614,,14.0,Masculino,2021,Pública,Ametista,7.82849999996667,3.0,9.585,9.7,7.51,Não informado,6.83333333333333,8.0,4.5,8.0,,,7.603333333,5.0,Fase 4 (9° ano),-1,7.916666667,2024,Pública,3,,,Risco moderado,Alto,Alta,Médio,Alto
RA-434,3U,3U,Aluno-434,,13.0,Masculino,2022,Pública,Ágata,6.6109476191,3.0,7.084,5.061904762,7.51,Não informado,5.5,5.5,5.5,5.5,,,6.55,10.0,Fase 3 (7° e 8° ano),0,7.291666667,2024,Pública,3,,,Sem risco,Baixo,Baixa,Médio,Baixo
RA-603,3U,3U,Aluno-603,,12.0,Masculino,2022,Pública,Ágata,6.94227777786667,3.0,9.585,7.15555555566667,6.885,Não informado,4.66666666666667,4.5,5.5,4.0,,,6.216666667,10.0,Fase 3 (7° e 8° ano),0,6.875,2024,Pública,3,,,Sem risco,Baixo,Alta,Médio,Médio
RA-1133,3U,3U,Aluno-1133,,11.0,Feminino,2023,Pública,Topázio,8.23855396826667,4.0,9.168,9.84126984133333,8.75,Não informado,4.5,5.0,3.5,5.0,,,8.83,10.0,Fase 2 (5° e 6° ano),1,8.125,2024,Pública,3,,,Sem risco,Alto,Alta,Alto,Alto
RA-616,3U,3U,Aluno-616,,14.0,Masculino,2021,Pública,Quartzo,5.45787719303333,3.0,7.5,3.08771929833333,6.885,Não informado,3.83333333333333,3.0,3.5,5.0,,,4.946666667,10.0,Fase 3 (7° e 8° ano),0,6.458333333,2024,Pública,3,,,Sem risco,Baixo,Baixa,Médio,Baixo
RA-1134,3U,3U,Aluno-1134,,12.0,Masculino,2023,Pública,Ametista,7.7564571427,3.0,8.751,8.914285714,7.51,Não informado,6.0,6.0,5.5,6.5,,,6.883333333,10.0,Fase 3 (7° e 8° ano),0,7.708333333,2024,Pública,3,,,Sem risco,Médio,Média,Médio,Médio
RA-1557,3U,3U,Aluno-1557,,14.0,Feminino,2024,Pública,Topázio,8.22850000003333,3.0,9.585,8.91666666666667,7.51,Não informado,7.0,6.0,,8.0,,,7.72,10.0,Fase 3 (7° e 8° ano),0,7.916666667,2024,Pública,3,,,Sem risco,Médio,Alta,Médio,Alto
RA-670,3U,3U,Aluno-670,,12.0,Feminino,2022,Privada - Programa de Apadrinhamento,Topázio,8.8602539683,3.0,9.585,9.44126984133333,7.51,Não informado,8.66666666666667,9.0,7.0,10.0,,,8.166666667,10.0,Fase 2 (5° e 6° ano),1,8.958333333,2024,Privada,3,,,Sem risco,Alto,Alta,Médio,Alto
RA-620,3U,3U,Aluno-620,,14.0,Masculino,2021,Pública,Quartzo,5.76689206356667,3.0,8.334,3.98412698433333,7.51,Não informado,2.5,3.5,2.5,1.5,,,5.886666667,10.0,Fase 3 (7° e 8° ano),0,7.083333333,2024,Pública,3,,,Sem risco,Baixo,Média,Médio,Baixo
RA-1149,4A,4A,Aluno-1149,,15.0,Feminino,2023,Pública,Topázio,8.1371,5.0,8.334,10.0,10.0,Não informado,6.0,2.0,6.0,10.0,,,8.706,5.0,Fase 5 (1° EM),-1,8.625,2024,Pública,4,,,Risco moderado,Alto,Média,Alto,Alto
RA-1558,4A,4A,Aluno-1558,,16.0,Masculino,2024,Pública,Ametista,7.64377204773333,5.0,9.168,8.70536023866667,8.755,Não informado,5.5,5.0,5.5,6.0,,,8.302,5.0,Fase 5 (1° EM),-1,8.5,2024,Pública,4,,,Risco moderado,Médio,Alta,Alto,Médio
RA-326,4A,4A,Aluno-326,,14.0,Feminino,2022,Privada,Topázio,8.83238909233334,5.0,9.168,8.97311212833333,6.26,Não informado,9.33333333333333,10.0,9.0,9.0,,,8.704,10.0,Fase 3 (7° e 8° ano),1,8.875,2024,Privada,4,,,Sem risco,Médio,Alta,Médio,Alto
RA-339,4A,4A,Aluno-339,,13.0,Feminino,2021,Pública,Ametista,7.71154074613333,5.0,7.5,7.155537064,5.635,Não informado,8.16666666666667,8.0,7.0,9.5,,,7.668,10.0,Fase 3 (7° e 8° ano),1,8.0,2024,Pública,4,,,Sem risco,Baixo,Baixa,Baixo,Médio
RA-179,4A,4A,Aluno-179,,13.0,Masculino,2022,Privada,Topázio,8.93271228073333,5.0,9.168,9.407894737,9.38,Não informado,8.16666666666667,7.0,8.0,9.5,,,8.44,10.0,Fase 3 (7° e 8° ano),1,8.75,2024,Privada,4,,,Sem risco,Alto,Alta,Alto,Alto
RA-1559,4A,4A,Aluno-1559,,15.0,Feminino,2024,Pública,Ágata,6.33042843766667,5.0,7.917,5.29297552166667,6.885,Não informado,4.66666666666667,8.0,0.0,6.0,,,7.604,5.0,Fase 5 (1° EM),-1,8.375,2024,Pública,4,,,Risco moderado,Baixo,Baixa,Médio,Baixo
RA-332,4A,4A,Aluno-332,,15.0,Masculino,2021,Privada - Programa de Apadrinhamento,Topázio,8.421271701,5.0,9.585,7.605358505,9.38,Não informado,7.0,7.0,7.0,7.0,,,8.706,10.0,Fase 3 (7° e 8° ano),1,8.625,2024,Privada,4,,,Sem risco,Baixo,Alta,Alto,Alto
RA-1560,4A,4A,Aluno-1560,,14.0,Feminino,2024,Privada,Topázio,8.4721031746,5.0,9.168,9.20634920633333,5.635,Não informado,8.16666666666667,6.0,8.5,10.0,,,8.336,10.0,Fase 3 (7° e 8° ano),1,8.5,2024,Privada,4,,,Sem risco,Alto,Alta,Baixo,Alto
RA-1153,4A,4A,Aluno-1153,,15.0,Feminino,2021,Privada - Programa de Apadrinhamento,Topázio,8.26887619046667,5.0,8.751,9.70238095233333,5.635,Não informado,8.5,8.0,8.5,9.0,,,9.074,5.0,Fase 5 (1° EM),-1,8.75,2024,Privada,4,,,Risco moderado,Alto,Média,Baixo,Alto
RA-183,4A,4A,Aluno-183,,15.0,Feminino,2022,Pública,Topázio,8.26690237153333,5.0,7.917,9.24901185766667,6.26,Não informado,7.5,5.0,7.5,10.0,,,8.372,10.0,Fase 4 (9° ano),0,8.25,2024,Pública,4,,,Sem risco,Alto,Baixa,Médio,Alto
RA-199,4A,4A,Aluno-199,,15.0,Masculino,2022,Privada,Ametista,7.41939824566667,5.0,8.334,7.55482456166667,6.88,Não informado,7.16666666666667,5.0,9.0,7.5,,,8.206,5.0,Fase 5 (1° EM),-1,8.125,2024,Privada,4,,,Risco moderado,Baixo,Média,Médio,Médio
RA-1561,4A,4A,Aluno-1561,,16.0,Masculino,2024,Pública,Ametista,7.94022063493333,5.0,9.585,9.17460317466667,5.0,Não informado,9.0,8.5,8.5,10.0,,,7.734,5.0,Fase 5 (1° EM),-1,8.0,2024,Pública,4,,,Risco moderado,Alto,Alta,Baixo,Alto
RA-336,4A,4A,Aluno-336,,15.0,Masculino,2021,Pública,Ágata,6.83428674846667,5.0,7.5,5.512100409,6.26,Não informado,5.83333333333333,6.0,6.5,5.0,,,7.196,10.0,Fase 4 (9° ano),0,7.5,2024,Pública,4,,,Sem risco,Baixo,Baixa,Médio,Baixo
RA-347,4A,4A,Aluno-347,,14.0,Feminino,2021,Pública,Topázio,8.38474258373333,5.0,8.751,9.673046252,6.885,Não informado,7.66666666666667,6.5,7.5,9.0,,,7.766,10.0,Fase 3 (7° e 8° ano),1,8.0,2024,Pública,4,,,Sem risco,Alto,Média,Médio,Alto
RA-397,4A,4A,Aluno-397,,16.0,Feminino,2021,Pública,Ágata,6.80729192186667,5.0,7.918,7.88529294266667,5.63,Não informado,5.66666666666667,5.0,4.5,7.5,,,7.398,5.0,Fase 6 (2° EM),-2,7.625,2024,Pública,4,,,Risco moderado,Médio,Baixa,Baixo,Baixo
RA-338,4B,4B,Aluno-338,,14.0,Masculino,2021,Pública,Topázio,8.05279533146667,4.0,9.168,7.441643324,7.51,Não informado,6.83333333333333,5.0,8.0,7.5,,,8.8375,10.0,Fase 4 (9° ano),0,7.625,2024,Pública,4,,,Sem risco,Baixo,Alta,Médio,Alto
RA-392,4B,4B,Aluno-392,,16.0,Masculino,2022,Pública,Quartzo,4.3639463364,4.0,9.585,5.414731682,5.635,Não informado,1.0,0.0,2.0,1.0,,,3.545,5.0,Fase 5 (1° EM),-1,3.5,2024,Pública,4,,,Risco moderado,Baixo,Alta,Baixo,Baixo
RA-352,4B,4B,Aluno-352,,13.0,Masculino,2021,Pública,Quartzo,5.9794829346,4.0,8.334,4.45374800633333,6.26,Não informado,3.16666666666667,2.0,5.5,2.0,,,6.7925,10.0,Fase 3 (7° e 8° ano),1,6.375,2024,Pública,4,,,Sem risco,Baixo,Média,Médio,Baixo
RA-1562,4B,4B,Aluno-1562,,16.0,Feminino,2024,Pública,Quartzo,5.45883333333333,4.0,6.25,8.66666666666667,5.01,Não informado,0.5,0.5,,,,,6.8725,5.0,Fase 6 (2° EM),-2,6.25,2024,Pública,4,,,Risco moderado,Médio,Baixa,Baixo,Baixo
RA-367,4B,4B,Aluno-367,,13.0,Feminino,2021,Pública,Ametista,7.2094340852,4.0,9.168,7.268170426,6.26,Não informado,5.0,2.0,5.5,7.5,,,7.6275,10.0,Fase 3 (7° e 8° ano),1,6.875,2024,Pública,4,,,Sem risco,Baixo,Alta,Médio,Médio
RA-1563,4B,4B,Aluno-1563,,15.0,Feminino,2024,Pública,Ametista,7.60421111113334,4.0,8.751,8.30555555566667,7.51,Não informado,7.0,5.0,7.5,8.5,,,8.46,5.0,Fase 5 (1° EM),-1,7.25,2024,Pública,4,,,Risco moderado,Médio,Média,Médio,Médio
RA-1564,4B,4B,Aluno-1564,,15.0,Masculino,2024,Pública,Quartzo,5.0761468806,4.0,8.334,4.94206773633333,6.885,Não informado,2.16666666666667,1.0,3.5,2.0,,,5.2875,5.0,Fase 5 (1° EM),-1,5.75,2024,Pública,4,,,Risco moderado,Baixo,Média,Médio,Baixo
RA-1565,4B,4B,Aluno-1565,,16.0,Masculino,2024,Pública,Quartzo,5.81644817926667,4.0,0.0,8.10224089633333,7.51,Não informado,5.5,7.0,3.0,6.5,,,6.0375,5.0,Fase 5 (1° EM),-1,6.375,2024,Pública,4,,,Risco moderado,Médio,Baixa,Médio,Baixo
RA-1566,4B,4B,Aluno-1566,,17.0,Feminino,2024,Pública,Ametista,7.75924387113333,4.0,9.168,9.24721935566667,7.51,Não informado,6.5,3.0,8.0,8.5,,,8.335,5.0,Fase 6 (2° EM),-2,7.75,2024,Pública,4,,,Risco moderado,Alto,Alta,Médio,Médio
RA-1567,4B,4B,Aluno-1567,,16.0,Feminino,2024,Pública,Ametista,7.91394208753333,4.0,8.334,8.771043771,7.51,Não informado,8.16666666666667,5.0,9.5,10.0,,,8.335,5.0,Fase 6 (2° EM),-2,7.75,2024,Pública,4,,,Risco moderado,Médio,Média,Médio,Alto
RA-356,4B,4B,Aluno-356,,14.0,Masculino,2021,Pública,Ágata,6.62733601653333,4.0,8.334,6.65634674933333,5.635,Não informado,5.33333333333333,1.0,7.0,8.0,,,6.5375,10.0,Fase 3 (7° e 8° ano),1,5.25,2024,Pública,4,,,Sem risco,Baixo,Média,Baixo,Baixo
RA-1568,4B,4B,Aluno-1568,,15.0,Feminino,2024,Pública,Ametista,7.8003261438,4.0,9.168,7.49346405233333,7.51,Não informado,8.16666666666667,7.5,7.5,9.5,,,8.5025,5.0,Fase 5 (1° EM),-1,8.0,2024,Pública,4,,,Risco moderado,Baixo,Alta,Médio,Alto
RA-247,4B,4B,Aluno-247,,14.0,Feminino,2021,Pública,Ágata,6.6464857398,4.0,0.0,8.30659536566667,6.26,Não informado,4.33333333333333,0.0,5.0,8.0,,,8.5875,10.0,Fase 4 (9° ano),0,7.75,2024,Pública,4,,,Sem risco,Médio,Baixa,Médio,Baixo
RA-204,4B,4B,Aluno-204,,15.0,Feminino,2021,Pública,Ametista,7.83821889486667,4.0,9.168,6.82709447433333,6.26,Não informado,7.5,5.0,7.5,10.0,,,8.5875,10.0,Fase 4 (9° ano),0,7.125,2024,Pública,4,,,Sem risco,Baixo,Alta,Médio,Alto
RA-1569,4B,4B,Aluno-1569,,17.0,Feminino,2024,Pública,Quartzo,5.7191555556,4.0,6.666,7.11111111133333,6.26,Não informado,2.16666666666667,2.0,3.0,1.5,,,6.9175,5.0,Fase 6 (2° EM),-2,6.875,2024,Pública,4,,,Risco moderado,Baixo,Baixa,Médio,Baixo
RA-1570,4B,4B,Aluno-1570,,16.0,Feminino,2024,Pública,Ametista,7.89408417506667,4.0,9.585,7.542087542,7.51,Não informado,8.33333333333333,6.5,9.0,9.5,,,8.6725,5.0,Fase 5 (1° EM),-1,7.75,2024,Pública,4,,,Risco moderado,Baixo,Alta,Médio,Alto
RA-1571,4B,4B,Aluno-1571,,16.0,Masculino,2024,Pública,Ametista,7.2484555556,4.0,8.334,9.11111111133334,5.005,Não informado,5.66666666666667,5.0,6.0,6.0,,,8.545,5.0,Fase 5 (1° EM),-1,7.5,2024,Pública,4,,,Risco moderado,Médio,Média,Baixo,Médio
RA-1572,4C,4C,Aluno-1572,,15.0,Feminino,2024,Pública,Topázio,8.08034563486667,3.0,9.168,9.84126984133333,7.51,Não informado,7.5,7.5,6.5,8.5,,,8.393333333,5.0,Fase 5 (1° EM),-1,7.65625,2024,Pública,4,,,Risco moderado,Alto,Alta,Médio,Alto
RA-1150,4C,4C,Aluno-1150,,17.0,Masculino,2023,Pública,Ametista,7.1023212964,3.0,8.334,6.48148148166667,7.51,Não informado,6.83333333333333,4.0,6.5,10.0,,,7.946666667,5.0,Fase 6 (2° EM),-2,7.65625,2024,Pública,4,,,Risco moderado,Baixo,Média,Médio,Médio
RA-1573,4C,4C,Aluno-1573,,16.0,Masculino,2024,Pública,Ágata,6.74384796926667,3.0,9.168,6.12044817933333,6.26,Não informado,5.0,0.0,6.0,9.0,,,8.556666667,5.0,Fase 5 (1° EM),-1,7.65625,2024,Pública,4,,,Risco moderado,Baixo,Alta,Médio,Baixo
RA-1574,4C,4C,Aluno-1574,,16.0,Feminino,2024,Pública,Ametista,7.77724418,3.0,8.751,8.39947089966667,7.51,Não informado,7.33333333333333,7.0,6.0,9.0,,,8.616666667,5.0,Fase 5 (1° EM),-1,7.8125,2024,Pública,4,,,Risco moderado,Médio,Média,Médio,Médio
RA-1151,4C,4C,Aluno-1151,,13.0,Feminino,2023,Pública,Topázio,8.74911111106667,3.0,7.5,9.72222222233333,5.635,Não informado,9.0,9.0,8.0,10.0,,,9.393333333,10.0,Fase 3 (7° e 8° ano),1,8.125,2024,Pública,4,,,Sem risco,Alto,Baixa,Baixo,Alto
RA-1575,4C,4C,Aluno-1575,,16.0,Feminino,2024,Pública,Ametista,7.31845939146667,3.0,9.168,8.624338624,6.885,Não informado,5.33333333333333,0.0,7.5,8.5,,,8.28,5.0,Fase 5 (1° EM),-1,7.65625,2024,Pública,4,,,Risco moderado,Médio,Alta,Médio,Médio
RA-1081,4C,4C,Aluno-1081,,15.0,Feminino,2023,Privada - Programa de Apadrinhamento,Topázio,8.5452952381,3.0,6.667,9.52380952366667,5.005,Não informado,8.83333333333333,9.5,8.0,9.0,,,8.95,10.0,Fase 4 (9° ano),0,9.166666667,2024,Privada,4,,,Sem risco,Alto,Baixa,Baixo,Alto
RA-342,4C,4C,Aluno-342,,16.0,Feminino,2021,Pública,Ágata,6.75702658726667,3.0,8.751,7.72817460333333,6.26,Não informado,4.5,6.5,7.0,0.0,,,7.723333333,5.0,Fase 5 (1° EM),-1,7.65625,2024,Pública,4,,,Risco moderado,Baixo,Média,Médio,Baixo
RA-1576,4C,4C,Aluno-1576,,16.0,Feminino,2024,Pública,Ametista,7.46362023806667,3.0,8.334,9.52380952366667,5.635,Não informado,6.66666666666667,7.5,4.5,8.0,,,8.44,5.0,Fase 5 (1° EM),-1,6.40625,2024,Pública,4,,,Risco moderado,Alto,Média,Baixo,Médio
RA-187,4C,4C,Aluno-187,,14.0,Feminino,2021,Privada - Programa de Apadrinhamento,Topázio,8.56842407406667,3.0,8.751,9.537037037,5.635,Não informado,7.83333333333333,7.5,7.0,9.0,,,9.06,10.0,Fase 4 (9° ano),0,8.4375,2024,Privada,4,,,Sem risco,Alto,Média,Baixo,Alto
RA-359,4C,4C,Aluno-359,,14.0,Feminino,2021,Pública,Ametista,7.49200634913334,3.0,9.168,7.16269841266667,6.26,Não informado,5.5,4.0,4.5,8.0,,,8.333333333,10.0,Fase 3 (7° e 8° ano),1,7.5,2024,Pública,4,,,Sem risco,Baixo,Alta,Médio,Médio
RA-1577,4C,4C,Aluno-1577,,16.0,Masculino,2024,Pública,Ágata,6.30558558193333,3.0,10.002,4.99338624333333,7.51,Não informado,4.33333333333333,4.0,7.0,2.0,,,7.273333333,5.0,Fase 5 (1° EM),-1,7.34375,2024,Pública,4,,,Risco moderado,Baixo,Alta,Médio,Baixo
RA-236,4F,4F,Aluno-236,,14.0,Feminino,2022,Pública,Ágata,6.98083374013333,5.0,9.168,7.89066870066667,6.26,Não informado,4.5,1.5,4.0,8.0,,,6.362,10.0,Fase 4 (9° ano),0,6.875,2024,Pública,4,,,Sem risco,Médio,Alta,Médio,Médio
RA-249,4F,4F,Aluno-249,,16.0,Masculino,2021,Pública,Ágata,6.125104329,5.0,7.083,6.645021645,5.0,Não informado,5.0,1.0,8.0,6.0,,,7.064,5.0,Fase 6 (2° EM),-2,6.75,2024,Pública,4,,,Risco moderado,Baixo,Baixa,Baixo,Baixo
RA-239,4F,4F,Aluno-239,,17.0,Feminino,2021,Pública,Ágata,6.7821808688,5.0,8.751,6.36173767733333,5.635,Não informado,6.66666666666667,4.0,10.0,6.0,,,8.502,2.5,Fase 7 (3° EM),-3,7.875,2024,Pública,4,,,Alto risco,Baixo,Média,Baixo,Baixo
RA-382,4F,4F,Aluno-382,,16.0,Masculino,2021,Pública,Quartzo,5.80571228073333,5.0,9.168,6.32456140366667,5.63,Não informado,3.0,2.0,3.0,4.0,,,6.43,5.0,Fase 5 (1° EM),-1,6.75,2024,Pública,4,,,Risco moderado,Baixo,Alta,Baixo,Baixo
RA-383,4F,4F,Aluno-383,,13.0,Masculino,2021,Pública,Topázio,8.03602438673334,5.0,9.168,8.60028860033333,7.51,Não informado,5.83333333333333,1.0,8.0,8.5,,,8.47,10.0,Fase 3 (7° e 8° ano),1,7.875,2024,Pública,4,,,Sem risco,Médio,Alta,Médio,Alto
RA-1155,4F,4F,Aluno-1155,,15.0,Feminino,2023,Pública,Ametista,7.11901111113333,5.0,8.334,8.888888889,5.005,Não informado,4.66666666666667,6.0,8.0,0.0,,,8.87,5.0,Fase 5 (1° EM),-1,8.0,2024,Pública,4,,,Risco moderado,Médio,Média,Baixo,Médio
RA-384,4F,4F,Aluno-384,,14.0,Feminino,2021,Pública,Topázio,8.07220072146667,5.0,7.5,8.60750360733333,7.51,Não informado,7.5,5.0,9.5,8.0,,,7.936,10.0,Fase 4 (9° ano),0,7.625,2024,Pública,4,,,Sem risco,Médio,Baixa,Médio,Alto
RA-1156,4F,4F,Aluno-1156,,13.0,Feminino,2023,Pública,Ágata,6.6777135642,5.0,7.5,7.821067821,7.51,Não informado,2.0,6.0,0.0,0.0,,,7.5,10.0,Fase 3 (7° e 8° ano),1,7.125,2024,Pública,4,,,Sem risco,Baixo,Baixa,Médio,Baixo
RA-1578,4F,4F,Aluno-1578,,13.0,Feminino,2024,Pública,Ametista,7.880605848,5.0,8.334,6.76169590666667,7.51,Não informado,7.33333333333333,6.0,6.0,10.0,,,8.636,10.0,Fase 3 (7° e 8° ano),1,7.5,2024,Pública,4,,,Sem risco,Baixo,Média,Médio,Alto
RA-388,4F,4F,Aluno-388,,16.0,Feminino,2021,Pública,Quartzo,5.96530793646667,5.0,7.5,6.349206349,7.51,Não informado,4.33333333333333,1.0,7.0,5.0,,,5.764,5.0,Fase 5 (1° EM),-1,6.75,2024,Pública,4,,,Risco moderado,Baixo,Baixa,Médio,Baixo
RA-260,4F,4F,Aluno-260,,15.0,Feminino,2021,Pública,Topázio,8.44892063493333,5.0,8.751,9.67460317466667,7.51,Não informado,7.0,7.5,5.5,8.0,,,8.502,10.0,Fase 4 (9° ano),0,7.875,2024,Pública,4,,,Sem risco,Alto,Média,Médio,Alto
RA-395,4F,4F,Aluno-395,,13.0,Feminino,2021,Pública,Ametista,7.169905291,5.0,8.751,6.92169312166667,6.26,Não informado,4.33333333333333,2.5,5.5,5.0,,,8.464,10.0,Fase 3 (7° e 8° ano),1,7.25,2024,Pública,4,,,Sem risco,Baixo,Média,Médio,Médio
RA-262,4F,4F,Aluno-262,,17.0,Masculino,2021,Privada,Quartzo,5.80614546206667,5.0,7.917,4.85456064366667,7.51,Não informado,4.16666666666667,1.0,4.5,7.0,,,6.296,5.0,Fase 6 (2° EM),-2,7.0,2024,Privada,4,,,Risco moderado,Baixo,Baixa,Médio,Baixo
RA-1579,4F,4F,Aluno-1579,,16.0,Feminino,2022,Pública,Ametista,7.89438571073333,5.0,8.751,9.090261887,5.635,Não informado,7.16666666666667,7.5,6.0,8.0,,,9.272,5.0,Fase 6 (2° EM),-2,8.5,2024,Pública,4,,,Risco moderado,Médio,Média,Baixo,Alto
RA-1580,4F,4F,Aluno-1580,,16.0,Masculino,2024,Pública,Ametista,7.79052399626667,5.0,8.751,9.04995331466667,7.51,Não informado,6.16666666666667,5.0,7.5,6.0,,,9.168,5.0,Fase 5 (1° EM),-1,7.875,2024,Pública,4,,,Risco moderado,Médio,Média,Médio,Alto
RA-377,4F,4F,Aluno-377,,14.0,Feminino,2021,Pública,Ametista,7.480115873,5.0,9.168,7.69841269833333,7.51,Não informado,5.16666666666667,4.0,6.5,5.0,,,7.634,10.0,Fase 4 (9° ano),0,7.125,2024,Pública,4,,,Sem risco,Baixo,Alta,Médio,Médio
RA-250,4H,4H,Aluno-250,,14.0,Feminino,2022,Privada - Programa de Apadrinhamento,Topázio,9.04989259256667,3.0,9.168,9.62962962966667,6.88,Não informado,9.16666666666667,10.0,7.5,10.0,,,8.95,10.0,Fase 4 (9° ano),0,8.958333333,2024,Privada,4,,,Sem risco,Alto,Alta,Médio,Alto
RA-1581,4H,4H,Aluno-1581,,16.0,Masculino,2024,Pública,Ágata,6.9787022855,3.0,8.334,7.83484476066667,6.26,Não informado,6.33333333333333,7.0,4.5,7.5,,,7.386666667,5.0,Fase 5 (1° EM),-1,7.083333333,2024,Pública,4,,,Risco moderado,Médio,Média,Médio,Médio
RA-1582,4H,4H,Aluno-1582,,15.0,Masculino,2024,Pública,Ágata,6.47278888896667,3.0,8.334,8.06944444433333,6.255,Não informado,4.5,7.0,2.0,4.5,,,6.666666667,5.0,Fase 5 (1° EM),-1,6.666666667,2024,Pública,4,,,Risco moderado,Médio,Média,Baixo,Baixo
RA-1583,4H,4H,Aluno-1583,,15.0,Feminino,2024,Pública,Ametista,7.8197579711,3.0,7.917,7.75362318833333,6.26,Não informado,8.16666666666667,8.0,6.5,10.0,,,9.006666667,5.0,Fase 5 (1° EM),-1,9.166666667,2024,Pública,4,,,Risco moderado,Baixo,Baixa,Médio,Alto
RA-450,4L,4L,Aluno-450,,15.0,Masculino,2021,Pública,Ametista,7.52618820666667,4.0,8.751,8.95419103333333,5.63,Não informado,7.5,8.0,8.5,6.0,,,7.58,5.0,Fase 5 (1° EM),-1,7.8125,2024,Pública,4,,,Risco moderado,Médio,Média,Baixo,Médio
RA-426,4L,4L,Aluno-426,,15.0,Feminino,2022,Pública,Ágata,6.6430030186,4.0,7.917,7.90505675966667,4.38,Não informado,4.83333333333333,3.5,7.0,4.0,,,8.0,5.0,Fase 5 (1° EM),-1,7.65625,2024,Pública,4,,,Risco moderado,Médio,Baixa,Baixo,Baixo
RA-1584,4L,4L,Aluno-1584,,15.0,Feminino,2024,Pública,Ametista,7.42983783066667,4.0,8.334,9.15343915333333,7.51,Não informado,5.5,6.0,5.5,5.0,,,8.1675,5.0,Fase 5 (1° EM),-1,7.8125,2024,Pública,4,,,Risco moderado,Alto,Média,Médio,Médio
RA-313,4L,4L,Aluno-313,,15.0,Feminino,2022,Pública,Ametista,7.25285,4.0,8.751,9.66666666666667,5.63,Não informado,4.83333333333333,1.0,8.0,5.5,,,8.1675,5.0,Fase 5 (1° EM),-1,7.8125,2024,Pública,4,,,Risco moderado,Alto,Média,Baixo,Médio
RA-467,4L,4L,Aluno-467,,15.0,Feminino,2022,Pública,Ametista,7.72981184213333,4.0,7.917,9.14035087733333,5.01,Não informado,6.83333333333333,5.5,9.0,6.0,,,7.54,10.0,Fase 4 (9° ano),0,7.34375,2024,Pública,4,,,Sem risco,Alto,Baixa,Baixo,Médio
RA-1585,4L,4L,Aluno-1585,,15.0,Feminino,2024,Pública,Ágata,6.73036701686667,4.0,10.002,6.77521008433333,7.51,Não informado,4.0,5.0,3.0,4.0,,,7.7925,5.0,Fase 5 (1° EM),-1,7.65625,2024,Pública,4,,,Risco moderado,Baixo,Alta,Médio,Baixo
RA-432,4L,4L,Aluno-432,,16.0,Feminino,2021,Pública,Ametista,7.167975,4.0,7.501,10.0,6.26,Não informado,5.5,5.0,6.0,5.5,,,7.2875,5.0,Fase 5 (1° EM),-1,7.34375,2024,Pública,4,,,Risco moderado,Alto,Baixa,Médio,Médio
RA-1586,4L,4L,Aluno-1586,,15.0,Feminino,2024,Pública,Ágata,6.55576432746667,4.0,10.002,6.12865497066667,5.01,Não informado,5.66666666666667,3.5,5.5,8.0,,,7.54,5.0,Fase 5 (1° EM),-1,6.875,2024,Pública,4,,,Risco moderado,Baixo,Alta,Baixo,Baixo
RA-470,4L,4L,Aluno-470,,15.0,Feminino,2021,Pública,Ágata,6.981130848,4.0,9.585,8.01169590666667,7.51,Não informado,3.33333333333333,3.5,4.0,2.5,,,6.4975,10.0,Fase 4 (9° ano),0,7.03125,2024,Pública,4,,,Sem risco,Médio,Alta,Médio,Médio
RA-417,4L,4L,Aluno-417,,14.0,Feminino,2022,Pública,Topázio,8.53362855753333,4.0,8.334,8.40155945433333,7.51,Não informado,8.83333333333333,9.0,10.0,7.5,,,8.2925,10.0,Fase 4 (9° ano),0,8.4375,2024,Pública,4,,,Sem risco,Médio,Média,Médio,Alto
RA-407,4L,4L,Aluno-407,,15.0,Masculino,2022,Pública,Ametista,7.0875128168,4.0,8.334,7.61452241733333,6.26,Não informado,3.66666666666667,2.0,5.0,4.0,,,7.875,10.0,Fase 4 (9° ano),0,7.96875,2024,Pública,4,,,Sem risco,Baixo,Média,Médio,Médio
RA-1587,4L,4L,Aluno-1587,,16.0,Feminino,2024,Pública,Ametista,7.34055,4.0,9.168,10.0,7.51,Não informado,3.75,7.5,0.0,,,,8.2075,5.0,Fase 6 (2° EM),-2,7.8125,2024,Pública,4,,,Risco moderado,Alto,Alta,Médio,Médio
RA-1588,4L,4L,Aluno-1588,,14.0,Feminino,2024,Pública,Ametista,7.30382372813333,4.0,7.917,8.64061864066667,7.51,Não informado,4.0,3.5,4.5,,,,7.415,10.0,Fase 4 (9° ano),0,7.5,2024,Pública,4,,,Sem risco,Médio,Baixa,Médio,Médio
RA-424,4L,4L,Aluno-424,,14.0,Feminino,2022,Pública,Ametista,7.34118728073333,4.0,8.334,9.61622807033333,7.51,Não informado,3.33333333333333,2.0,6.0,2.0,,,7.1625,10.0,Fase 4 (9° ano),0,7.34375,2024,Pública,4,,,Sem risco,Alto,Média,Médio,Médio
RA-1193,4L,4L,Aluno-1193,,15.0,Feminino,2023,Pública,Ágata,6.630481579,4.0,8.751,7.763157895,5.635,Não informado,4.0,3.0,6.0,3.0,,,7.79,5.0,Fase 5 (1° EM),-1,7.8125,2024,Pública,4,,,Risco moderado,Baixo,Média,Baixo,Baixo
RA-411,4M,4M,Aluno-411,,14.0,Feminino,2021,Privada,Ametista,7.27976296296667,4.0,7.083,9.148148148,5.635,Não informado,4.83333333333333,3.5,7.0,4.0,,,7.4125,10.0,Fase 4 (9° ano),0,7.291666667,2024,Privada,4,,,Sem risco,Alto,Baixa,Baixo,Médio
RA-412,4M,4M,Aluno-412,,14.0,Feminino,2021,Pública,Topázio,8.04437807016667,4.0,8.334,8.456140351,6.26,Não informado,7.33333333333333,8.0,6.0,8.0,,,8.125,10.0,Fase 4 (9° ano),0,8.020833333,2024,Pública,4,,,Sem risco,Médio,Média,Médio,Alto
RA-428,4M,4M,Aluno-428,,14.0,Masculino,2022,Pública,Ametista,7.5349491228,4.0,9.168,8.898245614,5.635,Não informado,5.0,3.0,4.0,8.0,,,7.625,10.0,Fase 4 (9° ano),0,7.5,2024,Pública,4,,,Sem risco,Médio,Alta,Baixo,Médio
RA-315,4M,4M,Aluno-315,,15.0,Feminino,2022,Pública,Ágata,6.0768703704,4.0,0.0,5.91851851866667,7.51,Não informado,6.83333333333333,6.5,6.5,7.5,,,7.6275,5.0,Fase 5 (1° EM),-1,7.5,2024,Pública,4,,,Risco moderado,Baixo,Baixa,Médio,Baixo
RA-442,4M,4M,Aluno-442,,13.0,Feminino,2022,Pública,Ágata,6.90543921566667,4.0,8.334,5.91519607833333,5.635,Não informado,5.0,4.5,7.0,3.5,,,7.8775,10.0,Fase 3 (7° e 8° ano),1,7.5,2024,Pública,4,,,Sem risco,Baixo,Média,Baixo,Baixo
RA-301,4M,4M,Aluno-301,,15.0,Feminino,2021,Pública,Topázio,8.41083070176667,4.0,9.168,7.49473684233333,7.51,Não informado,9.0,10.0,9.0,8.0,,,8.21,10.0,Fase 4 (9° ano),0,8.020833333,2024,Pública,4,,,Sem risco,Baixo,Alta,Médio,Alto
RA-1163,4M,4M,Aluno-1163,,15.0,Masculino,2023,Pública,Topázio,8.6794789474,4.0,8.334,9.82456140366667,7.51,Não informado,7.83333333333333,9.5,6.5,7.5,,,8.755,10.0,Fase 4 (9° ano),0,8.125,2024,Pública,4,,,Sem risco,Alto,Média,Médio,Alto
RA-402,4M,4M,Aluno-402,,14.0,Feminino,2021,Pública,Quartzo,5.68306481483333,4.0,7.5,3.074074074,6.26,Não informado,4.16666666666667,3.0,3.5,6.0,,,6.1175,10.0,Fase 4 (9° ano),0,6.354166667,2024,Pública,4,,,Sem risco,Baixo,Baixa,Médio,Baixo
RA-1589,4M,4M,Aluno-1589,,15.0,Feminino,2024,Pública,Quartzo,5.26085185186667,4.0,0.0,6.25925925933333,7.51,Não informado,2.5,3.0,2.0,,,,7.54,5.0,Fase 5 (1° EM),-1,7.5,2024,Pública,4,,,Risco moderado,Baixo,Baixa,Médio,Baixo
RA-1162,4M,4M,Aluno-1162,,14.0,Feminino,2023,Pública,Ametista,7.47316783626667,4.0,7.917,9.13567251466667,6.26,Não informado,5.66666666666667,4.0,7.5,5.5,,,7.0375,10.0,Fase 4 (9° ano),0,6.875,2024,Pública,4,,,Sem risco,Alto,Baixa,Médio,Médio
RA-471,4M,4M,Aluno-471,,14.0,Feminino,2021,Pública,Ágata,6.63584711776667,4.0,0.0,7.02756892233333,7.51,Não informado,5.5,4.0,5.5,7.0,,,8.0425,10.0,Fase 4 (9° ano),0,7.708333333,2024,Pública,4,,,Sem risco,Baixo,Baixa,Médio,Baixo
RA-416,4M,4M,Aluno-416,,14.0,Masculino,2021,Privada - Programa de Apadrinhamento,Topázio,8.70080857703333,4.0,8.751,8.97270955166667,7.51,Não informado,8.0,8.0,7.5,8.5,,,9.13,10.0,Fase 3 (7° e 8° ano),1,8.541666667,2024,Privada,4,,,Sem risco,Médio,Média,Médio,Alto
RA-303,4M,4M,Aluno-303,,16.0,Masculino,2021,Pública,Ágata,6.24434269006667,4.0,8.751,3.95204678366667,7.51,Não informado,5.66666666666667,5.0,5.0,7.0,,,7.535,5.0,Fase 6 (2° EM),-2,6.875,2024,Pública,4,,,Risco moderado,Baixo,Média,Médio,Baixo
RA-418,4M,4M,Aluno-418,,12.0,Feminino,2021,Privada - Programa de Apadrinhamento,Topázio,9.12518333336667,4.0,8.751,10.0,7.51,Não informado,9.33333333333333,9.5,8.5,10.0,,,9.0475,10.0,Fase 3 (7° e 8° ano),1,8.229166667,2024,Privada,4,,,Sem risco,Alto,Média,Médio,Alto
RA-419,4M,4M,Aluno-419,,14.0,Feminino,2021,Privada - Programa de Apadrinhamento,Topázio,8.35570789476667,4.0,7.083,9.38245614066667,6.26,Não informado,8.16666666666667,6.5,8.0,10.0,,,8.5475,10.0,Fase 3 (7° e 8° ano),1,8.020833333,2024,Privada,4,,,Sem risco,Alto,Baixa,Médio,Alto
RA-420,4M,4M,Aluno-420,,13.0,Feminino,2021,Privada - Programa de Apadrinhamento,Ametista,7.5442289474,4.0,8.334,9.557894737,6.26,Não informado,4.0,3.0,4.5,4.5,,,7.96,10.0,Fase 3 (7° e 8° ano),1,7.8125,2024,Privada,4,,,Sem risco,Alto,Média,Médio,Médio
RA-1166,4M,4M,Aluno-1166,,16.0,Feminino,2023,Pública,Ametista,7.45279912276667,4.0,8.334,8.498245614,6.26,Não informado,6.33333333333333,5.0,7.0,7.0,,,8.625,5.0,Fase 5 (1° EM),-1,8.020833333,2024,Pública,4,,,Risco moderado,Médio,Média,Médio,Médio
RA-425,4M,4M,Aluno-425,,14.0,Masculino,2022,Pública,Topázio,9.0166166667,4.0,10.002,10.0,6.26,Não informado,9.0,10.0,7.5,9.5,,,8.8375,10.0,Fase 4 (9° ano),0,8.229166667,2024,Pública,4,,,Sem risco,Alto,Alta,Médio,Alto
RA-1590,4N,4N,Aluno-1590,,15.0,Feminino,2024,Pública,Topázio,8.1907875086,5.0,7.917,8.26777087633333,7.51,Não informado,8.66666666666667,8.5,8.0,9.5,,,8.806,5.0,Fase 5 (1° EM),-1,10.0,2024,Pública,4,,,Risco moderado,Médio,Baixa,Médio,Alto
RA-1591,4N,4N,Aluno-1591,,16.0,Feminino,2024,Pública,Ágata,6.1707952862,5.0,7.083,6.430976431,7.51,Não informado,3.5,3.0,4.5,3.0,,,7.064,5.0,Fase 6 (2° EM),-2,8.125,2024,Pública,4,,,Risco moderado,Baixo,Baixa,Médio,Baixo
RA-273,4N,4N,Aluno-273,,16.0,Feminino,2021,Pública,Ágata,6.5991307798,5.0,9.168,7.323153899,6.26,Não informado,4.5,3.0,6.5,4.0,,,6.896,5.0,Fase 5 (1° EM),-1,8.125,2024,Pública,4,,,Risco moderado,Baixo,Alta,Médio,Baixo
RA-1592,4N,4N,Aluno-1592,,15.0,Feminino,2024,Pública,Ágata,6.81254547966667,5.0,7.917,6.85472739833333,7.51,Não informado,5.5,4.0,7.5,5.0,,,7.432,5.0,Fase 5 (1° EM),-1,8.125,2024,Pública,4,,,Risco moderado,Baixo,Baixa,Médio,Baixo
RA-457,4N,4N,Aluno-457,,14.0,Feminino,2022,Pública,Topázio,8.5892756038,5.0,8.334,8.74396135233334,7.51,Não informado,8.66666666666667,8.0,8.0,10.0,,,7.77,10.0,Fase 3 (7° e 8° ano),1,9.6875,2024,Pública,4,,,Sem risco,Médio,Média,Médio,Alto
RA-305,4N,4N,Aluno-305,,16.0,Masculino,2021,Pública,Ágata,6.6930268116,5.0,8.334,7.89855072466667,6.26,Não informado,4.83333333333333,3.0,3.0,8.5,,,7.03,5.0,Fase 5 (1° EM),-1,7.8125,2024,Pública,4,,,Risco moderado,Médio,Média,Médio,Baixo
RA-421,4N,4N,Aluno-421,,13.0,Masculino,2021,Pública,Topázio,8.488232329,5.0,8.751,9.54074497833333,7.51,Não informado,6.66666666666667,5.0,6.0,9.0,,,8.572,10.0,Fase 3 (7° e 8° ano),1,9.0625,2024,Pública,4,,,Sem risco,Alto,Média,Médio,Alto
RA-1169,4N,4N,Aluno-1169,,15.0,Feminino,2023,Pública,Ágata,6.88530555553333,5.0,6.25,8.44444444433333,5.635,Não informado,6.83333333333333,6.0,6.5,8.0,,,6.8,5.0,Fase 5 (1° EM),-1,7.8125,2024,Pública,4,,,Risco moderado,Médio,Baixa,Baixo,Baixo
RA-1593,4N,4N,Aluno-1593,,15.0,Masculino,2024,Pública,Ágata,6.63852501733333,5.0,6.249,4.86887508666667,6.26,Não informado,6.5,9.0,6.5,4.0,,,8.538,5.0,Fase 5 (1° EM),-1,9.0625,2024,Pública,4,,,Risco moderado,Baixo,Baixa,Médio,Baixo
RA-1594,4N,4N,Aluno-1594,,16.0,Masculino,2024,Pública,Quartzo,5.7312672878,5.0,9.585,6.112836439,6.26,Não informado,3.0,1.0,4.0,4.0,,,5.996,5.0,Fase 6 (2° EM),-2,6.25,2024,Pública,4,,,Risco moderado,Baixo,Alta,Médio,Baixo
RA-283,4N,4N,Aluno-283,,16.0,Masculino,2021,Pública,Ametista,7.9444309524,5.0,8.751,9.761904762,6.885,Não informado,8.0,6.5,8.0,9.5,,,7.736,5.0,Fase 6 (2° EM),-2,7.8125,2024,Pública,4,,,Risco moderado,Alto,Média,Médio,Alto
RA-459,4N,4N,Aluno-459,,14.0,Masculino,2021,Pública,Ametista,7.2338045894,5.0,7.917,8.45410628033333,5.635,Não informado,4.66666666666667,0.0,6.0,8.0,,,7.366,10.0,Fase 4 (9° ano),0,7.8125,2024,Pública,4,,,Sem risco,Médio,Baixa,Baixo,Médio
RA-454,4R,4R,Aluno-454,,17.0,Masculino,2021,Pública,Quartzo,5.85229434696667,6.0,9.585,6.63313840166667,6.255,Não informado,3.66666666666667,3.0,2.0,6.0,,,5.833333333,5.0,Fase 6 (2° EM),-2,5.416666667,2024,Pública,4,,,Risco moderado,Baixo,Alta,Baixo,Baixo
RA-1595,4R,4R,Aluno-1595,,14.0,Masculino,2024,Pública,Ágata,6.6599304233,6.0,8.334,7.94973544966667,6.26,Não informado,2.33333333333333,3.0,0.0,4.0,,,7.021666667,10.0,Fase 4 (9° ano),0,7.395833333,2024,Pública,4,,,Sem risco,Médio,Média,Médio,Baixo
RA-1596,4R,4R,Aluno-1596,,17.0,Feminino,2024,Pública,Ametista,7.26101666676667,6.0,8.751,10.0,7.51,Não informado,3.33333333333333,5.0,0.0,5.0,,,8.226666667,5.0,Fase 6 (2° EM),-2,8.229166667,2024,Pública,4,,,Risco moderado,Alto,Média,Médio,Médio
RA-170,4R,4R,Aluno-170,,16.0,Feminino,2021,Privada - Programa de Apadrinhamento,Ametista,7.6463833333,6.0,9.168,8.5,5.635,Não informado,8.0,10.0,6.5,7.5,,,8.028333333,5.0,Fase 5 (1° EM),-1,7.604166667,2024,Privada,4,,,Risco moderado,Médio,Alta,Baixo,Médio
RA-1597,4R,4R,Aluno-1597,,16.0,Feminino,2024,Pública,Ágata,6.7187063492,6.0,7.5,8.41269841266667,7.51,Não informado,2.83333333333333,2.0,0.0,6.5,,,8.28,5.0,Fase 5 (1° EM),-1,8.125,2024,Pública,4,,,Risco moderado,Médio,Baixa,Médio,Baixo
RA-1171,4R,4R,Aluno-1171,,15.0,Masculino,2023,Pública,Ametista,7.6236817459,6.0,8.334,7.23015873,7.51,Não informado,7.5,5.0,9.5,8.0,,,8.643333333,5.0,Fase 5 (1° EM),-1,8.645833333,2024,Pública,4,,,Risco moderado,Baixo,Média,Médio,Médio
RA-116,5A,5A,Aluno-116,,18.0,Feminino,2021,Pública,Ágata,6.33747070713333,5.0,8.334,7.53535353566667,5.635,Não informado,4.5,6.5,2.0,5.0,,,6.73,5.0,Fase 7 (3° EM),-2,6.875,2024,Pública,5,,,Risco moderado,Baixo,Média,Baixo,Baixo
RA-217,5A,5A,Aluno-217,,17.0,Feminino,2021,Privada - Programa de Apadrinhamento,Ametista,7.4209164502,5.0,8.334,8.91774891766667,6.26,Não informado,7.83333333333333,9.0,7.0,7.5,,,6.994,5.0,Fase 6 (2° EM),-1,7.125,2024,Privada,5,,,Risco moderado,Médio,Média,Médio,Médio
RA-103,5A,5A,Aluno-103,,15.0,Feminino,2021,Privada - Programa de Apadrinhamento,Topázio,8.775268254,5.0,8.334,9.60317460333334,6.26,Não informado,9.16666666666667,9.0,9.0,9.5,,,8.872,10.0,Fase 5 (1° EM),0,7.875,2024,Privada,5,,,Sem risco,Alto,Média,Médio,Alto
RA-178,5A,5A,Aluno-178,,16.0,Feminino,2021,Privada - Programa de Apadrinhamento,Ametista,7.2341688312,5.0,9.585,8.73917748933333,6.26,Não informado,4.16666666666667,2.5,2.5,7.5,,,6.53,10.0,Fase 5 (1° EM),0,7.625,2024,Privada,5,,,Sem risco,Médio,Alta,Médio,Médio
RA-1172,5A,5A,Aluno-1172,,17.0,Feminino,2023,Pública,Quartzo,5.71956507933333,5.0,7.5,6.06349206333333,6.26,Não informado,3.33333333333333,0.0,5.0,5.0,,,6.196,5.0,Fase 6 (2° EM),-1,7.25,2024,Pública,5,,,Risco moderado,Baixo,Baixa,Médio,Baixo
RA-180,5A,5A,Aluno-180,,14.0,Masculino,2021,Privada - Programa de Apadrinhamento,Topázio,8.80146363633334,5.0,9.168,9.43181818166667,7.51,Não informado,8.5,9.0,8.5,8.0,,,8.674,10.0,Fase 3 (7° e 8° ano),2,8.125,2024,Privada,5,,,Sem risco,Alto,Alta,Médio,Alto
RA-181,5A,5A,Aluno-181,,15.0,Feminino,2021,Privada - Programa de Apadrinhamento,Ametista,7.43984141413333,5.0,7.5,8.73737373733333,6.26,Não informado,4.33333333333333,0.0,7.5,5.5,,,8.436,10.0,Fase 5 (1° EM),0,7.625,2024,Privada,5,,,Sem risco,Médio,Baixa,Médio,Médio
RA-121,5A,5A,Aluno-121,,17.0,Feminino,2021,Pública,Ametista,7.47615829726667,5.0,8.751,8.152958153,6.26,Não informado,8.83333333333333,7.5,9.0,10.0,,,6.764,5.0,Fase 7 (3° EM),-2,7.25,2024,Pública,5,,,Risco moderado,Médio,Média,Médio,Médio
RA-211,5A,5A,Aluno-211,,15.0,Masculino,2021,Privada - Programa de Apadrinhamento,Topázio,8.28360187593333,5.0,9.585,9.37950937966667,7.51,Não informado,7.0,5.5,6.5,9.0,,,7.866,10.0,Fase 5 (1° EM),0,7.25,2024,Privada,5,,,Sem risco,Alto,Alta,Médio,Alto
RA-1198,5A,5A,Aluno-1198,,17.0,Feminino,2023,Pública,Ágata,6.9217748918,5.0,8.751,9.458874459,7.51,Não informado,3.5,0.0,1.0,9.5,,,7.332,5.0,Fase 6 (2° EM),-1,7.375,2024,Pública,5,,,Risco moderado,Alto,Média,Médio,Médio
RA-110,5A,5A,Aluno-110,,16.0,Masculino,2021,Privada - Programa de Apadrinhamento,Topázio,8.6324939394,5.0,9.168,9.696969697,6.255,Não informado,8.5,10.0,7.0,8.5,,,8.504,10.0,Fase 5 (1° EM),0,7.5,2024,Privada,5,,,Sem risco,Alto,Alta,Baixo,Alto
RA-189,5A,5A,Aluno-189,,15.0,Masculino,2021,Privada - Programa de Apadrinhamento,Topázio,8.58653333333333,5.0,10.002,10.0,6.255,Não informado,8.16666666666667,7.0,7.5,10.0,,,8.2,10.0,Fase 5 (1° EM),0,6.875,2024,Privada,5,,,Sem risco,Alto,Alta,Baixo,Alto
RA-127,5A,5A,Aluno-127,,16.0,Feminino,2022,Privada - Programa de Apadrinhamento,Topázio,8.5605939394,5.0,8.751,9.48863636366667,7.51,Não informado,7.83333333333333,10.0,3.5,10.0,,,8.538,10.0,Fase 5 (1° EM),0,7.625,2024,Privada,5,,,Sem risco,Alto,Média,Médio,Alto
RA-115,5A,5A,Aluno-115,,17.0,Feminino,2021,Pública,Quartzo,5.40418469573333,5.0,7.917,4.164756812,6.26,Não informado,4.16666666666667,6.5,4.5,1.5,,,5.726,5.0,Fase 7 (3° EM),-2,6.75,2024,Pública,5,,,Risco moderado,Baixo,Baixa,Médio,Baixo
RA-215,5B,5B,Aluno-215,,15.0,Feminino,2021,Pública,Ametista,7.0452588744,5.0,7.084,6.45562770533333,6.26,Não informado,5.66666666666667,5.0,2.0,10.0,,,7.432,10.0,Fase 5 (1° EM),0,8.0,2024,Pública,5,,,Sem risco,Baixo,Baixa,Médio,Médio
RA-1598,5B,5B,Aluno-1598,,15.0,Feminino,2024,Pública,Topázio,8.4656285714,5.0,9.585,8.857142857,7.51,Não informado,7.5,7.5,7.5,,,,8.236,10.0,Fase 5 (1° EM),0,8.375,2024,Pública,5,,,Sem risco,Médio,Alta,Médio,Alto
RA-1174,5B,5B,Aluno-1174,,16.0,Feminino,2023,Pública,Ametista,7.37421341986667,5.0,8.751,8.34956709933333,6.26,Não informado,5.0,5.0,3.0,7.0,,,7.266,10.0,Fase 5 (1° EM),0,7.5,2024,Pública,5,,,Sem risco,Médio,Média,Médio,Médio
RA-192,5B,5B,Aluno-192,,17.0,Masculino,2021,Privada,Ágata,6.88296060606667,5.0,8.334,6.36363636366667,7.51,Não informado,7.16666666666667,4.0,7.5,10.0,,,6.9,5.0,Fase 7 (3° EM),-2,7.125,2024,Privada,5,,,Risco moderado,Baixo,Média,Médio,Baixo
RA-220,5B,5B,Aluno-220,,15.0,Feminino,2022,Pública,Ametista,7.69877705626667,5.0,8.751,8.198051948,6.26,Não informado,6.83333333333333,8.0,3.5,9.0,,,7.332,10.0,Fase 5 (1° EM),0,7.25,2024,Pública,5,,,Sem risco,Médio,Média,Médio,Médio
RA-186,5B,5B,Aluno-186,,15.0,Feminino,2021,Privada,Topázio,8.32596363633333,5.0,7.917,9.640151515,6.26,Não informado,7.16666666666667,6.0,7.0,8.5,,,8.672,10.0,Fase 4 (9° ano),1,8.125,2024,Privada,5,,,Sem risco,Alto,Baixa,Médio,Alto
RA-1181,5B,5B,Aluno-1181,,15.0,Feminino,2023,Pública,Ágata,6.20158167386667,5.0,9.168,5.036075036,6.26,Não informado,3.83333333333333,1.0,1.0,9.5,,,5.862,10.0,Fase 5 (1° EM),0,7.125,2024,Pública,5,,,Sem risco,Baixo,Alta,Médio,Baixo
RA-1599,5B,5B,Aluno-1599,,17.0,Feminino,2024,Pública,Ametista,7.60593333333333,5.0,8.334,9.66666666666667,7.51,Não informado,6.5,7.0,6.0,,,,7.566,5.0,Fase 7 (3° EM),-2,7.75,2024,Pública,5,,,Risco moderado,Alto,Média,Médio,Médio
RA-111,5B,5B,Aluno-111,,15.0,Feminino,2021,Privada - Programa de Apadrinhamento,Topázio,8.6676939394,5.0,9.168,9.48863636366667,6.26,Não informado,8.33333333333333,8.0,7.0,10.0,,,8.74,10.0,Fase 5 (1° EM),0,8.125,2024,Privada,5,,,Sem risco,Alto,Alta,Médio,Alto
RA-1600,5B,5B,Aluno-1600,,17.0,Feminino,2024,Pública,Ágata,6.75061851853333,5.0,8.751,8.425925926,6.26,Não informado,5.66666666666667,5.0,2.0,10.0,,,6.03,5.0,Fase 7 (3° EM),-2,7.25,2024,Pública,5,,,Risco moderado,Médio,Média,Médio,Baixo
RA-1601,5C,5C,Aluno-1601,,17.0,Feminino,2024,Pública,Ametista,7.2431,4.0,8.751,7.0,7.51,Não informado,6.5,5.0,5.0,9.5,,,8.335,5.0,Fase 6 (2° EM),-1,7.5,2024,Pública,5,,,Risco moderado,Baixo,Média,Médio,Médio
RA-176,5C,5C,Aluno-176,,15.0,Feminino,2021,Privada - Programa de Apadrinhamento,Topázio,8.82863257573333,4.0,9.585,9.54545454533333,6.26,Não informado,8.83333333333333,9.0,8.0,9.5,,,8.545,10.0,Fase 4 (9° ano),1,8.59375,2024,Privada,5,,,Sem risco,Alto,Alta,Médio,Alto
RA-1602,5C,5C,Aluno-1602,,15.0,Feminino,2024,Pública,Topázio,8.0418898148,4.0,7.917,8.78240740733333,7.51,Não informado,7.16666666666667,9.5,2.0,10.0,,,7.875,10.0,Fase 5 (1° EM),0,7.34375,2024,Pública,5,,,Sem risco,Médio,Baixa,Médio,Alto
RA-1603,5C,5C,Aluno-1603,,16.0,Feminino,2024,Pública,Ametista,7.83651851846667,4.0,7.5,9.259259259,7.51,Não informado,8.33333333333333,8.5,7.0,9.5,,,7.835,5.0,Fase 6 (2° EM),-1,7.5,2024,Pública,5,,,Risco moderado,Alto,Baixa,Médio,Alto
RA-1604,5C,5C,Aluno-1604,,16.0,Masculino,2024,Pública,Topázio,8.0118555556,4.0,9.168,7.777777778,7.51,Não informado,8.5,10.0,5.5,10.0,,,8.88,5.0,Fase 6 (2° EM),-1,8.125,2024,Pública,5,,,Risco moderado,Baixo,Alta,Médio,Alto
RA-193,5C,5C,Aluno-193,,14.0,Masculino,2021,Privada - Programa de Apadrinhamento,Topázio,8.46504696966667,4.0,8.751,9.84848484833333,6.26,Não informado,7.0,6.5,4.5,10.0,,,8.7525,10.0,Fase 4 (9° ano),1,8.4375,2024,Privada,5,,,Sem risco,Alto,Média,Médio,Alto
RA-195,5C,5C,Aluno-195,,15.0,Feminino,2021,Privada - Programa de Apadrinhamento,Topázio,8.4690496032,4.0,7.5,9.68253968266667,6.26,Não informado,7.83333333333333,9.0,6.5,8.0,,,8.965,10.0,Fase 4 (9° ano),1,7.96875,2024,Privada,5,,,Sem risco,Alto,Baixa,Médio,Alto
RA-196,5C,5C,Aluno-196,,14.0,Masculino,2021,Privada - Programa de Apadrinhamento,Topázio,8.82355093793333,4.0,8.751,9.68975468966667,7.51,Não informado,8.0,8.0,7.0,9.0,,,8.9225,10.0,Fase 4 (9° ano),1,8.75,2024,Privada,5,,,Sem risco,Alto,Média,Médio,Alto
RA-197,5C,5C,Aluno-197,,14.0,Feminino,2021,Privada - Programa de Apadrinhamento,Topázio,8.56823863633333,4.0,7.5,9.84848484833333,6.26,Não informado,8.33333333333333,7.0,8.0,10.0,,,8.795,10.0,Fase 5 (1° EM),0,7.96875,2024,Privada,5,,,Sem risco,Alto,Baixa,Médio,Alto
RA-229,5C,5C,Aluno-229,,14.0,Masculino,2022,Privada - Programa de Apadrinhamento,Topázio,8.85254563493333,4.0,9.585,9.84126984133333,5.635,Não informado,8.83333333333333,9.5,7.0,10.0,,,8.8375,10.0,Fase 4 (9° ano),1,8.28125,2024,Privada,5,,,Sem risco,Alto,Alta,Baixo,Alto
RA-202,5C,5C,Aluno-202,,16.0,Feminino,2021,Pública,Ametista,7.3512154762,4.0,8.334,7.880952381,6.26,Não informado,7.5,8.5,6.0,8.0,,,7.75,5.0,Fase 6 (2° EM),-1,7.65625,2024,Pública,5,,,Risco moderado,Médio,Média,Médio,Médio
RA-1176,5C,5C,Aluno-1176,,14.0,Masculino,2023,Privada - Programa de Apadrinhamento,Topázio,8.91481626986667,4.0,8.751,9.68253968266667,6.26,Não informado,9.16666666666667,10.0,8.0,9.5,,,8.9225,10.0,Fase 4 (9° ano),1,8.59375,2024,Privada,5,,,Sem risco,Alto,Média,Médio,Alto
RA-1177,5C,5C,Aluno-1177,,15.0,Feminino,2023,Pública,Topázio,8.3233039474,4.0,8.751,9.82456140366667,6.26,Não informado,7.33333333333333,9.5,5.5,7.0,,,8.125,10.0,Fase 5 (1° EM),0,7.65625,2024,Pública,5,,,Sem risco,Alto,Média,Médio,Alto
RA-146,5D,5D,Aluno-146,,17.0,Feminino,2022,Pública,Topázio,8.13455488533333,5.0,8.751,9.51431609333333,5.635,Não informado,9.33333333333333,9.0,9.0,10.0,,,8.304,5.0,Fase 7 (3° EM),-2,7.65625,2024,Pública,5,,,Risco moderado,Alto,Média,Baixo,Alto
RA-1199,5D,5D,Aluno-1199,,18.0,Masculino,2023,Concluiu o 3º EM,Ametista,7.61423571426667,5.0,7.5,8.57142857133333,5.005,Não informado,9.0,10.0,7.0,10.0,,,8.466,5.0,Fase 7 (3° EM),-2,6.5625,2024,Concluído,5,,,Risco moderado,Médio,Baixa,Baixo,Médio
RA-1178,5D,5D,Aluno-1178,,17.0,Masculino,2023,Pública,Topázio,8.0934746032,5.0,8.751,9.68253968266667,6.26,Não informado,8.33333333333333,9.0,8.0,8.0,,,8.696,5.0,Fase 6 (2° EM),-1,7.5,2024,Pública,5,,,Risco moderado,Alto,Média,Médio,Alto
RA-149,5D,5D,Aluno-149,,17.0,Feminino,2022,Pública,Quartzo,5.7316173854,5.0,9.585,4.10437859366667,6.26,Não informado,3.83333333333333,0.0,6.5,5.0,,,6.626,5.0,Fase 7 (3° EM),-2,7.34375,2024,Pública,5,,,Risco moderado,Baixo,Alta,Médio,Baixo
RA-1605,5D,5D,Aluno-1605,,16.0,Masculino,2024,Pública,Quartzo,4.92048888886667,5.0,0.0,5.06944444433333,7.51,Não informado,2.5,0.0,7.5,0.0,,,7.028,5.0,Fase 6 (2° EM),-1,7.5,2024,Pública,5,,,Risco moderado,Baixo,Baixa,Médio,Baixo
RA-107,5D,5D,Aluno-107,,16.0,Feminino,2021,Pública,Ágata,6.67613082706667,5.0,7.5,7.99498746866667,7.51,Não informado,4.66666666666667,0.0,4.5,9.5,,,6.964,5.0,Fase 6 (2° EM),-1,7.5,2024,Pública,5,,,Risco moderado,Médio,Baixa,Médio,Baixo
RA-184,5D,5D,Aluno-184,,14.0,Masculino,2021,Privada - Programa de Apadrinhamento,Topázio,8.47145670426667,5.0,8.751,8.69674185466667,6.26,Não informado,8.16666666666667,9.5,5.0,10.0,,,9.004,10.0,Fase 4 (9° ano),1,7.96875,2024,Privada,5,,,Sem risco,Médio,Média,Médio,Alto
RA-1606,5D,5D,Aluno-1606,,17.0,Feminino,2024,Pública,Quartzo,5.8216796296,5.0,8.334,5.148148148,7.51,Não informado,2.5,7.5,0.0,0.0,,,7.132,5.0,Fase 7 (3° EM),-2,7.8125,2024,Pública,5,,,Risco moderado,Baixo,Média,Médio,Baixo
RA-1607,5D,5D,Aluno-1607,,16.0,Masculino,2024,Pública,Quartzo,4.89989444446667,5.0,5.833,6.22222222233333,5.635,Não informado,0.0,,0.0,0.0,,,6.762,5.0,Fase 6 (2° EM),-1,6.5625,2024,Pública,5,,,Risco moderado,Baixo,Baixa,Baixo,Baixo
RA-1608,5D,5D,Aluno-1608,,15.0,Masculino,2024,Pública,Ametista,7.07253981486667,5.0,8.751,7.19907407433334,7.51,Não informado,5.0,8.5,3.5,3.0,,,6.83,10.0,Fase 5 (1° EM),0,6.40625,2024,Pública,5,,,Sem risco,Baixo,Média,Médio,Médio
RA-1173,5D,5D,Aluno-1173,,15.0,Masculino,2023,Pública,Topázio,8.22013291566667,5.0,9.168,9.665831245,7.51,Não informado,5.83333333333333,6.0,7.5,4.0,,,8.2,10.0,Fase 5 (1° EM),0,8.125,2024,Pública,5,,,Sem risco,Alto,Alta,Médio,Alto
RA-237,5F,5F,Aluno-237,,16.0,Feminino,2022,Privada - Programa de Apadrinhamento,Ametista,7.93138427136667,3.0,8.751,9.68975468966667,6.26,Não informado,7.66666666666667,6.0,7.0,10.0,,,8.336666667,5.0,Fase 6 (2° EM),-1,7.916666667,2024,Privada,5,,,Risco moderado,Alto,Média,Médio,Alto
RA-147,5F,5F,Aluno-147,,16.0,Feminino,2022,Pública,Ametista,7.40047792213333,3.0,8.334,9.277056277,7.51,Não informado,6.16666666666667,6.0,2.5,10.0,,,7.386666667,5.0,Fase 6 (2° EM),-1,7.5,2024,Pública,5,,,Risco moderado,Alto,Média,Médio,Médio
RA-131,5F,5F,Aluno-131,,17.0,Feminino,2021,Pública,Ametista,7.26315555563333,3.0,8.751,9.44444444466667,7.51,Não informado,5.0,4.0,5.0,6.0,,,7.386666667,5.0,Fase 7 (3° EM),-2,7.708333333,2024,Pública,5,,,Risco moderado,Alto,Média,Médio,Médio
RA-1609,5F,5F,Aluno-1609,,17.0,Feminino,2024,Pública,Ametista,7.57723333323333,3.0,8.334,9.66666666666667,7.51,Não informado,6.0,6.0,4.0,8.0,,,7.943333333,5.0,Fase 7 (3° EM),-2,7.708333333,2024,Pública,5,,,Risco moderado,Alto,Média,Médio,Médio
RA-137,5F,5F,Aluno-137,,18.0,Feminino,2021,Concluiu o 3º EM,Ágata,6.57676118336667,3.0,9.585,7.582972583,5.005,Não informado,6.83333333333333,2.0,8.5,10.0,,,6.276666667,5.0,Fase 7 (3° EM),-2,4.791666667,2024,Concluído,5,,,Risco moderado,Baixo,Alta,Baixo,Baixo
RA-1184,5F,5F,Aluno-1184,,17.0,Masculino,2023,Pública,Ametista,7.41170173156667,3.0,6.666,8.65800865766667,7.51,Não informado,7.66666666666667,6.0,7.0,10.0,,,7.5,5.0,Fase 6 (2° EM),-1,7.291666667,2024,Pública,5,,,Risco moderado,Médio,Baixa,Médio,Médio
RA-138,5F,5F,Aluno-138,,17.0,Masculino,2021,Pública,Ametista,7.3860274169,3.0,9.585,8.75180375166667,7.51,Não informado,5.83333333333333,7.5,5.0,5.0,,,7.443333333,5.0,Fase 7 (3° EM),-2,7.708333333,2024,Pública,5,,,Risco moderado,Médio,Alta,Médio,Médio
RA-1610,5F,5F,Aluno-1610,,17.0,Masculino,2024,Pública,Ágata,6.70237292756667,3.0,9.168,7.75369797066667,7.51,Não informado,5.16666666666667,4.0,2.0,9.5,,,6.106666667,5.0,Fase 7 (3° EM),-2,7.291666667,2024,Pública,5,,,Risco moderado,Baixo,Alta,Médio,Baixo
RA-1611,5F,5F,Aluno-1611,,17.0,Masculino,2024,Pública,Ágata,6.4589186218,3.0,7.083,8.361426442,7.51,Não informado,4.5,2.0,2.5,9.0,,,5.886666667,5.0,Fase 7 (3° EM),-2,7.5,2024,Pública,5,,,Risco moderado,Médio,Baixa,Médio,Baixo
RA-1612,5F,5F,Aluno-1612,,18.0,Masculino,2024,Pública,Ametista,7.01452857136667,3.0,6.666,8.52380952366667,7.51,Não informado,6.16666666666667,5.0,6.5,7.0,,,6.94,5.0,Fase 7 (3° EM),-2,7.708333333,2024,Pública,5,,,Risco moderado,Médio,Baixa,Médio,Médio
RA-1188,5G,5G,Aluno-1188,,16.0,Feminino,2023,Pública,Ametista,7.8016333334,3.0,9.168,10.0,7.51,Não informado,7.0,7.0,6.0,8.0,,,7.106666667,5.0,Fase 6 (2° EM),-1,8.125,2024,Pública,5,,,Risco moderado,Alto,Alta,Médio,Alto
RA-1613,5G,5G,Aluno-1613,,17.0,Feminino,2024,Pública,Ágata,6.0854714287,3.0,8.334,7.142857143,7.51,Não informado,3.0,0.0,1.0,8.0,,,6.216666667,5.0,Fase 7 (3° EM),-2,7.291666667,2024,Pública,5,,,Risco moderado,Baixo,Média,Médio,Baixo
RA-244,5G,5G,Aluno-244,,14.0,Feminino,2021,Privada - Programa de Apadrinhamento,Topázio,8.7225,3.0,7.5,10.0,6.26,Não informado,9.5,10.0,9.0,9.5,,,8.17,10.0,Fase 4 (9° ano),1,8.125,2024,Privada,5,,,Sem risco,Alto,Baixa,Médio,Alto
RA-267,5G,5G,Aluno-267,,17.0,Feminino,2021,Pública,Quartzo,5.89630678196667,3.0,10.002,8.28553391033333,6.26,Não informado,2.0,0.0,2.0,4.0,,,6.273333333,5.0,Fase 7 (3° EM),-2,4.583333333,2024,Pública,5,,,Risco moderado,Médio,Alta,Médio,Baixo
RA-1189,5G,5G,Aluno-1189,,16.0,Feminino,2023,Pública,Ametista,7.6486387164,3.0,9.585,8.67236024833333,7.51,Não informado,7.66666666666667,7.0,7.0,9.0,,,7.106666667,5.0,Fase 6 (2° EM),-1,7.5,2024,Pública,5,,,Risco moderado,Médio,Alta,Médio,Médio
RA-113,5G,5G,Aluno-113,,16.0,Feminino,2021,Pública,Ametista,7.04353690306667,3.0,8.751,7.06385118166667,7.51,Não informado,6.66666666666667,7.0,6.0,7.0,,,7.106666667,5.0,Fase 6 (2° EM),-1,7.5,2024,Pública,5,,,Risco moderado,Baixo,Média,Médio,Médio
RA-152,5L,5L,Aluno-152,,17.0,Feminino,2022,Pública,Ágata,6.5837938596,3.0,7.5,7.33771929833333,5.63,Não informado,5.16666666666667,0.0,7.5,8.0,,,7.443333333,5.0,Fase 7 (3° EM),-2,7.8125,2024,Pública,5,,,Risco moderado,Baixo,Baixa,Baixo,Baixo
RA-318,5L,5L,Aluno-318,,16.0,Feminino,2021,Pública,Ametista,7.02500092586667,3.0,7.917,9.12962962966667,7.51,Não informado,4.66666666666667,2.0,6.0,6.0,,,7.443333333,5.0,Fase 6 (2° EM),-1,7.34375,2024,Pública,5,,,Risco moderado,Médio,Baixa,Médio,Médio
RA-274,5L,5L,Aluno-274,,13.0,Feminino,2021,Privada - Programa de Apadrinhamento,Topázio,8.65102962966667,3.0,8.334,9.648148148,5.635,Não informado,9.33333333333333,9.0,9.0,10.0,,,8.226666667,10.0,Fase 3 (7° e 8° ano),2,8.125,2024,Privada,5,,,Sem risco,Alto,Média,Baixo,Alto
RA-319,5L,5L,Aluno-319,,15.0,Masculino,2022,Pública,Ametista,7.94869956146667,3.0,9.585,9.024122807,7.51,Não informado,5.83333333333333,4.0,5.0,8.5,,,7.666666667,10.0,Fase 5 (1° EM),0,7.34375,2024,Pública,5,,,Sem risco,Médio,Alta,Médio,Alto
RA-160,5L,5L,Aluno-160,,17.0,Feminino,2021,Privada - Programa de Apadrinhamento,Ágata,6.85510833326667,3.0,8.334,7.41666666666667,6.26,Não informado,5.66666666666667,3.0,5.5,8.5,,,7.723333333,5.0,Fase 6 (2° EM),-1,7.34375,2024,Privada,5,,,Risco moderado,Baixo,Média,Médio,Baixo
RA-161,5L,5L,Aluno-161,,15.0,Feminino,2021,Privada - Programa de Apadrinhamento,Ametista,7.25844558833333,3.0,8.751,7.96568627466667,6.26,Não informado,4.0,5.0,7.0,0.0,,,7.836666667,10.0,Fase 5 (1° EM),0,7.96875,2024,Privada,5,,,Sem risco,Médio,Média,Médio,Médio
RA-1614,5L,5L,Aluno-1614,,16.0,Masculino,2024,Pública,Ágata,6.78789898993333,3.0,7.5,6.57449494966667,7.51,Não informado,6.5,5.0,5.5,9.0,,,7.11,5.0,Fase 6 (2° EM),-1,7.5,2024,Pública,5,,,Risco moderado,Baixo,Baixa,Médio,Baixo
RA-164,5L,5L,Aluno-164,,17.0,Masculino,2021,Privada,Ágata,6.83712573106667,3.0,9.585,8.08479532166667,6.26,Não informado,5.66666666666667,6.0,2.0,9.0,,,6.886666667,5.0,Fase 7 (3° EM),-2,6.25,2024,Privada,5,,,Risco moderado,Médio,Alta,Médio,Baixo
RA-165,5L,5L,Aluno-165,,16.0,Feminino,2021,Privada - Programa de Apadrinhamento,Topázio,8.4627502436,3.0,7.5,9.431042885,7.51,Não informado,8.5,10.0,7.5,8.0,,,7.893333333,10.0,Fase 5 (1° EM),0,7.96875,2024,Privada,5,,,Sem risco,Alto,Baixa,Médio,Alto
RA-1615,5M,5M,Aluno-1615,,15.0,Feminino,2024,Pública,Topázio,8.41753333333333,4.0,7.917,9.83333333333333,7.51,Não informado,8.33333333333333,8.0,7.0,10.0,,,7.4575,10.0,Fase 5 (1° EM),0,7.5,2024,Pública,5,,,Sem risco,Alto,Baixa,Médio,Alto
RA-1616,5M,5M,Aluno-1616,,17.0,Feminino,2024,Pública,Ametista,7.14773823526667,4.0,8.334,8.43627450966667,7.51,Não informado,6.16666666666667,5.5,6.5,6.5,,,7.12,5.0,Fase 6 (2° EM),-1,7.1875,2024,Pública,5,,,Risco moderado,Médio,Média,Médio,Médio
RA-271,5M,5M,Aluno-271,,17.0,Feminino,2022,Pública,Ametista,7.40063333333333,4.0,9.168,8.95833333333333,6.26,Não informado,7.33333333333333,5.0,7.5,9.5,,,6.7475,5.0,Fase 6 (2° EM),-1,7.5,2024,Pública,5,,,Risco moderado,Médio,Alta,Médio,Médio
RA-316,5M,5M,Aluno-316,,15.0,Feminino,2022,Privada - Programa de Apadrinhamento,Topázio,8.708925,4.0,9.168,10.0,7.51,Não informado,8.0,8.5,7.0,8.5,,,8.3775,10.0,Fase 5 (1° EM),0,7.65625,2024,Privada,5,,,Sem risco,Alto,Alta,Médio,Alto
RA-286,5M,5M,Aluno-286,,16.0,Feminino,2022,Pública,Quartzo,5.12318088233333,4.0,6.666,4.031862745,6.26,Não informado,3.16666666666667,5.0,0.0,4.5,,,5.7825,5.0,Fase 6 (2° EM),-1,7.34375,2024,Pública,5,,,Risco moderado,Baixo,Baixa,Médio,Baixo
RA-320,5M,5M,Aluno-320,,15.0,Feminino,2022,Privada - Programa de Apadrinhamento,Topázio,8.44225833333334,4.0,9.168,10.0,7.51,Não informado,6.66666666666667,7.5,5.5,7.0,,,8.3775,10.0,Fase 5 (1° EM),0,7.65625,2024,Privada,5,,,Sem risco,Alto,Alta,Médio,Alto
RA-1207,5M,5M,Aluno-1207,,16.0,Feminino,2023,Pública,Ágata,6.50916973686667,4.0,8.334,6.581140351,7.51,Não informado,5.33333333333333,4.5,1.5,10.0,,,6.5375,5.0,Fase 6 (2° EM),-1,7.34375,2024,Pública,5,,,Risco moderado,Baixo,Média,Médio,Baixo
RA-1617,5M,5M,Aluno-1617,,16.0,Feminino,2024,Pública,Quartzo,4.92628571426667,4.0,0.0,5.57142857133333,7.51,Não informado,3.25,0.5,6.0,,,,6.1175,5.0,Fase 6 (2° EM),-1,6.875,2024,Pública,5,,,Risco moderado,Baixo,Baixa,Médio,Baixo
RA-158,5M,5M,Aluno-158,,15.0,Feminino,2021,Privada - Programa de Apadrinhamento,Ágata,6.85515925926667,4.0,8.334,7.79629629633333,6.26,Não informado,4.0,2.5,1.5,8.0,,,6.745,10.0,Fase 5 (1° EM),0,6.875,2024,Privada,5,,,Sem risco,Baixo,Média,Médio,Baixo
RA-306,5M,5M,Aluno-306,,16.0,Feminino,2021,Pública,Ágata,6.1661539474,4.0,7.917,7.69956140366667,7.51,Não informado,2.83333333333333,3.5,1.5,3.5,,,6.4125,5.0,Fase 6 (2° EM),-1,7.34375,2024,Pública,5,,,Risco moderado,Baixo,Baixa,Médio,Baixo
RA-1618,5M,5M,Aluno-1618,,17.0,Masculino,2024,Pública,Ametista,7.04876601306667,4.0,8.334,7.908496732,7.51,Não informado,6.33333333333333,5.0,7.0,7.0,,,6.83,5.0,Fase 6 (2° EM),-1,7.5,2024,Pública,5,,,Risco moderado,Médio,Média,Médio,Médio
RA-308,5M,5M,Aluno-308,,15.0,Masculino,2021,Pública,Ametista,7.48928245613333,4.0,7.083,8.71491228066667,5.635,Não informado,6.5,5.5,7.0,7.0,,,7.1225,10.0,Fase 4 (9° ano),1,7.5,2024,Pública,5,,,Sem risco,Médio,Baixa,Baixo,Médio
RA-1619,5M,5M,Aluno-1619,,15.0,Masculino,2024,Pública,Ametista,7.39395185186667,4.0,7.501,9.25925925933333,7.51,Não informado,4.25,4.0,4.5,,,,7.205,10.0,Fase 4 (9° ano),1,7.5,2024,Pública,5,,,Sem risco,Alto,Baixa,Médio,Médio
RA-299,5N,5N,Aluno-299,,15.0,Feminino,2021,Privada - Programa de Apadrinhamento,Topázio,8.17718695653333,3.0,8.751,8.963768116,6.26,Não informado,8.16666666666667,8.0,7.5,9.0,,,7.5,10.0,Fase 4 (9° ano),1,7.5,2024,Privada,5,,,Sem risco,Médio,Média,Médio,Alto
RA-251,5N,5N,Aluno-251,,16.0,Masculino,2021,Pública,Ágata,6.7135006212,3.0,8.751,8.612836439,5.63,Não informado,4.5,4.0,2.5,7.0,,,7.326666667,5.0,Fase 6 (2° EM),-1,6.875,2024,Pública,5,,,Risco moderado,Médio,Média,Baixo,Baixo
RA-157,5N,5N,Aluno-157,,14.0,Feminino,2021,Privada - Programa de Apadrinhamento,Topázio,8.95056666673333,3.0,8.334,10.0,6.26,Não informado,9.66666666666667,10.0,9.0,10.0,,,8.726666667,10.0,Fase 4 (9° ano),1,8.125,2024,Privada,5,,,Sem risco,Alto,Média,Médio,Alto
RA-1620,5N,5N,Aluno-1620,,16.0,Masculino,2024,Pública,Ágata,6.65276666666667,3.0,8.751,6.66666666666667,7.51,Não informado,5.16666666666667,5.5,7.0,3.0,,,7.05,5.0,Fase 6 (2° EM),-1,7.5,2024,Pública,5,,,Risco moderado,Baixo,Média,Médio,Baixo
RA-321,5N,5N,Aluno-321,,14.0,Feminino,2022,Pública,Topázio,8.12580793293333,3.0,7.917,9.534706331,6.26,Não informado,7.16666666666667,6.0,6.0,9.5,,,7.776666667,10.0,Fase 4 (9° ano),1,8.125,2024,Pública,5,,,Sem risco,Alto,Baixa,Médio,Alto
RA-1195,5N,5N,Aluno-1195,,18.0,Feminino,2022,Pública,Ametista,7.50851449266667,3.0,9.585,9.85507246366667,5.63,Não informado,6.16666666666667,8.0,5.0,5.5,,,7.663333333,5.0,Fase 7 (3° EM),-2,7.5,2024,Pública,5,,,Risco moderado,Alto,Alta,Baixo,Médio
RA-1200,5N,5N,Aluno-1200,,16.0,Feminino,2023,Pública,Quartzo,5.6415838956,3.0,7.917,7.099419478,6.26,Não informado,1.5,0.0,4.5,0.0,,,6.27,5.0,Fase 6 (2° EM),-1,7.5,2024,Pública,5,,,Risco moderado,Baixo,Baixa,Médio,Baixo
RA-278,5N,5N,Aluno-278,,14.0,Masculino,2021,Privada - Programa de Apadrinhamento,Topázio,8.9073144928,3.0,9.168,9.85507246366667,7.51,Não informado,9.33333333333333,9.0,9.0,10.0,,,7.946666667,10.0,Fase 4 (9° ano),1,8.125,2024,Privada,5,,,Sem risco,Alto,Alta,Médio,Alto
RA-85,5N,5N,Aluno-85,,17.0,Masculino,2022,Pública,Ágata,6.99950938573333,3.0,8.334,8.668046929,3.755,Não informado,7.66666666666667,9.0,4.5,9.5,,,6.993333333,5.0,Fase 7 (3° EM),-2,6.25,2024,Pública,5,,,Risco moderado,Médio,Média,Baixo,Médio
RA-279,5N,5N,Aluno-279,,15.0,Masculino,2021,Privada - Programa de Apadrinhamento,Topázio,9.11313333336667,3.0,9.168,10.0,7.51,Não informado,9.33333333333333,10.0,8.0,10.0,,,8.726666667,10.0,Fase 4 (9° ano),1,8.333333333,2024,Privada,5,,,Sem risco,Alto,Alta,Médio,Alto
RA-1621,5N,5N,Aluno-1621,,17.0,Feminino,2024,Pública,Topázio,8.10703333336667,3.0,7.917,10.0,6.26,Não informado,8.33333333333333,7.5,7.5,10.0,,,8.446666667,5.0,Fase 6 (2° EM),-1,8.333333333,2024,Pública,5,,,Risco moderado,Alto,Baixa,Médio,Alto
RA-280,5N,5N,Aluno-280,,15.0,Feminino,2021,Privada - Programa de Apadrinhamento,Topázio,8.8227144927,3.0,7.917,9.85507246366667,6.26,Não informado,9.33333333333333,10.0,8.0,10.0,,,8.67,10.0,Fase 4 (9° ano),1,8.333333333,2024,Privada,5,,,Sem risco,Alto,Baixa,Médio,Alto
RA-1201,5N,5N,Aluno-1201,,16.0,Masculino,2023,Pública,Topázio,8.37619523803333,3.0,8.751,9.52380952366667,7.51,Não informado,9.0,9.0,8.0,10.0,,,8.56,5.0,Fase 6 (2° EM),-1,8.333333333,2024,Pública,5,,,Risco moderado,Alto,Média,Médio,Alto
RA-1622,5N,5N,Aluno-1622,,16.0,Feminino,2024,Pública,Topázio,8.42906666663333,3.0,8.334,10.0,7.51,Não informado,9.66666666666667,10.0,9.0,10.0,,,7.89,5.0,Fase 6 (2° EM),-1,8.333333333,2024,Pública,5,,,Risco moderado,Alto,Média,Médio,Alto
RA-132,6A,6A,Aluno-132,,16.0,Feminino,2021,Privada - Programa de Apadrinhamento,Topázio,8.4746321428,5.0,8.334,8.38095238066667,7.51,Não informado,8.33333333333333,7.0,8.0,10.0,,,8.44,10.0,Fase 6 (2° EM),0,8.59375,2024,Privada,6,,,Sem risco,Médio,Média,Médio,Alto
RA-42,6A,6A,Aluno-42,,17.0,Masculino,2021,Pública,Ametista,7.65662876986667,5.0,9.168,9.68253968266667,5.635,Não informado,8.16666666666667,9.0,7.5,8.0,,,7.134,5.0,Fase 7 (3° EM),-1,6.796875,2024,Pública,6,,,Risco moderado,Alto,Alta,Baixo,Médio
RA-1623,6A,6A,Aluno-1623,,17.0,Masculino,2024,Pública,Ametista,7.76095370373333,5.0,9.168,8.51851851866667,6.26,Não informado,6.0,5.5,2.5,10.0,,,7.666,10.0,Fase 6 (2° EM),0,7.8125,2024,Pública,6,,,Sem risco,Médio,Alta,Médio,Médio
RA-106,6A,6A,Aluno-106,,16.0,Feminino,2021,Privada - Programa de Apadrinhamento,Ametista,7.72166428573333,5.0,9.168,8.761904762,5.635,Não informado,5.66666666666667,7.0,3.5,6.5,,,7.872,10.0,Fase 6 (2° EM),0,7.8125,2024,Privada,6,,,Sem risco,Médio,Alta,Baixo,Médio
RA-123,6A,6A,Aluno-123,,18.0,Masculino,2021,Privada - Programa de Apadrinhamento,Ágata,6.88724801586667,5.0,7.5,8.41269841266667,5.635,Não informado,7.16666666666667,6.5,5.5,9.5,,,6.43,5.0,Fase 7 (3° EM),-1,6.71875,2024,Privada,6,,,Risco moderado,Médio,Baixa,Baixo,Baixo
RA-125,6A,6A,Aluno-125,,17.0,Feminino,2022,Privada,Ágata,6.62707976193333,5.0,8.334,5.642857143,7.51,Não informado,6.16666666666667,3.0,7.0,8.5,,,7.232,5.0,Fase 7 (3° EM),-1,7.34375,2024,Privada,6,,,Risco moderado,Baixo,Média,Médio,Baixo
RA-1624,6A,6A,Aluno-1624,,18.0,Feminino,2024,Concluiu o 3º EM,Ametista,7.74321349206667,5.0,7.917,9.46031746033333,7.51,Não informado,7.5,8.0,5.5,9.0,,,7.636,5.0,Fase 7 (3° EM),-1,7.8125,2024,Concluído,6,,,Risco moderado,Alto,Baixa,Médio,Médio
RA-1625,6A,6A,Aluno-1625,,17.0,Masculino,2024,Pública,Ágata,6.88819408926667,5.0,7.5,7.112887113,7.51,Não informado,4.33333333333333,3.0,2.0,8.0,,,6.896,10.0,Fase 6 (2° EM),0,7.1875,2024,Pública,6,,,Sem risco,Baixo,Baixa,Médio,Baixo
RA-1626,6A,6A,Aluno-1626,,16.0,Feminino,2024,Pública,Topázio,8.54108560606667,5.0,8.751,9.696969697,7.51,Não informado,7.33333333333333,5.5,6.5,10.0,,,8.404,10.0,Fase 6 (2° EM),0,8.28125,2024,Pública,6,,,Sem risco,Alto,Média,Médio,Alto
RA-1627,6A,6A,Aluno-1627,,17.0,Feminino,2024,Pública,Ametista,7.4815472222,5.0,7.083,7.77777777766667,7.51,Não informado,7.83333333333333,6.0,7.5,10.0,,,8.172,5.0,Fase 7 (3° EM),-1,7.65625,2024,Pública,6,,,Risco moderado,Baixo,Baixa,Médio,Médio
RA-1628,6A,6A,Aluno-1628,,16.0,Feminino,2024,Pública,Ametista,7.5001313686,5.0,8.334,8.50982350966667,7.51,Não informado,5.83333333333333,3.0,5.0,9.5,,,6.798,10.0,Fase 6 (2° EM),0,6.875,2024,Pública,6,,,Sem risco,Médio,Média,Médio,Médio
RA-112,6A,6A,Aluno-112,,17.0,Feminino,2021,Privada - Programa de Apadrinhamento,Topázio,8.05260992066667,5.0,7.083,7.97817460333333,7.51,Não informado,8.0,9.5,6.0,8.5,,,8.004,10.0,Fase 6 (2° EM),0,7.96875,2024,Privada,6,,,Sem risco,Médio,Baixa,Médio,Alto
RA-1629,6A,6A,Aluno-1629,,17.0,Feminino,2024,Pública,Ametista,7.56055052913333,5.0,9.585,8.64550264566667,7.51,Não informado,7.25,8.75,3.0,10.0,,,7.266,5.0,Fase 7 (3° EM),-1,7.1875,2024,Pública,6,,,Risco moderado,Médio,Alta,Médio,Médio
RA-91,6L,6L,Aluno-91,,18.0,Feminino,2021,Privada - Programa de Apadrinhamento,Ametista,7.42670476193334,5.0,10.002,7.47619047633333,5.635,Não informado,7.33333333333333,9.0,4.0,9.0,,,8.068,5.0,Fase 7 (3° EM),-1,7.875,2024,Privada,6,,,Risco moderado,Baixo,Alta,Baixo,Médio
RA-167,6L,6L,Aluno-167,,18.0,Feminino,2021,Privada - Programa de Apadrinhamento,Topázio,8.03347017546667,5.0,8.751,9.47368421066667,6.26,Não informado,8.16666666666667,8.0,6.5,10.0,,,8.334,5.0,Fase 7 (3° EM),-1,8.375,2024,Privada,6,,,Risco moderado,Alto,Média,Médio,Alto
RA-1203,6L,6L,Aluno-1203,,17.0,Feminino,2023,Privada - Programa de Apadrinhamento,Topázio,8.9495245614,5.0,9.168,9.649122807,7.51,Não informado,9.0,8.5,9.0,9.5,,,8.572,10.0,Fase 6 (2° EM),0,8.375,2024,Privada,6,,,Sem risco,Alto,Alta,Médio,Alto
RA-94,6L,6L,Aluno-94,,17.0,Feminino,2021,Privada - Programa de Apadrinhamento,Topázio,8.63703333333334,5.0,10.002,9.66666666666667,6.26,Não informado,8.0,7.0,7.0,10.0,,,8.2,10.0,Fase 6 (2° EM),0,8.375,2024,Privada,6,,,Sem risco,Alto,Alta,Médio,Alto
RA-81,6L,6L,Aluno-81,,16.0,Feminino,2021,Privada - Programa de Apadrinhamento,Topázio,8.25656666666667,5.0,9.168,9.33333333333333,6.26,Não informado,7.5,9.0,6.5,7.0,,,7.798,10.0,Fase 6 (2° EM),0,7.875,2024,Privada,6,,,Sem risco,Alto,Alta,Médio,Alto
RA-1630,6L,6L,Aluno-1630,,16.0,Masculino,2024,Privada - Programa de Apadrinhamento,Topázio,8.58313333333333,5.0,8.334,9.83333333333333,7.51,Não informado,7.33333333333333,9.0,9.0,4.0,,,8.702,10.0,Fase 6 (2° EM),0,8.25,2024,Privada,6,,,Sem risco,Alto,Média,Médio,Alto
RA-171,6L,6L,Aluno-171,,18.0,Masculino,2022,Pública,Ametista,7.32893333333333,5.0,7.5,7.83333333333333,5.635,Não informado,8.33333333333333,7.0,8.0,10.0,,,7.598,5.0,Fase 7 (3° EM),-1,7.625,2024,Pública,6,,,Risco moderado,Médio,Baixa,Baixo,Médio
RA-1220,6L,6L,Aluno-1220,,18.0,Feminino,2023,Concluiu o 3º EM,Ametista,7.14324444446667,5.0,7.083,8.55555555566667,6.885,Não informado,7.66666666666667,9.0,7.0,7.0,,,6.26,5.0,Fase 7 (3° EM),-1,7.5,2024,Concluído,6,,,Risco moderado,Médio,Baixa,Médio,Médio
RA-1631,6L,6L,Aluno-1631,,17.0,Masculino,2024,Privada,Topázio,8.18643333333333,5.0,9.585,10.0,7.51,Não informado,7.16666666666667,5.0,6.5,10.0,,,8.468,5.0,Fase 7 (3° EM),-1,8.5,2024,Privada,6,,,Risco moderado,Alto,Alta,Médio,Alto
RA-1632,6L,6L,Aluno-1632,,16.0,Masculino,2024,Pública,Topázio,8.38933333333334,5.0,9.168,10.0,7.51,Não informado,6.66666666666667,9.0,6.0,5.0,,,8.066,10.0,Fase 6 (2° EM),0,7.75,2024,Pública,6,,,Sem risco,Alto,Alta,Médio,Alto
RA-1210,6L,6L,Aluno-1210,,17.0,Feminino,2023,Pública,Topázio,8.2302,5.0,9.585,10.0,7.51,Não informado,5.5,5.0,6.5,5.0,,,8.166,10.0,Fase 6 (2° EM),0,7.875,2024,Pública,6,,,Sem risco,Alto,Alta,Médio,Alto
RA-175,6L,6L,Aluno-175,,17.0,Feminino,2021,Privada - Programa de Apadrinhamento,Topázio,8.02413684213333,5.0,10.002,9.47368421066667,6.26,Não informado,8.5,9.5,6.5,9.5,,,7.766,5.0,Fase 7 (3° EM),-1,7.5,2024,Privada,6,,,Risco moderado,Alto,Alta,Médio,Alto
RA-80,7A,7A,Aluno-80,,18.0,Feminino,2021,Privada - Programa de Apadrinhamento,Topázio,8.13165917573333,3.0,8.751,7.89612921166667,8.13,Não informado,7.0,5.0,6.0,10.0,,,7.946666667,10.0,Fase 7 (3° EM),0,8.75,2024,Privada,7,,,Sem risco,Médio,Média,Alto,Alto
RA-40,7A,7A,Aluno-40,,18.0,Feminino,2021,Privada - Programa de Apadrinhamento,Ametista,7.09805146206667,3.0,7.083,7.21125731,8.13,Não informado,5.33333333333333,3.5,6.0,6.5,,,6.276666667,10.0,Fase 7 (3° EM),0,8.125,2024,Privada,7,,,Sem risco,Baixo,Baixa,Alto,Médio
RA-1214,7A,7A,Aluno-1214,,17.0,Masculino,2023,Pública,Topázio,8.5902971362,3.0,10.002,9.081527348,8.13,Não informado,8.0,8.0,6.0,10.0,,,7.663333333,10.0,Fase 7 (3° EM),0,8.28125,2024,Pública,7,,,Sem risco,Médio,Alta,Alto,Alto
RA-92,7A,7A,Aluno-92,,18.0,Feminino,2021,Privada - Programa de Apadrinhamento,Topázio,8.052279017,3.0,10.002,8.769145085,7.51,Não informado,7.5,8.0,5.0,9.5,,,6.33,10.0,Fase 7 (3° EM),0,7.8125,2024,Privada,7,,,Sem risco,Médio,Alta,Médio,Alto
RA-45,7A,7A,Aluno-45,,17.0,Feminino,2021,Privada - Programa de Apadrinhamento,Topázio,8.7434761904,3.0,7.5,9.619047619,9.38,Não informado,8.0,7.5,7.0,9.5,,,8.283333333,10.0,Fase 7 (3° EM),0,8.75,2024,Privada,7,,,Sem risco,Alto,Baixa,Alto,Alto
RA-56,7A,7A,Aluno-56,,17.0,Feminino,2021,Privada - Programa de Apadrinhamento,Topázio,9.0770201754,3.0,10.002,9.26535087733333,10.0,Não informado,7.66666666666667,8.0,6.0,9.0,,,9.233333333,10.0,Fase 7 (3° EM),0,8.4375,2024,Privada,7,,,Sem risco,Alto,Alta,Alto,Alto
RA-57,7A,7A,Aluno-57,,18.0,Masculino,2021,Privada - Programa de Apadrinhamento,Ametista,7.4193804302,3.0,9.585,6.01086048433333,6.88,Não informado,6.16666666666667,6.0,6.5,6.0,,,7.39,10.0,Fase 7 (3° EM),0,8.59375,2024,Privada,7,,,Sem risco,Baixo,Alta,Médio,Médio
RA-58,7A,7A,Aluno-58,,17.0,Masculino,2021,Privada - Programa de Apadrinhamento,Topázio,8.7713289474,3.0,9.585,9.82456140366667,7.51,Não informado,7.33333333333333,8.0,6.5,7.5,,,8.62,10.0,Fase 7 (3° EM),0,9.0625,2024,Privada,7,,,Sem risco,Alto,Alta,Médio,Alto
RA-78,7A,7A,Aluno-78,,19.0,Feminino,2021,Privada - Programa de Apadrinhamento,Topázio,8.1780308688,3.0,8.751,8.028404344,8.755,Não informado,7.5,6.5,6.0,10.0,,,7.39,10.0,Fase 7 (3° EM),0,8.4375,2024,Privada,7,,,Sem risco,Médio,Média,Alto,Alto
RA-87,7A,7A,Aluno-87,,17.0,Masculino,2021,Privada - Programa de Apadrinhamento,Topázio,9.43792456133333,3.0,8.751,9.649122807,9.375,Não informado,9.16666666666667,10.0,7.5,10.0,,,9.623333333,10.0,Fase 6 (2° EM),1,9.375,2024,Privada,7,,,Sem risco,Alto,Média,Alto,Alto
RA-64,7A,7A,Aluno-64,,18.0,Feminino,2021,Privada - Programa de Apadrinhamento,Topázio,8.74360705926667,3.0,10.002,8.98078529666667,8.135,Não informado,8.16666666666667,8.0,6.5,10.0,,,8.283333333,10.0,Fase 7 (3° EM),0,8.4375,2024,Privada,7,,,Sem risco,Médio,Alta,Alto,Alto
RA-48,7A,7A,Aluno-48,,17.0,Feminino,2021,Privada - Programa de Apadrinhamento,Topázio,8.4023903718,3.0,7.917,8.339076859,9.375,Não informado,7.5,6.5,6.0,10.0,,,8.23,10.0,Fase 7 (3° EM),0,8.59375,2024,Privada,7,,,Sem risco,Médio,Baixa,Alto,Alto
RA-1230,7E,7E,Aluno-1230,,17.0,Feminino,2021,Privada - Programa de Apadrinhamento,Quartzo,4.7612,0.0,7.917,0.0,7.195,Não informado,0.0,0.0,0.0,0.0,,,7.5,10.0,Fase 7 (3° EM),0,7.5,2024,Privada,7,,,Sem risco,Baixo,Baixa,Médio,Baixo
RA-90,7E,7E,Aluno-90,,15.0,Feminino,2021,Privada *Parcerias com Bolsa 100%,Topázio,8.35203333333334,0.0,10.002,9.0,6.885,Não informado,8.06666666666667,7.7,8.3,8.2,,,7.5,10.0,Fase 5 (1° EM),2,7.5,2024,Privada,7,,,Sem risco,Médio,Alta,Médio,Alto
RA-269,7E,7E,Aluno-269,,15.0,Masculino,2022,Privada *Parcerias com Bolsa 100%,Topázio,8.4773,0.0,9.168,9.6,7.505,Não informado,8.2,8.1,8.6,7.9,,,7.5,10.0,Fase 5 (1° EM),2,7.5,2024,Privada,7,,,Sem risco,Alto,Alta,Médio,Alto
RA-270,7E,7E,Aluno-270,,15.0,Feminino,2021,Privada - Programa de Apadrinhamento,Quartzo,4.79255,0.0,9.168,0.0,6.2575,Não informado,0.0,0.0,0.0,0.0,,,7.5,10.0,Fase 5 (1° EM),2,7.5,2024,Privada,7,,,Sem risco,Baixo,Alta,Médio,Baixo
RA-76,7E,7E,Aluno-76,,16.0,Feminino,2021,Privada *Parcerias com Bolsa 100%,Topázio,8.15203333333333,0.0,10.002,9.0,6.885,Não informado,7.06666666666667,7.3,7.8,6.1,,,7.5,10.0,Fase 5 (1° EM),2,7.5,2024,Privada,7,,,Sem risco,Médio,Alta,Médio,Alto
RA-153,7E,7E,Aluno-153,,16.0,Feminino,2021,Privada - Programa de Apadrinhamento,Quartzo,4.78185,0.0,8.751,0.0,6.5675,Não informado,0.0,0.0,0.0,0.0,,,7.5,10.0,Fase 5 (1° EM),2,7.5,2024,Privada,7,,,Sem risco,Baixo,Média,Médio,Baixo
RA-1226,7E,7E,Aluno-1226,,17.0,Feminino,2021,Privada *Parcerias com Bolsa 100%,Ametista,7.78523333333333,0.0,8.334,9.0,6.885,Não informado,6.06666666666667,6.0,6.2,6.0,,,7.5,10.0,Fase 7 (3° EM),0,7.5,2024,Privada,7,,,Sem risco,Médio,Média,Médio,Alto
RA-93,7E,7E,Aluno-93,,17.0,Feminino,2021,Privada - Programa de Apadrinhamento,Topázio,8.27555000006667,0.0,9.168,9.931666667,6.2575,Não informado,7.48333333333333,6.75,7.2,8.5,,,7.5,10.0,Fase 6 (2° EM),1,7.5,2024,Privada,7,,,Sem risco,Alto,Alta,Médio,Alto
RA-119,7E,7E,Aluno-119,,16.0,Feminino,2021,Privada - Programa de Apadrinhamento,Topázio,8.08529999993333,0.0,7.083,9.983333333,6.57,Não informado,7.36666666666667,6.05,7.5,8.55,,,7.5,10.0,Fase 6 (2° EM),1,7.5,2024,Privada,7,,,Sem risco,Alto,Baixa,Médio,Alto
RA-241,7E,7E,Aluno-241,,16.0,Masculino,2021,Privada *Parcerias com Bolsa 100%,Topázio,8.31161666673333,0.0,10.002,9.891666667,7.1975,Não informado,6.81666666666667,6.15,7.2,7.1,,,7.5,10.0,Fase 5 (1° EM),2,7.5,2024,Privada,7,,,Sem risco,Alto,Alta,Médio,Alto
RA-242,7E,7E,Aluno-242,,15.0,Masculino,2021,Privada *Parcerias com Bolsa 100%,Topázio,8.2887,0.0,9.585,9.621,6.26,Não informado,7.65,8.05,8.05,6.85,,,7.5,10.0,Fase 5 (1° EM),2,7.5,2024,Privada,7,,,Sem risco,Alto,Alta,Médio,Alto
RA-52,7E,7E,Aluno-52,,15.0,Masculino,2021,Privada *Parcerias com Bolsa 100%,Topázio,8.14446666673333,0.0,8.751,9.437666667,6.885,Não informado,7.21666666666667,6.8,8.85,6.0,,,7.5,10.0,Fase 5 (1° EM),2,7.5,2024,Privada,7,,,Sem risco,Alto,Média,Médio,Alto
RA-1227,7E,7E,Aluno-1227,,17.0,Feminino,2021,Privada - Programa de Apadrinhamento,Quartzo,4.8446,0.0,8.751,0.0,7.195,Não informado,0.0,0.0,0.0,0.0,,,7.5,10.0,Fase 7 (3° EM),0,7.5,2024,Privada,7,,,Sem risco,Baixo,Média,Médio,Baixo
RA-245,7E,7E,Aluno-245,,16.0,Masculino,2021,Privada - Programa de Apadrinhamento,Topázio,8.45263333326667,0.0,9.168,9.953333333,6.885,Não informado,8.03333333333333,8.4,7.6,8.1,,,7.5,10.0,Fase 5 (1° EM),2,7.5,2024,Privada,7,,,Sem risco,Alto,Alta,Médio,Alto
RA-246,7E,7E,Aluno-246,,15.0,Masculino,2022,Privada *Parcerias com Bolsa 100%,Quartzo,4.7404,0.0,8.334,0.0,6.57,Não informado,0.0,0.0,0.0,0.0,,,7.5,10.0,Fase 5 (1° EM),2,7.5,2024,Privada,7,,,Sem risco,Baixo,Média,Médio,Baixo
RA-1228,7E,7E,Aluno-1228,,18.0,Feminino,2021,Privada - Programa de Apadrinhamento,Quartzo,4.8761,0.0,8.751,0.0,7.51,Não informado,0.0,0.0,0.0,0.0,,,7.5,10.0,Fase 7 (3° EM),0,7.5,2024,Privada,7,,,Sem risco,Baixo,Média,Médio,Baixo
RA-1229,7E,7E,Aluno-1229,,17.0,Feminino,2021,Privada - Programa de Apadrinhamento,Quartzo,4.8238,0.0,9.168,0.0,6.57,Não informado,0.0,0.0,0.0,0.0,,,7.5,10.0,Fase 7 (3° EM),0,7.5,2024,Privada,7,,,Sem risco,Baixo,Alta,Médio,Baixo
RA-98,7E,7E,Aluno-98,,16.0,Feminino,2021,Privada *Parcerias com Bolsa 100%,Topázio,8.61745,0.0,9.585,9.546,7.1975,Não informado,8.9,9.2,8.9,8.6,,,7.5,10.0,Fase 6 (2° EM),1,7.5,2024,Privada,7,,,Sem risco,Alto,Alta,Médio,Alto
RA-277,7E,7E,Aluno-277,,16.0,Masculino,2021,Privada *Parcerias com Bolsa 100%,Topázio,8.0689833334,0.0,8.334,9.741666667,6.5725,Não informado,6.9,6.5,8.15,6.05,,,7.5,10.0,Fase 5 (1° EM),2,7.5,2024,Privada,7,,,Sem risco,Alto,Média,Médio,Alto
RA-172,7E,7E,Aluno-172,,16.0,Feminino,2021,Privada - Programa de Apadrinhamento,Topázio,8.12876666666667,0.0,8.751,9.8,6.57,Não informado,6.93333333333333,6.7,7.7,6.4,,,7.5,10.0,Fase 6 (2° EM),1,7.5,2024,Privada,7,,,Sem risco,Alto,Média,Médio,Alto
RA-291,7E,7E,Aluno-291,,15.0,Masculino,2022,Privada - Programa de Apadrinhamento,Ametista,7.93196666673333,0.0,8.751,9.737666667,6.26,Não informado,6.16666666666667,6.0,6.5,6.0,,,7.5,10.0,Fase 5 (1° EM),2,7.5,2024,Privada,7,,,Sem risco,Alto,Média,Médio,Alto
RA-86,7E,7E,Aluno-86,,18.0,Masculino,2021,Privada *Parcerias com Bolsa 100%,Ametista,7.61123333326667,0.0,6.667,9.704333333,6.57,Não informado,5.48333333333333,6.35,6.3,3.8,,,7.5,10.0,Fase 7 (3° EM),0,7.5,2024,Privada,7,,,Sem risco,Alto,Baixa,Médio,Médio
RA-143,7E,7E,Aluno-143,,15.0,Masculino,2021,Privada - Programa de Apadrinhamento,Ametista,7.44936666666667,0.0,10.002,9.92,6.885,Não informado,2.63333333333333,0.0,0.0,7.9,,,7.5,10.0,Fase 5 (1° EM),2,7.5,2024,Privada,7,,,Sem risco,Alto,Alta,Médio,Médio
RA-166,7E,7E,Aluno-166,,16.0,Masculino,2021,Privada *Parcerias com Bolsa 100%,Topázio,8.24318333333333,0.0,8.334,9.246,6.5725,Não informado,8.26666666666667,8.2,7.8,8.8,,,7.5,10.0,Fase 6 (2° EM),1,7.5,2024,Privada,7,,,Sem risco,Alto,Média,Médio,Alto
RA-191,7E,7E,Aluno-191,,15.0,Masculino,2021,Privada *Parcerias com Bolsa 100%,Ametista,7.7887,0.0,7.5,9.571,5.945,Não informado,6.4,6.0,6.9,6.3,,,7.5,10.0,Fase 5 (1° EM),2,7.5,2024,Privada,7,,,Sem risco,Alto,Baixa,Baixo,Alto
RA-1236,8A,8A,Aluno-1236,,22.0,Feminino,2021,Privada,,,0.0,,0.0,,Não informado,,,,,,,,10.0,Fase 8 (Universitários),0,,2024,Privada,8,,,Sem risco,Baixo,,,
RA-1234,8A,8A,Aluno-1234,,21.0,Feminino,2021,Privada,,,0.0,,0.0,,Não informado,,,,,,,,10.0,Fase 8 (Universitários),0,,2024,Privada,8,,,Sem risco,Baixo,,,
RA-1633,8B,8B,Aluno-1633,,21.0,Masculino,2021,Privada,,,0.0,,0.0,,Não informado,,,,,,,,10.0,Fase 8 (Universitários),0,,2024,Privada,8,,,Sem risco,Baixo,,,
RA-1248,8B,8B,Aluno-1248,,21.0,Masculino,2021,Privada,,,0.0,,0.0,,Não informado,,,,,,,,10.0,Fase 8 (Universitários),0,,2024,Privada,8,,,Sem risco,Baixo,,,
RA-1246,8B,8B,Aluno-1246,,21.0,Feminino,2021,Privada,,,0.0,,0.0,,Não informado,,,,,,,,10.0,Fase 8 (Universitários),0,,2024,Privada,8,,,Sem risco,Baixo,,,
RA-1245,8B,8B,Aluno-1245,,21.0,Masculino,2021,Privada,,,0.0,,0.0,,Não informado,,,,,,,,10.0,Fase 8 (Universitários),0,,2024,Privada,8,,,Sem risco,Baixo,,,
RA-1244,8B,8B,Aluno-1244,,21.0,Feminino,2021,Privada,,,0.0,,0.0,,Não informado,,,,,,,,10.0,Fase 8 (Universitários),0,,2024,Privada,8,,,Sem risco,Baixo,,,
RA-1634,8B,8B,Aluno-1634,,21.0,Feminino,2021,Privada,,,0.0,,0.0,,Não informado,,,,,,,,10.0,Fase 8 (Universitários),0,,2024,Privada,8,,,Sem risco,Baixo,,,
RA-1242,8B,8B,Aluno-1242,,20.0,Feminino,2021,Privada,,,0.0,,0.0,,Não informado,,,,,,,,10.0,Fase 8 (Universitários),0,,2024,Privada,8,,,Sem risco,Baixo,,,
RA-1250,8B,8B,Aluno-1250,,21.0,Masculino,2021,Privada - Pagamento por *Empresa Parceira,,,0.0,,0.0,,Não informado,,,,,,,,10.0,Fase 8 (Universitários),0,,2024,Privada,8,,,Sem risco,Baixo,,,
RA-1241,8B,8B,Aluno-1241,,21.0,Feminino,2021,Privada,,,0.0,,0.0,,Não informado,,,,,,,,10.0,Fase 8 (Universitários),0,,2024,Privada,8,,,Sem risco,Baixo,,,
RA-1240,8B,8B,Aluno-1240,,21.0,Masculino,2021,Privada,,,0.0,,0.0,,Não informado,,,,,,,,10.0,Fase 8 (Universitários),0,,2024,Privada,8,,,Sem risco,Baixo,,,
RA-1249,8B,8B,Aluno-1249,,27.0,Masculino,2021,Privada,,,0.0,,0.0,,Não informado,,,,,,,,10.0,Fase 8 (Universitários),0,,2024,Privada,8,,,Sem risco,Baixo,,,
RA-1239,8B,8B,Aluno-1239,,21.0,Feminino,2021,Privada - Pagamento por *Empresa Parceira,,,0.0,,0.0,,Não informado,,,,,,,,10.0,Fase 8 (Universitários),0,,2024,Privada,8,,,Sem risco,Baixo,,,
RA-1251,8B,8B,Aluno-1251,,21.0,Feminino,2021,Privada,,,0.0,,0.0,,Não informado,,,,,,,,10.0,Fase 8 (Universitários),0,,2024,Privada,8,,,Sem risco,Baixo,,,
RA-1264,8D,8D,Aluno-1264,,21.0,Feminino,2021,Privada,,,0.0,,0.0,,Não informado,,,,,,,,10.0,Fase 8 (Universitários),0,,2024,Privada,8,,,Sem risco,Baixo,,,
RA-1263,8D,8D,Aluno-1263,,21.0,Feminino,2021,Privada *Parcerias com Bolsa 100%,,,0.0,,0.0,,Não informado,,,,,,,,10.0,Fase 8 (Universitários),0,,2024,Privada,8,,,Sem risco,Baixo,,,
RA-1262,8D,8D,Aluno-1262,,20.0,Feminino,2021,Privada,,,0.0,,0.0,,Não informado,,,,,,,,10.0,Fase 8 (Universitários),0,,2024,Privada,8,,,Sem risco,Baixo,,,
RA-1261,8D,8D,Aluno-1261,,20.0,Feminino,2021,Privada,,,0.0,,0.0,,Não informado,,,,,,,,10.0,Fase 8 (Universitários),0,,2024,Privada,8,,,Sem risco,Baixo,,,
RA-1259,8D,8D,Aluno-1259,,20.0,Feminino,2021,Privada,,,0.0,,0.0,,Não informado,,,,,,,,10.0,Fase 8 (Universitários),0,,2024,Privada,8,,,Sem risco,Baixo,,,
RA-1257,8D,8D,Aluno-1257,,19.0,Masculino,2021,Privada,,,0.0,,0.0,,Não informado,,,,,,,,10.0,Fase 8 (Universitários),0,,2024,Privada,8,,,Sem risco,Baixo,,,
RA-1256,8D,8D,Aluno-1256,,19.0,Feminino,2021,Privada,,,0.0,,0.0,,Não informado,,,,,,,,10.0,Fase 8 (Universitários),0,,2024,Privada,8,,,Sem risco,Baixo,,,
RA-1265,8D,8D,Aluno-1265,,21.0,Masculino,2022,Pública,,,0.0,,0.0,,Não informado,,,,,,,,10.0,Fase 8 (Universitários),0,,2024,Pública,8,,,Sem risco,Baixo,,,
RA-1255,8D,8D,Aluno-1255,,20.0,Masculino,2021,Privada,,,0.0,,0.0,,Não informado,,,,,,,,10.0,Fase 8 (Universitários),0,,2024,Privada,8,,,Sem risco,Baixo,,,
RA-13,8D,8D,Aluno-13,,19.0,Masculino,2021,Privada *Parcerias com Bolsa 100%,,,0.0,,0.0,,Não informado,,,,,,,,10.0,Fase 8 (Universitários),0,,2024,Privada,8,,,Sem risco,Baixo,,,
RA-1253,8D,8D,Aluno-1253,,24.0,Feminino,2021,Privada,,,0.0,,0.0,,Não informado,,,,,,,,10.0,Fase 8 (Universitários),0,,2024,Privada,8,,,Sem risco,Baixo,,,
RA-1635,8D,8D,Aluno-1635,,20.0,Feminino,2021,Privada,,,0.0,,0.0,,Não informado,,,,,,,,10.0,Fase 8 (Universitários),0,,2024,Privada,8,,,Sem risco,Baixo,,,
RA-1273,8E,8E,Aluno-1273,,18.0,Feminino,2023,Privada *Parcerias com Bolsa 100%,,,0.0,,0.0,,Não informado,,,,,,,,10.0,Fase 8 (Universitários),0,,2024,Privada,8,,,Sem risco,Baixo,,,
RA-14,8E,8E,Aluno-14,,22.0,Masculino,2022,Privada *Parcerias com Bolsa 100%,,,0.0,,0.0,,Não informado,,,,,,,,10.0,Fase 8 (Universitários),0,,2024,Privada,8,,,Sem risco,Baixo,,,
RA-1271,8E,8E,Aluno-1271,,19.0,Feminino,2021,Privada *Parcerias com Bolsa 100%,,,0.0,,0.0,,Não informado,,,,,,,,10.0,Fase 8 (Universitários),0,,2024,Privada,8,,,Sem risco,Baixo,,,
RA-1,8E,8E,Aluno-1,,21.0,Feminino,2021,Privada *Parcerias com Bolsa 100%,,,0.0,,0.0,,Não informado,,,,,,,,10.0,Fase 8 (Universitários),0,,2024,Privada,8,,,Sem risco,Baixo,,,
RA-1270,8E,8E,Aluno-1270,,20.0,Feminino,2021,Privada - Pagamento por *Empresa Parceira,,,0.0,,0.0,,Não informado,,,,,,,,10.0,Fase 8 (Universitários),0,,2024,Privada,8,,,Sem risco,Baixo,,,
RA-1274,8E,8E,Aluno-1274,,19.0,Feminino,2021,Privada - Pagamento por *Empresa Parceira,,,0.0,,0.0,,Não informado,,,,,,,,10.0,Fase 8 (Universitários),0,,2024,Privada,8,,,Sem risco,Baixo,,,
RA-23,8E,8E,Aluno-23,,19.0,Masculino,2021,Privada *Parcerias com Bolsa 100%,,,0.0,,0.0,,Não informado,,,,,,,,10.0,Fase 8 (Universitários),0,,2024,Privada,8,,,Sem risco,Baixo,,,
RA-2,8E,8E,Aluno-2,,19.0,Feminino,2021,Privada *Parcerias com Bolsa 100%,,,0.0,,0.0,,Não informado,,,,,,,,10.0,Fase 8 (Universitários),0,,2024,Privada,8,,,Sem risco,Baixo,,,
RA-25,8E,8E,Aluno-25,,19.0,Feminino,2021,Privada *Parcerias com Bolsa 100%,,,0.0,,0.0,,Não informado,,,,,,,,10.0,Fase 8 (Universitários),0,,2024,Privada,8,,,Sem risco,Baixo,,,
RA-1272,8E,8E,Aluno-1272,,20.0,Feminino,2021,Privada *Parcerias com Bolsa 100%,,,0.0,,0.0,,Não informado,,,,,,,,10.0,Fase 8 (Universitários),0,,2024,Privada,8,,,Sem risco,Baixo,,,
RA-6,8E,8E,Aluno-6,,20.0,Feminino,2021,Privada *Parcerias com Bolsa 100%,,,0.0,,0.0,,Não informado,,,,,,,,10.0,Fase 8 (Universitários),0,,2024,Privada,8,,,Sem risco,Baixo,,,
RA-29,8E,8E,Aluno-29,,19.0,Masculino,2022,Privada - Pagamento por *Empresa Parceira,,,0.0,,0.0,,Não informado,,,,,,,,10.0,Fase 8 (Universitários),0,,2024,Privada,8,,,Sem risco,Baixo,,,
RA-17,8E,8E,Aluno-17,,22.0,Masculino,2022,Privada - Pagamento por *Empresa Parceira,,,0.0,,0.0,,Não informado,,,,,,,,10.0,Fase 8 (Universitários),0,,2024,Privada,8,,,Sem risco,Baixo,,,
RA-7,8E,8E,Aluno-7,,20.0,Masculino,2021,Privada *Parcerias com Bolsa 100%,,,0.0,,0.0,,Não informado,,,,,,,,10.0,Fase 8 (Universitários),0,,2024,Privada,8,,,Sem risco,Baixo,,,
RA-31,8E,8E,Aluno-31,,19.0,Feminino,2021,Privada *Parcerias com Bolsa 100%,,,0.0,,0.0,,Não informado,,,,,,,,10.0,Fase 8 (Universitários),0,,2024,Privada,8,,,Sem risco,Baixo,,,
RA-1269,8E,8E,Aluno-1269,,19.0,Feminino,2021,Privada - Pagamento por *Empresa Parceira,,,0.0,,0.0,,Não informado,,,,,,,,10.0,Fase 8 (Universitários),0,,2024,Privada,8,,,Sem risco,Baixo,,,
RA-12,8E,8E,Aluno-12,,19.0,Feminino,2021,Privada *Parcerias com Bolsa 100%,,,0.0,,0.0,,Não informado,,,,,,,,10.0,Fase 8 (Universitários),0,,2024,Privada,8,,,Sem risco,Baixo,,,
RA-35,8E,8E,Aluno-35,,19.0,Feminino,2021,Privada *Parcerias com Bolsa 100%,,,0.0,,0.0,,Não informado,,,,,,,,10.0,Fase 8 (Universitários),0,,2024,Privada,8,,,Sem risco,Baixo,,,
RA-1636,8E,8E,Aluno-1636,,20.0,Feminino,2021,Privada,,,0.0,,0.0,,Não informado,,,,,,,,10.0,Fase 8 (Universitários),0,,2024,Privada,8,,,Sem risco,Baixo,,,
RA-88,8E,8E,Aluno-88,,19.0,Masculino,2021,Privada *Parcerias com Bolsa 100%,,,0.0,,0.0,,Não informado,,,,,,,,10.0,Fase 8 (Universitários),0,,2024,Privada,8,,,Sem risco,Baixo,,,
RA-36,8E,8E,Aluno-36,,19.0,Feminino,2021,Privada *Parcerias com Bolsa 100%,,,0.0,,0.0,,Não informado,,,,,,,,10.0,Fase 8 (Universitários),0,,2024,Privada,8,,,Sem risco,Baixo,,,
RA-21,8E,8E,Aluno-21,,20.0,Masculino,2022,Privada - Pagamento por *Empresa Parceira,,,0.0,,0.0,,Não informado,,,,,,,,10.0,Fase 8 (Universitários),0,,2024,Privada,8,,,Sem risco,Baixo,,,
RA-49,8E,8E,Aluno-49,,19.0,Feminino,2022,Privada - Pagamento por *Empresa Parceira,,,0.0,,0.0,,Não informado,,,,,,,,10.0,Fase 8 (Universitários),0,,2024,Privada,8,,,Sem risco,Baixo,,,
RA-1225,8F,8F,Aluno-1225,,19.0,Feminino,2021,Privada *Parcerias com Bolsa 100%,,,0.0,,0.0,,Não informado,,,,,,,,10.0,Fase 8 (Universitários),0,,2024,Privada,8,,,Sem risco,Baixo,,,
RA-1221,8F,8F,Aluno-1221,,23.0,Feminino,2023,Concluiu o 3º EM,,,0.0,,0.0,,Não informado,8.0,7.0,7.0,10.0,,,,10.0,Fase 8 (Universitários),0,,2024,Concluído,8,,,Sem risco,Baixo,,,
RA-26,8F,8F,Aluno-26,,19.0,Masculino,2022,Privada *Parcerias com Bolsa 100%,,,0.0,,0.0,,Não informado,,,,,,,,10.0,Fase 8 (Universitários),0,,2024,Privada,8,,,Sem risco,Baixo,,,
RA-27,8F,8F,Aluno-27,,18.0,Masculino,2021,Privada *Parcerias com Bolsa 100%,,,0.0,,0.0,,Não informado,,,,,,,,10.0,Fase 8 (Universitários),0,,2024,Privada,8,,,Sem risco,Baixo,,,
RA-155,8F,8F,Aluno-155,,18.0,Masculino,2022,Privada *Parcerias com Bolsa 100%,,,0.0,,0.0,,Não informado,,,,,,,,10.0,Fase 8 (Universitários),0,,2024,Privada,8,,,Sem risco,Baixo,,,
RA-96,8F,8F,Aluno-96,,18.0,Masculino,2021,Concluiu o 3º EM,,,0.0,,0.0,,Não informado,,,,,,,,10.0,Fase 8 (Universitários),0,,2024,Concluído,8,,,Sem risco,Baixo,,,
RA-59,8F,8F,Aluno-59,,19.0,Masculino,2022,Privada *Parcerias com Bolsa 100%,,,0.0,,0.0,,Não informado,,,,,,,,10.0,Fase 8 (Universitários),0,,2024,Privada,8,,,Sem risco,Baixo,,,
RA-1216,8F,8F,Aluno-1216,,20.0,Feminino,2023,Privada *Parcerias com Bolsa 100%,,,0.0,,0.0,,Não informado,,,,,,,,10.0,Fase 8 (Universitários),0,,2024,Privada,8,,,Sem risco,Baixo,,,
RA-19,8F,8F,Aluno-19,,20.0,Feminino,2022,Privada *Parcerias com Bolsa 100%,,,0.0,,0.0,,Não informado,,,,,,,,10.0,Fase 8 (Universitários),0,,2024,Privada,8,,,Sem risco,Baixo,,,
RA-62,8F,8F,Aluno-62,,18.0,Feminino,2022,Privada *Parcerias com Bolsa 100%,,,0.0,,0.0,,Não informado,,,,,,,,10.0,Fase 8 (Universitários),0,,2024,Privada,8,,,Sem risco,Baixo,,,
RA-173,8F,8F,Aluno-173,,18.0,Masculino,2021,Privada *Parcerias com Bolsa 100%,,,0.0,,0.0,,Não informado,,,,,,,,10.0,Fase 8 (Universitários),0,,2024,Privada,8,,,Sem risco,Baixo,,,
RA-38,8F,8F,Aluno-38,,18.0,Feminino,2021,Privada - Programa de Apadrinhamento,,,0.0,,0.0,,Não informado,,,,,,,,10.0,Fase 8 (Universitários),0,,2024,Privada,8,,,Sem risco,Baixo,,,
RA-1224,8F,8F,Aluno-1224,,21.0,Masculino,2023,Concluiu o 3º EM,,,0.0,,0.0,,Não informado,,,,,,,,10.0,Fase 8 (Universitários),0,,2024,Concluído,8,,,Sem risco,Baixo,,,
RA-39,8F,8F,Aluno-39,,18.0,Feminino,2021,Privada *Parcerias com Bolsa 100%,,,0.0,,0.0,,Não informado,,,,,,,,10.0,Fase 8 (Universitários),0,,2024,Privada,8,,,Sem risco,Baixo,,,
RA-1637,9,9,Aluno-1637,,23.0,Masculino,2021,Privada,,,0.0,,0.0,,Não informado,,,,,,,,10.0,Fase 8 (Universitários),1,,2024,Privada,9,,,Sem risco,Baixo,,,
RA-1638,9,9,Aluno-1638,,22.0,Feminino,2021,Bolsista Universitário *Formado (a),,,0.0,,0.0,,Não informado,,,,,,,,10.0,Fase 8 (Universitários),1,,2024,Universitário,9,,,Sem risco,Baixo,,,
RA-1268,9,9,Aluno-1268,,20.0,Masculino,2021,Privada,,,0.0,,0.0,,Não informado,,,,,,,,10.0,Fase 8 (Universitários),1,,2024,Privada,9,,,Sem risco,Baixo,,,
RA-1260,9,9,Aluno-1260,,20.0,Masculino,2021,Privada,,,0.0,,0.0,,Não informado,,,,,,,,10.0,Fase 8 (Universitários),1,,2024,Privada,9,,,Sem risco,Baixo,,,
RA-1639,9,9,Aluno-1639,,21.0,Masculino,2021,Bolsista Universitário *Formado (a),,,0.0,,0.0,,Não informado,,,,,,,,10.0,Fase 8 (Universitários),1,,2024,Universitário,9,,,Sem risco,Baixo,,,
RA-1640,9,9,Aluno-1640,,23.0,Feminino,2021,Privada,,,0.0,,0.0,,Não informado,,,,,,,,10.0,Fase 8 (Universitários),1,,2024,Privada,9,,,Sem risco,Baixo,,,
RA-1641,9,9,Aluno-1641,,21.0,Masculino,2021,Privada,,,0.0,,0.0,,Não informado,,,,,,,,10.0,Fase 8 (Universitários),1,,2024,Privada,9,,,Sem risco,Baixo,,,
RA-1266,9,9,Aluno-1266,,20.0,Feminino,2021,Privada,,,0.0,,0.0,,Não informado,,,,,,,,10.0,Fase 8 (Universitários),1,,2024,Privada,9,,,Sem risco,Baixo,,,
RA-1642,9,9,Aluno-1642,,23.0,Masculino,2021,Bolsista Universitário *Formado (a),,,0.0,,0.0,,Não informado,,,,,,,,10.0,Fase 8 (Universitários),1,,2024,Universitário,9,,,Sem risco,Baixo,,,
RA-1258,9,9,Aluno-1258,,25.0,Masculino,2021,Privada,,,0.0,,0.0,,Não informado,,,,,,,,10.0,Fase 8 (Universitários),1,,2024,Privada,9,,,Sem risco,Baixo,,,
RA-1235,9,9,Aluno-1235,,22.0,Masculino,2021,Privada,,,0.0,,0.0,,Não informado,,,,,,,,10.0,Fase 8 (Universitários),1,,2024,Privada,9,,,Sem risco,Baixo,,,
RA-1643,9,9,Aluno-1643,,22.0,Masculino,2021,Privada,,,0.0,,0.0,,Não informado,,,,,,,,10.0,Fase 8 (Universitários),1,,2024,Privada,9,,,Sem risco,Baixo,,,
RA-1644,9,9,Aluno-1644,,21.0,Masculino,2021,Bolsista Universitário *Formado (a),,,0.0,,0.0,,Não informado,,,,,,,,10.0,Fase 8 (Universitários),1,,2024,Universitário,9,,,Sem risco,Baixo,,,
RA-1645,9,9,Aluno-1645,,23.0,Masculino,2021,Privada,,,0.0,,0.0,,Não informado,,,,,,,,10.0,Fase 8 (Universitários),1,,2024,Privada,9,,,Sem risco,Baixo,,,
RA-1646,9,9,Aluno-1646,,21.0,Masculino,2021,Bolsista Universitário *Formado (a),,,0.0,,0.0,,Não informado,,,,,,,,10.0,Fase 8 (Universitários),1,,2024,Universitário,9,,,Sem risco,Baixo,,,
RA-1647,9,9,Aluno-1647,,22.0,Feminino,2021,Privada,,,0.0,,0.0,,Não informado,,,,,,,,10.0,Fase 8 (Universitários),1,,2024,Privada,9,,,Sem risco,Baixo,,,
RA-1237,9,9,Aluno-1237,,22.0,Feminino,2021,Privada *Parcerias com Bolsa 100%,,,0.0,,0.0,,Não informado,,,,,,,,10.0,Fase 8 (Universitários),1,,2024,Privada,9,,,Sem risco,Baixo,,,
RA-1648,9,9,Aluno-1648,,22.0,Masculino,2021,Bolsista Universitário *Formado (a),,,0.0,,0.0,,Não informado,,,,,,,,10.0,Fase 8 (Universitários),1,,2024,Universitário,9,,,Sem risco,Baixo,,,
RA-1649,9,9,Aluno-1649,,23.0,Masculino,2021,Privada,,,0.0,,0.0,,Não informado,,,,,,,,10.0,Fase 8 (Universitários),1,,2024,Privada,9,,,Sem risco,Baixo,,,
RA-1650,9,9,Aluno-1650,,22.0,Masculino,2021,Privada,,,0.0,,0.0,,Não informado,,,,,,,,10.0,Fase 8 (Universitários),1,,2024,Privada,9,,,Sem risco,Baixo,,,
RA-1651,9,9,Aluno-1651,,22.0,Masculino,2021,Bolsista Universitário *Formado (a),,,0.0,,0.0,,Não informado,,,,,,,,10.0,Fase 8 (Universitários),1,,2024,Universitário,9,,,Sem risco,Baixo,,,
RA-1652,9,9,Aluno-1652,,22.0,Feminino,2021,Privada,,,0.0,,0.0,,Não informado,,,,,,,,10.0,Fase 8 (Universitários),1,,2024,Privada,9,,,Sem risco,Baixo,,,
RA-1653,9,9,Aluno-1653,,20.0,Masculino,2021,Bolsista Universitário *Formado (a),,,0.0,,0.0,,Não informado,,,,,,,,10.0,Fase 8 (Universitários),1,,2024,Universitário,9,,,Sem risco,Baixo,,,
RA-1654,9,9,Aluno-1654,,22.0,Masculino,2021,Bolsista Universitário *Formado (a),,,0.0,,0.0,,Não informado,,,,,,,,10.0,Fase 8 (Universitários),1,,2024,Universitário,9,,,Sem risco,Baixo,,,
RA-1655,9,9,Aluno-1655,,21.0,Feminino,2022,Privada,,,0.0,,0.0,,Não informado,,,,,,,,10.0,Fase 8 (Universitários),1,,2024,Privada,9,,,Sem risco,Baixo,,,
RA-1656,9,9,Aluno-1656,,22.0,Masculino,2021,Privada,,,0.0,,0.0,,Não informado,,,,,,,,10.0,Fase 8 (Universitários),1,,2024,Privada,9,,,Sem risco,Baixo,,,
RA-1254,9,9,Aluno-1254,,20.0,Masculino,2021,Privada,,,0.0,,0.0,,Não informado,,,,,,,,10.0,Fase 8 (Universitários),1,,2024,Privada,9,,,Sem risco,Baixo,,,
RA-1233,9,9,Aluno-1233,,23.0,Feminino,2021,Privada,,,0.0,,0.0,,Não informado,,,,,,,,10.0,Fase 8 (Universitários),1,,2024,Privada,9,,,Sem risco,Baixo,,,
RA-1232,9,9,Aluno-1232,,22.0,Masculino,2021,Privada,,,0.0,,0.0,,Não informado,,,,,,,,10.0,Fase 8 (Universitários),1,,2024,Privada,9,,,Sem risco,Baixo,,,
RA-1231,9,9,Aluno-1231,,23.0,Masculino,2021,Privada,,,0.0,,0.0,,Não informado,,,,,,,,10.0,Fase 8 (Universitários),1,,2024,Privada,9,,,Sem risco,Baixo,,,
RA-1238,9,9,Aluno-1238,,22.0,Feminino,2021,Privada,,,0.0,,0.0,,Não informado,,,,,,,,10.0,Fase 8 (Universitários),1,,2024,Privada,9,,,Sem risco,Baixo,,,
RA-1267,9,9,Aluno-1267,,23.0,Feminino,2021,Privada,,,0.0,,0.0,,Não informado,,,,,,,,10.0,Fase 8 (Universitários),1,,2024,Privada,9,,,Sem risco,Baixo,,,
RA-1657,9,9,Aluno-1657,,20.0,Masculino,2021,Bolsista Universitário *Formado (a),,,0.0,,0.0,,Não informado,,,,,,,,10.0,Fase 8 (Universitários),1,,2024,Universitário,9,,,Sem risco,Baixo,,,
RA-1658,9,9,Aluno-1658,,21.0,Masculino,2021,Privada,,,0.0,,0.0,,Não informado,,,,,,,,10.0,Fase 8 (Universitários),1,,2024,Privada,9,,,Sem risco,Baixo,,,
RA-1659,9,9,Aluno-1659,,21.0,Masculino,2021,Bolsista Universitário *Formado (a),,,0.0,,0.0,,Não informado,,,,,,,,10.0,Fase 8 (Universitários),1,,2024,Universitário,9,,,Sem risco,Baixo,,,
RA-1252,9,9,Aluno-1252,,22.0,Feminino,2021,Privada,,,0.0,,0.0,,Não informado,,,,,,,,10.0,Fase 8 (Universitários),1,,2024,Privada,9,,,Sem risco,Baixo,,,
RA-1660,9,9,Aluno-1660,,24.0,Feminino,2021,Bolsista Universitário *Formado (a),,,0.0,,0.0,,Não informado,,,,,,,,10.0,Fase 8 (Universitários),1,,2024,Universitário,9,,,Sem risco,Baixo,,,
RA-1661,9,9,Aluno-1661,,21.0,Feminino,2021,Bolsista Universitário *Formado (a),,,0.0,,0.0,,Não informado,,,,,,,,10.0,Fase 8 (Universitários),1,,2024,Universitário,9,,,Sem risco,Baixo,,,
